<?xml version="1.0" encoding="UTF-8" ?>
<Project xmlns="http://schemas.projectwizards.net/merlin" xmlns:xsi="http://www.w3.org/2001/XMLSchema-instance" id="4Limck74QQeKSI6gu83ocw">
    <title>Nouveau site web</title>
    <meta>
        <product name="project" version="3.0.0.SCM_REVISION"/>
        <system name="OSX" version="Version 10.9.4 (Build 13E28)"/>
    </meta>
    <currencySymbol value="$"/>
    <currencySymbolPosition value="beforeAmount"/>
    <hoursPerDay value="8"/>
    <hoursPerWeek value="40"/>
    <daysPerMonth value="20"/>
    <ensuresUniqueWBSCodes value="true"/>
    <autocreatesWBSCodes value="true"/>
    <defaultWork amount="1" unit="day" estimated="true" resolvedAmount="28800" resolvedEstimated="true"/>
    <schedulingDirection value="forward"/>
    <givenStatusDate value="2014-07-31T00:00:00"/>
    <firstDayOfWeek value="sunday"/>
    <dynamicPlanningMode value="off"/>
    <dynamicPlanningGranularityUnit value="day"/>
    <resourceLeveling>
        <incremental value="false"/>
        <granularity value="day"/>
        <order value="standard"/>
        <onlyWithinSlack value="false"/>
        <allowLevelingOfAssignments value="false"/>
    </resourceLeveling>
    <Resource id="AQzHdoU-SymJQfhAZXn7AQ">
        <costAccrual value="prorated"/>
        <isUser value="true"/>
        <availableUnits amount="1" resolvedAmount="1"/>
        <ResourceCalendar>
            <baseCalendar idref="awk9ZfwYTSycLZgO0zA2Xw"/>
        </ResourceCalendar>
        <baseCostType value="perProject"/>
        <givenPermissionForActivities value="readWrite"/>
        <givenPermissionForResources value="readWrite"/>
        <givenPermissionForAssignments value="readWrite"/>
        <givenPermissionForAttachments value="readWrite"/>
        <givenPermissionForDataFromOthers value="readWrite"/>
        <givenPermissionForFinancialData value="readWrite"/>
        <givenPermissionForActualValues value="readWrite"/>
        <givenPermissionForUsers value="readWrite"/>
        <givenPermissionForSettings value="readWrite"/>
        <Exporter id="3IxSdPBISzW83vuIr-aS4Q">
            <type identifier="net.projectwizards.merlin.exporter.ical"/>
            <attributes>
                <fileType value="com.apple.ical.ics"/>
                <withActivities value="false"/>
                <activitiesStartDateKey value="expectedStartDate"/>
                <activitiesEndDateKey value="expectedEndDate"/>
                <activitiesLocationKey value="subtitle1"/>
                <activitiesNotesKey value="objectDescription"/>
                <activitiesDueDateKey value="expectedEndDate"/>
                <activitiesCompletionDateKey value="actualEndDate"/>
                <activitiesType value="allDayEvents"/>
                <withAssignments value="false"/>
                <assignmentsStartDateKey value="expectedStartDate"/>
                <assignmentsEndDateKey value="expectedEndDate"/>
                <assignmentsLocationKey value="subtitle1"/>
                <assignmentsNotesKey value="objectDescription"/>
                <assignmentsDueDateKey value="expectedEndDate"/>
                <assignmentsCompletionDateKey value="actualEndDate"/>
                <assignmentsType value="allDayEvents"/>
                <withEvents value="false"/>
                <eventsStartDateKey value="startDate"/>
                <eventsEndDateKey value="endDate"/>
                <eventsLocationKey value="subtitle1"/>
                <eventsNotesKey value="objectDescription"/>
            </attributes>
        </Exporter>
        <Exporter id="BZPmZSkdThGta2uWZeBYKQ">
            <type identifier="net.projectwizards.merlin.exporter.image"/>
            <attributes>
                <fileType value="com.adobe.pdf"/>
                <lossyCompressionQuality value="1"/>
                <ganttViewParts value="ganttChart"/>
                <showsShadows value="true"/>
                <showsGradients value="true"/>
                <showsBackground value="true"/>
                <showsWatermark value="true"/>
                <resolution value="90"/>
            </attributes>
        </Exporter>
        <Exporter id="WKKomnfrS_-tjdq75mLCOA">
            <type identifier="net.projectwizards.merlin.exporter.xml"/>
            <attributes>
                <fileType value="net.projectwizards.merlinproject.xml"/>
                <includeActualValues value="true"/>
                <includeUsersAndPasswords value="true"/>
                <includeUIConfigurations value="true"/>
                <includeRootConstraintDates value="true"/>
                <exportsMedia value="true"/>
            </attributes>
        </Exporter>
    </Resource>
    <Resource id="azj_IHY0QeuBOAqnxHJywg">
        <title>Client</title>
        <Cost id="GlG7mdwWTNaoz6gRbULWRw">
            <title value="New Cost"/>
            <plannedAmount value="0"/>
            <isBillable value="false"/>
        </Cost>
        <costAccrual value="prorated"/>
        <isUser value="false"/>
        <initials value="c"/>
        <type value="person"/>
        <availableUnits amount="1" resolvedAmount="1"/>
        <role idref="d18aJarySJqcUxWp6feFDg"/>
        <ResourceCalendar/>
        <baseCostType value="perProject"/>
    </Resource>
    <Resource id="x0ASn4MyTs-gRvnK1oBFWg">
        <title>Créateur</title>
        <Cost id="UtBlVf2CR2OJOkep297iGQ">
            <title value="New Cost"/>
            <plannedAmount value="0"/>
            <isBillable value="false"/>
        </Cost>
        <costAccrual value="prorated"/>
        <isUser value="false"/>
        <initials value="d"/>
        <type value="person"/>
        <availableUnits amount="1" resolvedAmount="1"/>
        <role idref="2qMZOvDdTxS-37-G62n8XQ"/>
        <ResourceCalendar/>
        <plannedStandardRate amount="50" denominatorUnit="hour" resolvedAmount="0.0138888888888889"/>
        <baseCostType value="perProject"/>
    </Resource>
    <Resource id="cVY2xiipT9CEdh92s9NzrA">
        <title>Développeur</title>
        <Cost id="f40FKIwYRCCft5ndI5w4Kg">
            <title value="New Cost"/>
            <plannedAmount value="0"/>
            <isBillable value="false"/>
        </Cost>
        <costAccrual value="prorated"/>
        <isUser value="false"/>
        <initials value="d"/>
        <type value="person"/>
        <availableUnits amount="1" resolvedAmount="1"/>
        <role idref="eESWkbvgRxWARj3yAhOIfA"/>
        <ResourceCalendar/>
        <plannedStandardRate amount="50" denominatorUnit="hour" resolvedAmount="0.0138888888888889"/>
        <baseCostType value="perProject"/>
    </Resource>
    <Resource id="ZM3D6BpjSAWUNVSE06oe5w">
        <title>Chef de produit</title>
        <Cost id="LZCw9IGbS-KQp1DnU2RJXg">
            <title value="New Cost"/>
            <plannedAmount value="0"/>
            <isBillable value="false"/>
        </Cost>
        <costAccrual value="prorated"/>
        <isUser value="false"/>
        <initials value="pm"/>
        <type value="person"/>
        <availableUnits amount="1" resolvedAmount="1"/>
        <role idref="woNPk6tPTWuTtOqtaneDEg"/>
        <ResourceCalendar/>
        <plannedStandardRate amount="50" denominatorUnit="hour" resolvedAmount="0.0138888888888889"/>
        <baseCostType value="perProject"/>
    </Resource>
    <Resource id="_gYAehExQDCRdzQtv5-k5Q">
        <title>Chef de projet</title>
        <Cost id="H-lMAooWTF2A5gqIX3whHQ">
            <title value="New Cost"/>
            <plannedAmount value="0"/>
            <isBillable value="false"/>
        </Cost>
        <costAccrual value="prorated"/>
        <isUser value="false"/>
        <initials value="pm"/>
        <type value="person"/>
        <availableUnits amount="1" resolvedAmount="1"/>
        <role idref="gZnAEJ-uTvuye8lVCsnX8A"/>
        <ResourceCalendar/>
        <plannedStandardRate amount="50" denominatorUnit="hour" resolvedAmount="0.0138888888888889"/>
        <baseCostType value="perProject"/>
    </Resource>
    <Activity id="AhhEakqcRsy5QBPdHq80CA">
        <title>Nouveau site web</title>
        <objectDescription>Ce projet peut servir dans le cadre de la création d'un nouveau site web pour un client. Bien sûr, il faudra y effectuer certains ajustements.</objectDescription>
        <costAccrual value="immediately"/>
        <givenAlignment value="asap"/>
        <givenStartDateMin value="2014-07-11T00:00:00"/>
        <requestedBudget value="20000"/>
        <budgetStatus value="approved"/>
        <approvedBudget amount="15000" resolvedAmount="15000"/>
        <resourceApprovingBudget idref="azj_IHY0QeuBOAqnxHJywg"/>
        <Activity id="bhzGUzgFSsaLJJjmX8He7g">
            <title>Début du projet</title>
            <objectDescription>Ceci définit le début du projet, c'est-à-dire le lancement. L'icône utilisée a été empruntée sur <link target="http://www.iconarchive.com/show/red-orb-alphabet-icons-by-iconarchive.html">http://www.iconarchive.com/show/red-orb-alphabet-icons-by-iconarchive.html.</link></objectDescription>
            <media attr="Media" name="Exclamation-mark-icon.png" size="1684" digest="31e647ff0e0e6ecfb74de786bbed102bf222b214" type="public.png" created="2014-08-11T11:01:19" modified="2014-08-11T11:01:19" URL="media/Exclamation-mark-icon.png">
                <metadata>
                    <PixelHeight value="24" type="number"/>
                    <PixelWidth value="24" type="number"/>
                </metadata>
            </media>
            <tags idrefs="7Vabr5nsT4eqWwM7vfsHuQ"/>
            <costAccrual value="immediately"/>
            <Information id="nry6v7UpRPC-dxtMU5AtRQ">
                <title>Définir clairement le début du projet</title>
                <costAccrual value="prorated"/>
                <informationDate value="2014-07-10T21:28:30"/>
                <kind idref="o-BCIOq7QLeecNSCOa9Ltw"/>
                <status idref="f18fmOB9QJyrL2kESePt0A"/>
            </Information>
            <givenAlignment value="asap"/>
            <isMilestone value="true"/>
            <actualStartDate value="2014-07-11T00:00:00"/>
            <actualEndDate value="2014-07-11T00:00:00"/>
            <actualCompletion value="1"/>
            <Assignment id="aTswuxWeQU24uH4yrWkWqQ">
                <resource idref="azj_IHY0QeuBOAqnxHJywg"/>
                <costAccrual value="immediately"/>
            </Assignment>
            <Assignment id="2Shs-tmiTE-CF_1wkS6Onw">
                <resource idref="_gYAehExQDCRdzQtv5-k5Q"/>
                <costAccrual value="immediately"/>
            </Assignment>
            <Assignment id="q35bgxqGQlK4IYVOJHB4dg">
                <resource idref="x0ASn4MyTs-gRvnK1oBFWg"/>
                <costAccrual value="immediately"/>
            </Assignment>
            <Assignment id="n_u8KL5oTE2sRWfVAp_2AA">
                <resource idref="cVY2xiipT9CEdh92s9NzrA"/>
                <costAccrual value="immediately"/>
            </Assignment>
        </Activity>
        <Activity id="bWwXPIQhT0qb5eR11DUsfQ">
            <title>Préproduction</title>
            <objectDescription>L'icône utilisée a été empruntée sur <link target="http://www.iconarchive.com/show/red-orb-alphabet-icons-by-iconarchive.html">http://www.iconarchive.com/show/red-orb-alphabet-icons-by-iconarchive.html.</link></objectDescription>
            <media attr="Media" name="Number-1-icon.png" size="1665" digest="f9b8ef1451b75a62f0dcde50180579bfc183eb6b" type="public.png" created="2014-08-11T10:58:47" modified="2014-08-11T10:58:47" URL="media/Number-1-icon.png">
                <metadata>
                    <PixelHeight value="24" type="number"/>
                    <PixelWidth value="24" type="number"/>
                </metadata>
            </media>
            <costAccrual value="immediately"/>
            <givenAlignment value="asap"/>
            <requestedBudget value="0.1"/>
            <budgetStatus value="approved"/>
            <budgetStatusDate value="2014-07-10T21:51:17"/>
            <approvedBudget amount="0.3" fractional="true" resolvedAmount="4500"/>
            <Activity id="am42yQ1QQ1WMbuZG0tWbEQ">
                <title>Questionnaire et objectifs client</title>
                <objectDescription>
                    <par>Étudiez le questionnaire client avant la première réunion. Cette première étape permet de définir le contenu du projet. Elle est essentielle pour bien comprendre l'objectif visé par le client.</par>
                    <par/>
					<par>L'objectif du projet et le branding varient d'un client à l'autre. Le questionnaire sert de procès-verbal sur son accord ainsi que d'invitation à la prise de décisions critiques quant aux questions posées.</par>
				</objectDescription>
                <tags idrefs="68yCWoeZRkmuxcB14e9E1Q 7Vabr5nsT4eqWwM7vfsHuQ XMAM6awaT_yUjUYmz1ncHQ"/>
                <costAccrual value="immediately"/>
                <givenWork amount="1" unit="day" resolvedAmount="28800"/>
                <givenAlignment value="asap"/>
                <Assignment id="zOpGlD-OTQqYBT_KCoRNaQ">
                    <resource idref="azj_IHY0QeuBOAqnxHJywg"/>
                    <costAccrual value="immediately"/>
                    <givenWork amount="0.5" unit="fraction" resolvedAmount="14400"/>
                    <givenAlignment value="asap"/>
                    <resourceUnits amount="1" resolvedAmount="1"/>
                    <minimizesDuration value="true"/>
                    <actualStartDate value="2014-07-15T08:00:00"/>
                    <actualEndDate value="2014-07-15T12:00:00"/>
                    <actualWork amount="0.5" unit="day" resolvedAmount="14400"/>
                    <remainingWork amount="0" unit="day" resolvedAmount="0"/>
                </Assignment>
                <Assignment id="3iKZDZyoSmSwz_JSRaay3A">
                    <resource idref="_gYAehExQDCRdzQtv5-k5Q"/>
                    <costAccrual value="immediately"/>
                    <givenWork amount="0.5" unit="fraction" resolvedAmount="14400"/>
                    <givenAlignment value="asap"/>
                    <resourceUnits amount="1" resolvedAmount="1"/>
                    <minimizesDuration value="true"/>
                    <actualStartDate value="2014-07-15T08:00:00"/>
                    <actualEndDate value="2014-07-15T12:00:00"/>
                    <actualWork amount="0.5" unit="day" resolvedAmount="14400"/>
                    <remainingWork amount="0" unit="day" resolvedAmount="0"/>
                </Assignment>
            </Activity>
            <Activity id="6VSXvIVJRuqtyG1rARnUvQ">
                <title>Scénarios utilisateur</title>
                <objectDescription>Les scénarios utilisateur constituent un document définissant brièvement les profils hypothétiques des visiteurs du site web. Théoriquement, ce document comprend plusieurs descriptions de différents types d'utilisateurs représentatifs du public cible. S'il a été déterminé que le site attirera un grand nombre de visiteurs indirects, il s'impose d'inclure les scénarios adéquats. Toutefois, il est important de rester concentré sur un public direct afin d'éviter de diluer le message du site.</objectDescription>
                <tags idrefs="68yCWoeZRkmuxcB14e9E1Q XMAM6awaT_yUjUYmz1ncHQ"/>
                <costAccrual value="immediately"/>
                <Information id="S1Bsry3RRASLB6gGJ6taYA">
                    <title>Lien vers des listes de contrôle utiles pour la création de site web</title>
                    <costAccrual value="prorated"/>
                    <informationDate value="2014-07-10T21:39:33"/>
                    <URL value="http://www.smashingmagazine.com/2009/06/29/45-incredibly-useful-web-design-checklists-and-questionnaires/"/>
                    <kind idref="o-BCIOq7QLeecNSCOa9Ltw"/>
                    <status idref="f18fmOB9QJyrL2kESePt0A"/>
                </Information>
                <givenWork amount="1" unit="day" resolvedAmount="28800"/>
                <givenAlignment value="asap"/>
                <Assignment id="4XcCdt2WQN61tcJ8rl2HjA">
                    <resource idref="azj_IHY0QeuBOAqnxHJywg"/>
                    <costAccrual value="immediately"/>
                    <givenWork amount="0.5" unit="fraction" resolvedAmount="14400"/>
                    <givenAlignment value="asap"/>
                    <resourceUnits amount="1" resolvedAmount="1"/>
                    <minimizesDuration value="true"/>
                    <actualStartDate value="2014-07-15T13:00:00"/>
                    <actualEndDate value="2014-07-17T12:00:00"/>
                    <actualWork amount="2" unit="day" resolvedAmount="57600"/>
                    <remainingWork amount="0" unit="day" resolvedAmount="0"/>
                </Assignment>
                <Assignment id="Wtu4RH6xSDKAltZY-auOhw">
                    <resource idref="ZM3D6BpjSAWUNVSE06oe5w"/>
                    <costAccrual value="immediately"/>
                    <givenWork amount="0.5" unit="fraction" resolvedAmount="14400"/>
                    <givenAlignment value="asap"/>
                    <resourceUnits amount="1" resolvedAmount="1"/>
                    <minimizesDuration value="true"/>
                    <actualStartDate value="2014-07-15T13:00:00"/>
                    <actualEndDate value="2014-07-17T12:00:00"/>
                    <actualWork amount="2" unit="day" resolvedAmount="57600"/>
                    <remainingWork amount="0" unit="day" resolvedAmount="0"/>
                </Assignment>
            </Activity>
            <Activity id="5p0jF70lSKqg_POdNH1ekA">
                <title>Analyse comparative</title>
                <objectDescription>
                    <par>L'analyse comparative (ou analyse concurrentielle) est un document décrivant l'enquête menée sur des sites web ayant la même fonction que celui que vous développez pour votre client. Étudiez au moins deux ou trois sites fournissant des services similaires et ciblant le même public que votre client. Le meilleur moyen de localiser ces sites est d'effectuer une recherche sur Internet à l'aide des mots-clés décrivant le site. Cette analyse vous donnera une idée plus claire sur la marche à suivre pour développer le site et sur la position du client sur le marché. Gardez bien en tête que le public du client peut être différent du public accédant au site web.</par>
                    <par/>
                    <par>Généralement, une analyse comparative doit inclure une description de l'agence et de son site web, un découpage, une liste des aspects favorables et défavorables du site, ainsi que des captures d'écran de la page d'accueil et des pages secondaires.</par>
                </objectDescription>
                <costAccrual value="immediately"/>
                <givenWork amount="1" unit="day" resolvedAmount="28800"/>
                <givenAlignment value="asap"/>
                <Assignment id="vPgMcS1uRdSqkfzB1SzlZw">
                    <resource idref="ZM3D6BpjSAWUNVSE06oe5w"/>
                    <costAccrual value="immediately"/>
                    <givenWork amount="1" unit="fraction" resolvedAmount="28800"/>
                    <givenAlignment value="asap"/>
                    <resourceUnits amount="1" resolvedAmount="1"/>
                    <minimizesDuration value="true"/>
                    <actualStartDate value="2014-07-17T13:00:00"/>
                    <actualEndDate value="2014-07-18T12:00:00"/>
                    <actualWork amount="1" unit="day" resolvedAmount="28800"/>
                    <remainingWork amount="0" unit="day" resolvedAmount="0"/>
                </Assignment>
            </Activity>
            <Activity id="41vEESo7QJKDcBNkDc84CQ">
                <title>Caractéristiques techniques</title>
                <objectDescription>Les caractéristiques techniques constituent un document résultant de l'analyse de marché et des scénarios utilisateur ; il sert à définir les règles techniques de base pour le développement du site. Il peut s'agir des conventions de nommage de document, des spécifications des fichiers image (notamment la taille de fichier maximum) et de la structure de fichier. L'observation de ces règles réduit le risque de confusion et les problèmes causés par l'incohérence technique.</objectDescription>
                <tags idrefs="2JV5tMyRQIC4goqeP9NudQ XMAM6awaT_yUjUYmz1ncHQ"/>
                <costAccrual value="immediately"/>
                <givenWork amount="1" unit="day" resolvedAmount="28800"/>
                <givenAlignment value="asap"/>
                <Assignment id="EnTx_N9HQyGhjDdAOF3AZQ">
                    <resource idref="cVY2xiipT9CEdh92s9NzrA"/>
                    <costAccrual value="immediately"/>
                    <givenWork amount="0.5" unit="fraction" resolvedAmount="14400"/>
                    <givenAlignment value="asap"/>
                    <resourceUnits amount="1" resolvedAmount="1"/>
                    <minimizesDuration value="true"/>
                    <actualStartDate value="2014-07-18T13:00:00"/>
                    <actualEndDate value="2014-07-18T17:00:00"/>
                    <actualWork amount="0.5" unit="day" resolvedAmount="14400"/>
                    <remainingWork amount="0" unit="day" resolvedAmount="0"/>
                </Assignment>
                <Assignment id="Q1UeIFZMQ7SCn3KA4HqPRw">
                    <resource idref="ZM3D6BpjSAWUNVSE06oe5w"/>
                    <costAccrual value="immediately"/>
                    <givenWork amount="0.5" unit="fraction" resolvedAmount="14400"/>
                    <givenAlignment value="asap"/>
                    <resourceUnits amount="1" resolvedAmount="1"/>
                    <minimizesDuration value="true"/>
                    <actualStartDate value="2014-07-18T13:00:00"/>
                    <actualEndDate value="2014-07-18T17:00:00"/>
                    <actualWork amount="0.5" unit="day" resolvedAmount="14400"/>
                    <remainingWork amount="0" unit="day" resolvedAmount="0"/>
                </Assignment>
            </Activity>
            <Activity id="RdyjsjSHRX2bQqhPLVlNjg">
                <title>Élaborer la proposition de projet</title>
                <objectDescription>
					<par>La proposition de projet est le plan d'action résultant de la phase d'analyse des besoins de préproduction. La proposition (jusqu'à l'analyse incluse) est généralement sollicitée par un appel à proposition du client auprès de fournisseurs potentiels. La proposition de projet doit formuler clairement la manière dont le site web répondra aux objectifs du client, promouvra </par> 
					<par>sa marque et le positionnera sur le marché. Elle doit également comprendre une estimation détaillée du coût du projet. </par> 
                    <par> </par> 
                    <par>L'approbation du client est un document papier daté et signé par le client. Il y déclare accepter les conditions de la proposition et que toute modification exigée, de la proposition ou de tout autre document approuvé (notamment le choix du design final), aura pour conséquence la réévaluation du coût du projet en raison du temps supplémentaire nécessaire à la réalisation de ces modifications. </par>
                </objectDescription>
                <tags idrefs="7Vabr5nsT4eqWwM7vfsHuQ XMAM6awaT_yUjUYmz1ncHQ"/>
                <costAccrual value="immediately"/>
                <givenWork amount="2" unit="day" resolvedAmount="57600"/>
                <givenAlignment value="asap"/>
                <Assignment id="VTWdqeziQHulUjvQNcMziQ">
                    <resource idref="_gYAehExQDCRdzQtv5-k5Q"/>
                    <costAccrual value="prorated"/>
                    <givenWork amount="1" unit="fraction" resolvedAmount="57600"/>
                    <resourceUnits amount="1" resolvedAmount="1"/>
                    <minimizesDuration value="true"/>
                    <actualStartDate value="2014-07-21T08:00:00"/>
                    <actualWork amount="1" unit="day" resolvedAmount="28800"/>
                    <remainingWork amount="2" unit="day" resolvedAmount="57600"/>
                </Assignment>
            </Activity>
            <Activity id="TkLX5u_PSOK3lYdg5NLl-w">
                <title>Définir le planning</title>
                <objectDescription>Le planning est un calendrier des événements et échéances du projet. Il peut s'agit d'une simple liste chronologique des réunions et échéances ciblées ou d'un diagramme de Gantt. À l'instar d'une liste de tâches, il affiche les livrables de chaque phase du projet en indiquant le nombre d'heures planifiées pour chaque tâche. Plus le projet est grand, plus le nombre de jours ou de mois de chacune des phases est élevé.</objectDescription>
                <tags idrefs="7Vabr5nsT4eqWwM7vfsHuQ XMAM6awaT_yUjUYmz1ncHQ"/>
                <costAccrual value="immediately"/>
                <givenWork amount="1" unit="day" resolvedAmount="28800"/>
                <givenAlignment value="asap"/>
                <Assignment id="LD39F6cmQhGMUpq8bLCy1w">
                    <resource idref="_gYAehExQDCRdzQtv5-k5Q"/>
                    <costAccrual value="immediately"/>
                    <givenWork amount="1" unit="fraction" resolvedAmount="28800"/>
                    <givenAlignment value="asap"/>
                    <resourceUnits amount="1" resolvedAmount="1"/>
                    <minimizesDuration value="true"/>
                </Assignment>
            </Activity>
            <Activity id="q8M2nTANSC2Eu_E1IFzMNw">
                <title>Établir la liste des tâches</title>
                <objectDescription>La liste des tâches est un diagramme présentant chaque tâche, le membre de l'équipe responsable pour sa réalisation, les dates d'achèvement visées et les dates d'achèvement réelles. En fait, la liste des tâches montre les éléments en correspondance avec les dates de livraison planifiées. Elle est axée plutôt sur les personnes responsables des livrables que sur le nombre d'heures.</objectDescription>
                <tags idrefs="7Vabr5nsT4eqWwM7vfsHuQ XMAM6awaT_yUjUYmz1ncHQ"/>
                <costAccrual value="immediately"/>
                <givenWork amount="1" unit="day" resolvedAmount="28800"/>
                <givenAlignment value="asap"/>
                <Assignment id="3s3-YpwTSWmB7vpJ0Udlfg">
                    <resource idref="_gYAehExQDCRdzQtv5-k5Q"/>
                    <costAccrual value="immediately"/>
                    <givenWork amount="1" unit="fraction" resolvedAmount="28800"/>
                    <givenAlignment value="asap"/>
                    <resourceUnits amount="1" resolvedAmount="1"/>
                    <minimizesDuration value="true"/>
                </Assignment>
            </Activity>
            <Activity id="WU_lvwnjRx-vVDCCM88n-A">
                <title>Créer le diagramme de contenu</title>
                <objectDescription>Le diagramme de contenu sert à détailler et à suivre le contenu textuel et graphique du site. Ceci comprend les éléments que vous envisagez acquérir auprès du client, de même que les éléments qui seront réalisés par l'équipe de conception. Ce document est lié au planning du projet qui doit contenir les dates d'acquisition et de création en général. Dans le diagramme de contenu, il est possible d'attribuer une date d'échéance cible à des éléments particuliers ainsi que de publier et de suivre leur état.</objectDescription>
                <tags idrefs="XMAM6awaT_yUjUYmz1ncHQ"/>
                <costAccrual value="immediately"/>
                <givenWork amount="2" unit="day" resolvedAmount="57600"/>
                <givenAlignment value="asap"/>
                <Assignment id="9iuKLY7TQRanvu6oZUkHPA">
                    <resource idref="ZM3D6BpjSAWUNVSE06oe5w"/>
                    <costAccrual value="immediately"/>
                    <givenWork amount="1" unit="fraction" resolvedAmount="57600"/>
                    <givenAlignment value="asap"/>
                    <resourceUnits amount="1" resolvedAmount="1"/>
                    <minimizesDuration value="true"/>
                    <actualStartDate value="2014-07-28T08:00:00"/>
                    <actualWork amount="2.8" unit="day" resolvedAmount="80640"/>
                    <remainingWork amount="1.2" unit="day" resolvedAmount="34560"/>
                </Assignment>
            </Activity>
            <Activity id="tb2yVq98TfiwqXJVYS77_w">
                <title>Communications</title>
                <objectDescription>Le diagramme des communications sert à présenter les communications importantes au sein de l'équipe ainsi qu'entre l'équipe et le client. Son objectif principal est de fournir une référence en matière de responsabilité et de minimiser la confusion quant aux décisions et leurs détails. Les e-mails peuvent être copiés-collés dans la colonne Correspondance, ou convertis en documents HTML et liés à la description clé dans le diagramme de contenu.</objectDescription>
                <tags idrefs="7Vabr5nsT4eqWwM7vfsHuQ XMAM6awaT_yUjUYmz1ncHQ"/>
                <costAccrual value="immediately"/>
                <givenWork amount="1" unit="day" resolvedAmount="28800"/>
                <givenAlignment value="asap"/>
                <Assignment id="zObDumo1SnyAPIDAB3xiXQ">
                    <resource idref="_gYAehExQDCRdzQtv5-k5Q"/>
                    <costAccrual value="immediately"/>
                    <givenWork amount="1" unit="fraction" resolvedAmount="28800"/>
                    <givenAlignment value="asap"/>
                    <resourceUnits amount="1" resolvedAmount="1"/>
                    <minimizesDuration value="true"/>
                    <actualStartDate value="2014-08-01T08:00:00"/>
                    <actualWork amount="0.5" unit="day" resolvedAmount="14400"/>
                    <remainingWork amount="4" unit="hour" resolvedAmount="14400"/>
                </Assignment>
            </Activity>
            <Activity id="LrjYue1OSFSmxHK2tv2l5g">
                <title>Élaborer le plan de site</title>
                <objectDescription>
                    <par>Le plan de site est une représentation de la hiérarchie des pages dans le modèle de navigation. Il facilite l'évaluation de l'architecture du site dans son ensemble et de la pondération relative des sections. Si une section s'avère plus lourde que les autres (avec trop de pages), il est alors possible de réorganiser la structure de la navigation avant de se lancer dans la création des pages.</par>
                    <par/>
                    <par>Développé en conjonction avec le plan de site et les spécifications techniques, l'arborescence du site liste les sections et pages à créer. C'est ici que les conventions de nommage strictes, définies dans les spécifications techniques, doivent être appliquées. L'arborescence du site doit être actualisée au rythme de l'ajout ou de la suppression de pages dans le projet.</par>
                </objectDescription>
                <tags idrefs="5yUAKNeSSnSBM2n8KOsErQ XMAM6awaT_yUjUYmz1ncHQ"/>
                <costAccrual value="immediately"/>
                <givenWork amount="1" unit="day" resolvedAmount="28800"/>
                <givenAlignment value="asap"/>
                <Assignment id="arB-xoHIRNuohLo6uYytEw">
                    <resource idref="cVY2xiipT9CEdh92s9NzrA"/>
                    <costAccrual value="immediately"/>
                    <givenWork amount="1" unit="fraction" resolvedAmount="28800"/>
                    <givenAlignment value="asap"/>
                    <resourceUnits amount="1" resolvedAmount="1"/>
                    <minimizesDuration value="true"/>
                </Assignment>
            </Activity>
        </Activity>
        <Activity id="vVI2Q5mCSJKfBH5th3QPHw">
            <title>Préproduction achevée</title>
            <objectDescription>Ce jalon définit la fin de la phase de préproduction. L'icône utilisée a été empruntée sur <link target="http://www.iconarchive.com/show/red-orb-alphabet-icons-by-iconarchive.html">http://www.iconarchive.com/show/red-orb-alphabet-icons-by-iconarchive.html.</link></objectDescription>
            <media attr="Media" name="Exclamation-mark-icon.png" size="1684" digest="31e647ff0e0e6ecfb74de786bbed102bf222b214" type="public.png" created="2014-08-11T11:01:19" modified="2014-08-11T11:01:19" URL="media/Exclamation-mark-icon.png">
                <metadata>
                    <PixelHeight value="24" type="number"/>
                    <PixelWidth value="24" type="number"/>
                </metadata>
            </media>
            <tags idrefs="7Vabr5nsT4eqWwM7vfsHuQ"/>
            <costAccrual value="immediately"/>
            <Information id="jokwtV3TQNuCbBEeHV5OeQ">
                <title>Passer un jalon à la fin de chaque phase</title>
                <costAccrual value="prorated"/>
                <informationDate value="2014-07-10T21:29:16"/>
                <kind idref="o-BCIOq7QLeecNSCOa9Ltw"/>
                <status idref="f18fmOB9QJyrL2kESePt0A"/>
            </Information>
            <givenAlignment value="asap"/>
            <isMilestone value="true"/>
            <Assignment id="wZuY6_TfS4qd5EyvlP5yGw">
                <resource idref="_gYAehExQDCRdzQtv5-k5Q"/>
                <costAccrual value="immediately"/>
            </Assignment>
        </Activity>
        <Activity id="4MPHPRSwQjyF2nZpf5DkAg">
            <title>Production du site</title>
            <objectDescription>L'icône utilisée a été empruntée sur <link target="http://www.iconarchive.com/show/red-orb-alphabet-icons-by-iconarchive.html">http://www.iconarchive.com/show/red-orb-alphabet-icons-by-iconarchive.html.</link></objectDescription>
            <media attr="Media" name="Number-2-icon.png" size="1712" digest="6d04e1e49a12a6d644c34daa404aa5497f1e983f" type="public.png" created="2014-08-11T10:59:00" modified="2014-08-11T10:59:00" URL="media/Number-2-icon.png">
                <metadata>
                    <PixelHeight value="24" type="number"/>
                    <PixelWidth value="24" type="number"/>
                </metadata>
            </media>
            <costAccrual value="immediately"/>
            <givenAlignment value="asap"/>
            <requestedBudget value="0.5"/>
            <budgetStatus value="approved"/>
            <budgetStatusDate value="2014-07-10T21:51:48"/>
            <approvedBudget amount="0.5" fractional="true" resolvedAmount="7500"/>
            <Activity id="VmMPh37VSwGJuE_GEhSH1A">
                <title>Maquettage</title>
                <objectDescription>
                    <par>Les maquettes sont une représentation de l'aspect visuel final du site. Chacune des maquettes doit contenir une proposition de page d'accueil ainsi qu'une sous-page d'aspect cohérent. Il ne s'agit normalement pas de pages web réelles, mais de simples grandes images. Si la navigation constitue un facteur décisionnel d'importance, il convient de créer une image cliquable fournissant des hyperliens pour chaque graphique.</par>
                    <par/>
                    <par>Bien qu'il soit préférable de se limiter à deux ou trois maquettes, ceux-ci doivent tous représenter une approche différente pour atteindre le public cible. Le site de travail doit contenir des captures d'écran de chaque maquette, accompagnées d'explications quant aux choix du design. La conception finale retenue servira ensuite de document référence. Des modifications pourront y être apportées, avec publication des itérations sur cette page.</par>
                </objectDescription>
                <tags idrefs="5yUAKNeSSnSBM2n8KOsErQ"/>
                <costAccrual value="immediately"/>
                <givenWork amount="2" unit="day" resolvedAmount="57600"/>
                <givenAlignment value="asap"/>
                <Assignment id="w6mckiMyTwmiwoUCMxAemg">
                    <resource idref="x0ASn4MyTs-gRvnK1oBFWg"/>
                    <costAccrual value="immediately"/>
                    <givenWork amount="1" unit="fraction" resolvedAmount="57600"/>
                    <givenAlignment value="asap"/>
                    <resourceUnits amount="1" resolvedAmount="1"/>
                    <minimizesDuration value="true"/>
                </Assignment>
            </Activity>
            <Activity id="ULCXbfqNRYSSzcqPpXY7gA">
                <title>Examen client et sélection du design</title>
                <objectDescription>Le client examine les maquettes, choisit le design convenant le mieux à ses attentes et approuve le design, le plan du site ainsi que l'arborescence. À ce stade, le développement de la version HTML du site peut commencer.</objectDescription>
                <tags idrefs="68yCWoeZRkmuxcB14e9E1Q"/>
                <costAccrual value="immediately"/>
                <givenWork amount="2" unit="day" resolvedAmount="57600"/>
                <givenAlignment value="asap"/>
                <Assignment id="wa6FBH1kR3e1uOaoYZRTGg">
                    <resource idref="azj_IHY0QeuBOAqnxHJywg"/>
                    <costAccrual value="immediately"/>
                    <givenWork amount="1" unit="fraction" resolvedAmount="57600"/>
                    <givenAlignment value="asap"/>
                    <resourceUnits amount="1" resolvedAmount="1"/>
                    <minimizesDuration value="true"/>
                </Assignment>
            </Activity>
            <Activity id="Ep4R-VPEQDecxVyLcVvRCQ">
                <title>Construction des pages</title>
                <objectDescription>
                    <par>Cette étape consiste à assembler les éléments formant chacune des pages d'un site web. En général, cela implique d'incorporer le contenu dans un modèle de page.</par>
                    <par/>
                    <par>La première version alpha d'un site contient suffisamment de composants essentiels pour obtenir de précieuses critiques. Beaucoup de détails ne sont pas encore parfaits. Elle est destinée à être visionnée et évaluée (test alpha) par des membres de l'équipe de conception et par une ou deux personnes clés chez le client.</par>
                </objectDescription>
                <tags idrefs="2JV5tMyRQIC4goqeP9NudQ XMAM6awaT_yUjUYmz1ncHQ"/>
                <costAccrual value="immediately"/>
                <givenWork amount="5" unit="day" resolvedAmount="144000"/>
                <givenAlignment value="asap"/>
                <Assignment id="fY3SyhpxRs-zU7lnmPuctw">
                    <resource idref="cVY2xiipT9CEdh92s9NzrA"/>
                    <costAccrual value="immediately"/>
                    <givenWork amount="1" unit="fraction" resolvedAmount="144000"/>
                    <givenAlignment value="asap"/>
                    <resourceUnits amount="1" resolvedAmount="1"/>
                    <minimizesDuration value="true"/>
                </Assignment>
            </Activity>
            <Activity id="-hDwUyvzTEemDc3qSzvl8Q">
                <title>Examen par le client</title>
                <objectDescription>
                    <par>Une page dédiée aux retours du client peut également être ajoutée au site de travail du projet. Ceci permet d'y publier les commentaires et demandes du client. Elle sert de document de référence en cas de confusion pendant le processus de développement du site.</par>
                    <par/>
                    <par>Lorsque le site comporte tous les éléments et corrections requis par le client, la production finale peut avoir lieu sur place et le test bêta peut commencer.</par>
                </objectDescription>
                <tags idrefs="68yCWoeZRkmuxcB14e9E1Q"/>
                <costAccrual value="immediately"/>
                <Risk id="Lpy8UtO2QQiFmJsfl3jcxA">
                    <title>Examens client souvent en retard</title>
                    <costAccrual value="prorated"/>
                    <riskGroup idref="avFLE9gET5iBZZHZi3FpMg"/>
                    <reporter idref="cVY2xiipT9CEdh92s9NzrA"/>
                    <responsibleResource idref="_gYAehExQDCRdzQtv5-k5Q"/>
                    <recordingDate value="2014-07-10T21:23:59"/>
                    <riskDescription value="Very often clients are overwhelmed by the technical details and they are afraid to review and take decisions."/>
                    <riskClass value="demandsReduction"/>
                    <probability value="0.5"/>
                    <costImpact value="marginalIncrease"/>
                    <scopeImpact value="barelyNoticableDecreases"/>
                    <deadlineImpact value="marginalDelay"/>
                    <actions value="Have a clear communication with the client from the begin of the project."/>
                    <didOccur value="false"/>
                </Risk>
                <givenWork amount="5" unit="day" resolvedAmount="144000"/>
                <givenAlignment value="asap"/>
                <Assignment id="fO_rfDNGQk6PmTUszDc0PA">
                    <resource idref="azj_IHY0QeuBOAqnxHJywg"/>
                    <costAccrual value="immediately"/>
                    <givenWork amount="1" unit="fraction" resolvedAmount="144000"/>
                    <givenAlignment value="asap"/>
                    <resourceUnits amount="1" resolvedAmount="1"/>
                    <minimizesDuration value="true"/>
                </Assignment>
            </Activity>
            <Activity id="_qeO7u2BROeTS3rZ1TQZ4A">
                <title>Production finale du site</title>
                <objectDescription>Les derniers tests d'utilisation et de débogage (test bêta) ont eu lieu afin de déterminer les modifications nécessaires avant la mise en ligne de la version finale. La version bêta a été visionnée et évaluée par des personnes de l'agence de design et, plus important, par des externes sélectionnés sans connaissance préalable du site auparavant et représentatifs du public cible et des scénarios utilisateur.</objectDescription>
                <costAccrual value="immediately"/>
                <givenWork amount="3" unit="day" resolvedAmount="86400"/>
                <givenAlignment value="asap"/>
                <Assignment id="ZmGy0YhURoedM7p7mmg9jw">
                    <resource idref="x0ASn4MyTs-gRvnK1oBFWg"/>
                    <costAccrual value="immediately"/>
                    <givenWork amount="0.5" unit="fraction" resolvedAmount="43200"/>
                    <givenAlignment value="asap"/>
                    <resourceUnits amount="1" resolvedAmount="1"/>
                    <minimizesDuration value="true"/>
                </Assignment>
                <Assignment id="OSA8u0YNTqq0dwJfEfD23w">
                    <resource idref="cVY2xiipT9CEdh92s9NzrA"/>
                    <costAccrual value="immediately"/>
                    <givenWork amount="0.5" unit="fraction" resolvedAmount="43200"/>
                    <givenAlignment value="asap"/>
                    <resourceUnits amount="1" resolvedAmount="1"/>
                    <minimizesDuration value="true"/>
                </Assignment>
            </Activity>
            <Activity id="jD6iDLDMSzamgO8zVGrZLg">
                <title>Test bêta</title>
                <objectDescription>
                    <par>Le test bêta technique est exécuté par les membres de l'équipe de production. Son objectif est d'observer le fonctionnement du site dans différentes conditions, notamment en fonction du navigateur (éditeur et version), de la plateforme informatique, de la version du SE et de la taille de moniteur. Le test doit avant tout avoir lieu dans des conditions susceptibles d'exister chez les internautes du public cible.</par>
                    <par/>
                    <par>Le formulaire de test bêta est un document comportant les résultats du test bêta. En général, les deux types de test bêta (tests d'utilisation et technique) peuvent être compilés dans un formulaire unique, ou faire l'objet de deux documents distincts.</par>
                </objectDescription>
                <tags idrefs="68yCWoeZRkmuxcB14e9E1Q 2JV5tMyRQIC4goqeP9NudQ"/>
                <costAccrual value="immediately"/>
                <givenWork amount="5" unit="day" resolvedAmount="144000"/>
                <givenAlignment value="asap"/>
                <Assignment id="WmqhryMaQTi4NPhBQdxLBA">
                    <resource idref="ZM3D6BpjSAWUNVSE06oe5w"/>
                    <costAccrual value="immediately"/>
                    <givenWork amount="0.5" unit="fraction" resolvedAmount="72000"/>
                    <givenAlignment value="asap"/>
                    <resourceUnits amount="1" resolvedAmount="1"/>
                    <minimizesDuration value="true"/>
                </Assignment>
                <Assignment id="zGm7BprRTYOuBG9B7c9pTQ">
                    <resource idref="azj_IHY0QeuBOAqnxHJywg"/>
                    <costAccrual value="immediately"/>
                    <givenWork amount="0.5" unit="fraction" resolvedAmount="72000"/>
                    <givenAlignment value="asap"/>
                    <resourceUnits amount="1" resolvedAmount="1"/>
                    <minimizesDuration value="true"/>
                </Assignment>
            </Activity>
            <Activity id="WjME4dBKQ0qV4SNGy9SJQA">
                <title>Test d'utilisation</title>
                <objectDescription>Le test d'utilisation consiste à placer des personnes sélectionnées dans une situation de visite du site web et est basés sur des observations, discussions et questionnaires. Parmi les observations décisives, on retiendra le nombre de clics dont le testeur a besoin pour accéder à telle ou telle page, ainsi que le degré de confusion évident concernant la conception du site et de sa structure. Il est préférable de ne remettre d'avance aucune information aux testeurs. Les testeurs reçoivent des objectifs précis pour la visite du site.</objectDescription>
                <tags idrefs="68yCWoeZRkmuxcB14e9E1Q 2JV5tMyRQIC4goqeP9NudQ"/>
                <costAccrual value="immediately"/>
                <givenWork amount="1" unit="day" resolvedAmount="28800"/>
                <givenAlignment value="asap"/>
                <Assignment id="ISEnDEcnTCyPvDUMZemu3A">
                    <resource idref="ZM3D6BpjSAWUNVSE06oe5w"/>
                    <costAccrual value="immediately"/>
                    <givenWork amount="0.5" unit="fraction" resolvedAmount="14400"/>
                    <givenAlignment value="asap"/>
                    <resourceUnits amount="1" resolvedAmount="1"/>
                    <minimizesDuration value="true"/>
                </Assignment>
                <Assignment id="4rLXd_HvQp6CuZsYxGzbpw">
                    <resource idref="azj_IHY0QeuBOAqnxHJywg"/>
                    <costAccrual value="immediately"/>
                    <givenWork amount="0.5" unit="fraction" resolvedAmount="14400"/>
                    <givenAlignment value="asap"/>
                    <resourceUnits amount="1" resolvedAmount="1"/>
                    <minimizesDuration value="true"/>
                </Assignment>
            </Activity>
            <Activity id="zc2gy0uySOuXWSWtCHAxHw">
                <title>Élaborer le guide de style</title>
                <objectDescription>Le guide de style comporte les règles garantes de la cohérence du site. Les deux styles principaux visés ici sont le visuel et le rédactionnel. Le guide de style concernant l'aspect visuel s'intéresse à la cohérence de l'apparence d'un site d'une page à l'autre et peut comporter des descriptions, caractéristiques techniques et exemples graphiques. C'est ici que vous spécifiez les détails quant au modèle de couleurs, aux dimensions et aux positions des divers composants (y compris ceux qui se répètent). Le guide de style concernant l'aspect rédactionnel est le document où vous consignez les détails concernant les composants textuels du site. Ceci inclut une liste de mots et d'expressions à retenir, en attirant l'attention sur l'orthographe et la ponctuation. D'autres informations peuvent concerner la forme verbale qu'il convient d'appliquer ou d'autres conventions destinées à unifier le style de rédaction du site.</objectDescription>
                <tags idrefs="5yUAKNeSSnSBM2n8KOsErQ XMAM6awaT_yUjUYmz1ncHQ"/>
                <costAccrual value="immediately"/>
                <givenWork amount="2" unit="day" resolvedAmount="57600"/>
                <givenAlignment value="asap"/>
                <Assignment id="heLEZ7VeRmyJQN6vQsY0Dg">
                    <resource idref="x0ASn4MyTs-gRvnK1oBFWg"/>
                    <costAccrual value="immediately"/>
                    <givenWork amount="0.5" unit="fraction" resolvedAmount="28800"/>
                    <givenAlignment value="asap"/>
                    <resourceUnits amount="1" resolvedAmount="1"/>
                    <minimizesDuration value="true"/>
                </Assignment>
                <Assignment id="blilrlc5SiK37NXViaq2IQ">
                    <resource idref="ZM3D6BpjSAWUNVSE06oe5w"/>
                    <costAccrual value="immediately"/>
                    <givenWork amount="0.5" unit="fraction" resolvedAmount="28800"/>
                    <givenAlignment value="asap"/>
                    <resourceUnits amount="1" resolvedAmount="1"/>
                    <minimizesDuration value="true"/>
                </Assignment>
            </Activity>
            <Activity id="WwUezfxmRKq0sgcauEUvgg">
                <title>Test des navigateurs</title>
                <tags idrefs="2JV5tMyRQIC4goqeP9NudQ"/>
                <costAccrual value="immediately"/>
                <givenWork amount="2" unit="day" resolvedAmount="57600"/>
                <givenAlignment value="asap"/>
                <Assignment id="cDU-YE1cRpGQgnljzjsdAg">
                    <resource idref="ZM3D6BpjSAWUNVSE06oe5w"/>
                    <costAccrual value="immediately"/>
                    <givenWork amount="1" unit="fraction" resolvedAmount="57600"/>
                    <givenAlignment value="asap"/>
                    <resourceUnits amount="1" resolvedAmount="1"/>
                    <minimizesDuration value="true"/>
                </Assignment>
            </Activity>
            <Activity id="4QLVamjYSpO8jxe8grW3QQ">
                <title>Corriger les bogues</title>
                <objectDescription>La liste des bogues mentionne tous les problèmes détectés pendant les phases de production et de test. Elle permet d'y décrire les bogues et de suivre l'avancement des corrections. Parfois, certains bogues, caprices d'une version de navigateur particulière, ne pourront pas être réparés.</objectDescription>
                <tags idrefs="2JV5tMyRQIC4goqeP9NudQ"/>
                <costAccrual value="immediately"/>
                <givenWork amount="3" unit="day" resolvedAmount="86400"/>
                <givenAlignment value="asap"/>
                <Assignment id="mBILgu-WQoOm56OVEH08pQ">
                    <resource idref="cVY2xiipT9CEdh92s9NzrA"/>
                    <costAccrual value="immediately"/>
                    <givenWork amount="1" unit="fraction" resolvedAmount="86400"/>
                    <givenAlignment value="asap"/>
                    <resourceUnits amount="1" resolvedAmount="1"/>
                    <minimizesDuration value="true"/>
                </Assignment>
            </Activity>
        </Activity>
        <Activity id="j8JGBp0WQzSbT1vG5HBL7w">
            <title>Production achevée</title>
            <objectDescription>Ce jalon définit la fin de la phase de production. L'icône utilisée a été empruntée sur <link target="http://www.iconarchive.com/show/red-orb-alphabet-icons-by-iconarchive.html">http://www.iconarchive.com/show/red-orb-alphabet-icons-by-iconarchive.html.</link></objectDescription>
            <media attr="Media" name="Exclamation-mark-icon.png" size="1684" digest="31e647ff0e0e6ecfb74de786bbed102bf222b214" type="public.png" created="2014-08-11T11:01:19" modified="2014-08-11T11:01:19" URL="media/Exclamation-mark-icon.png">
                <metadata>
                    <PixelHeight value="24" type="number"/>
                    <PixelWidth value="24" type="number"/>
                </metadata>
            </media>
            <tags idrefs="7Vabr5nsT4eqWwM7vfsHuQ"/>
            <costAccrual value="immediately"/>
            <Information id="BAs_ws3tQ2OXA3G2I656Xw">
                <title>Passer un jalon à la fin de chaque phase</title>
                <costAccrual value="prorated"/>
                <informationDate value="2014-07-10T21:31:17"/>
                <kind idref="o-BCIOq7QLeecNSCOa9Ltw"/>
                <status idref="f18fmOB9QJyrL2kESePt0A"/>
            </Information>
            <givenAlignment value="asap"/>
            <isMilestone value="true"/>
            <Assignment id="zjyrIUosQ0aW9zHU-LWxbg">
                <resource idref="_gYAehExQDCRdzQtv5-k5Q"/>
                <costAccrual value="immediately"/>
            </Assignment>
        </Activity>
        <Activity id="erhwttLLTFSpAP6zV4aZBg">
            <title>Postproduction</title>
            <objectDescription>L'icône utilisée a été empruntée sur <link target="http://www.iconarchive.com/show/red-orb-alphabet-icons-by-iconarchive.html">http://www.iconarchive.com/show/red-orb-alphabet-icons-by-iconarchive.html.</link></objectDescription>
            <media attr="Media" name="Number-3-icon.png" size="1729" digest="bdebc8b4769bf2ad77c98176acae9366829a12c0" type="public.png" created="2014-08-11T10:59:10" modified="2014-08-11T10:59:10" URL="media/Number-3-icon.png">
                <metadata>
                    <PixelHeight value="24" type="number"/>
                    <PixelWidth value="24" type="number"/>
                </metadata>
            </media>
            <costAccrual value="immediately"/>
            <givenAlignment value="asap"/>
            <requestedBudget value="0.2"/>
            <budgetStatus value="approved"/>
            <budgetStatusDate value="2014-07-10T21:51:57"/>
            <approvedBudget amount="3000" resolvedAmount="3000"/>
            <Activity id="BojKVuSqRGOYgxGgZFxGpA">
                <title>Définir le calendrier de maintenance</title>
                <objectDescription>Lorsque le site est en ligne, il est important de le maintenir à jour et ad hoc. Le calendrier de maintenance sur six mois est une liste de tâches recommandées pour compléter les objectifs du client. Il constitue pour lui également un moyen de démarrer sur de bonnes bases pour un site web durable.</objectDescription>
                <tags idrefs="7Vabr5nsT4eqWwM7vfsHuQ"/>
                <costAccrual value="immediately"/>
                <givenWork amount="1" unit="day" resolvedAmount="28800"/>
                <givenAlignment value="asap"/>
                <Assignment id="4mPbjD9aRJy3yQUCQIDBRQ">
                    <resource idref="ZM3D6BpjSAWUNVSE06oe5w"/>
                    <costAccrual value="immediately"/>
                    <givenWork amount="1" unit="fraction" resolvedAmount="28800"/>
                    <givenAlignment value="asap"/>
                    <resourceUnits amount="1" resolvedAmount="1"/>
                    <minimizesDuration value="true"/>
                </Assignment>
            </Activity>
            <Activity id="BrO2nIhNQOCGrRxn2pyhKg">
                <title>Rétrospective</title>
                <objectDescription>La rétrospective (on parle aussi de post-mortem ou d'autopsie du projet) est une réunion au cours de laquelle l'équipe de production fait le point sur le vécu durant le développement du site web. Il s'agit d'examiner et de documenter les performances et les défauts du projet. Le but est d'identifier les activités où l'équipe aurait pu être plus efficace, selon le principe d'une amélioration continue pour l'avenir.</objectDescription>
                <tags idrefs="7Vabr5nsT4eqWwM7vfsHuQ"/>
                <costAccrual value="immediately"/>
                <Information id="963hMRSSRcGfJodksqyRIw">
                    <title>Expérience</title>
                    <costAccrual value="prorated"/>
                    <informationDate value="2014-07-11T09:19:52"/>
                    <URL value="http://www.pinnacleprojects.com/index.php/project-retrospectives/159-retrospectives-4-the-perfect-project-retrospective"/>
                    <kind idref="o-BCIOq7QLeecNSCOa9Ltw"/>
                    <status idref="f18fmOB9QJyrL2kESePt0A"/>
                </Information>
                <CheckList id="HMB7pBnwTvC61sZl9muhEA">
                    <title>Questions simples de la rétrospective</title>
                    <costAccrual value="prorated"/>
                    <recordingDate value="2014-07-11T09:19:08"/>
                    <CheckListItem id="DQVp0Ip6RhW7uGmmyvcn5w">
                        <title>Qu'est-ce qui a bien fonctionné ?</title>
                        <isChecked value="false"/>
                    </CheckListItem>
                    <CheckListItem id="zhEv-OAzScWBG0Ff3lCpSw">
                        <title>Qu'est-ce qui aurait pu mieux fonctionner ?</title>
                        <isChecked value="false"/>
                    </CheckListItem>
                    <CheckListItem id="qcTzaUfCTMK3eunZvM4ceg">
                        <title>Qu'avons-nous appris ?</title>
                        <isChecked value="false"/>
                    </CheckListItem>
                    <CheckListItem id="n1siBUDfT6aUC12YNTYBsA">
                        <title>Qu'est-ce que je cherche toujours à comprendre ?</title>
                        <isChecked value="false"/>
                    </CheckListItem>
                </CheckList>
                <givenWork amount="0.5" unit="day" resolvedAmount="14400"/>
                <givenAlignment value="asap"/>
                <Assignment id="4TcFFt9iTxOfBh2_Cj-blQ">
                    <resource idref="_gYAehExQDCRdzQtv5-k5Q"/>
                    <costAccrual value="immediately"/>
                    <givenWork amount="1" unit="fraction" resolvedAmount="14400"/>
                    <givenAlignment value="asap"/>
                    <resourceUnits amount="1" resolvedAmount="1"/>
                    <minimizesDuration value="true"/>
                </Assignment>
            </Activity>
            <Activity id="hbx0CN3oTKOW7n6JLrfpbw">
                <title>Présentations finales</title>
                <objectDescription>La publication du site web client est une occasion, par exemple pour des étudiants, de présenter le processus mis en œuvre pour développer le site. Le site de travail peut servir d'outil de présentation pour montrer et examiner les étapes du processus de développement. Les contributeurs clés décrivent leurs rôles et les composants du projet auxquels ils sont étroitement liés.</objectDescription>
                <tags idrefs="68yCWoeZRkmuxcB14e9E1Q 7Vabr5nsT4eqWwM7vfsHuQ"/>
                <costAccrual value="immediately"/>
                <givenWork amount="0.5" unit="day" resolvedAmount="14400"/>
                <givenAlignment value="asap"/>
                <Assignment id="BJNaLF7wSaierfT1dRdGBg">
                    <resource idref="azj_IHY0QeuBOAqnxHJywg"/>
                    <costAccrual value="immediately"/>
                    <givenWork amount="0.5" unit="fraction" resolvedAmount="7200"/>
                    <givenAlignment value="asap"/>
                    <resourceUnits amount="1" resolvedAmount="1"/>
                    <minimizesDuration value="true"/>
                </Assignment>
                <Assignment id="BqxkUZUUQmGGp-FT3slDgw">
                    <resource idref="_gYAehExQDCRdzQtv5-k5Q"/>
                    <costAccrual value="immediately"/>
                    <givenWork amount="0.5" unit="fraction" resolvedAmount="7200"/>
                    <givenAlignment value="asap"/>
                    <resourceUnits amount="1" resolvedAmount="1"/>
                    <minimizesDuration value="true"/>
                </Assignment>
            </Activity>
        </Activity>
        <Activity id="uEDYuwscQR-eC8jYX6GFxg">
            <title>Postproduction achevée</title>
            <objectDescription>Ce jalon définit la fin de la phase de postproduction. L'icône utilisée a été empruntée sur <link target="http://www.iconarchive.com/show/red-orb-alphabet-icons-by-iconarchive.html">http://www.iconarchive.com/show/red-orb-alphabet-icons-by-iconarchive.html.</link></objectDescription>
            <media attr="Media" name="Exclamation-mark-icon.png" size="1684" digest="31e647ff0e0e6ecfb74de786bbed102bf222b214" type="public.png" created="2014-08-11T11:01:19" modified="2014-08-11T11:01:19" URL="media/Exclamation-mark-icon.png">
                <metadata>
                    <PixelHeight value="24" type="number"/>
                    <PixelWidth value="24" type="number"/>
                </metadata>
            </media>
            <tags idrefs="7Vabr5nsT4eqWwM7vfsHuQ"/>
            <costAccrual value="immediately"/>
            <Information id="th5WVpC0TUaBm7nmNbAB8A">
                <title>Définir clairement la fin du projet</title>
                <costAccrual value="prorated"/>
                <informationDate value="2014-07-10T21:32:18"/>
                <kind idref="o-BCIOq7QLeecNSCOa9Ltw"/>
                <status idref="f18fmOB9QJyrL2kESePt0A"/>
            </Information>
            <givenAlignment value="asap"/>
            <isMilestone value="true"/>
            <Assignment id="QDp5uoofQ9OV8XEj-TByiw">
                <resource idref="_gYAehExQDCRdzQtv5-k5Q"/>
                <costAccrual value="immediately"/>
            </Assignment>
        </Activity>
    </Activity>
    <Dependency id="-E6rA2MCS1uiWC_pBMq4-w">
        <type value="endToStart"/>
        <previousActivity idref="j8JGBp0WQzSbT1vG5HBL7w"/>
        <nextActivity idref="erhwttLLTFSpAP6zV4aZBg"/>
    </Dependency>
    <Dependency id="00v06YLkRA-PnZ1ZKJIHOg">
        <type value="endToStart"/>
        <previousActivity idref="BrO2nIhNQOCGrRxn2pyhKg"/>
        <nextActivity idref="hbx0CN3oTKOW7n6JLrfpbw"/>
    </Dependency>
    <Dependency id="0KTnyDweRyyeFGdYr2-Tkg">
        <type value="endToStart"/>
        <previousActivity idref="vVI2Q5mCSJKfBH5th3QPHw"/>
        <nextActivity idref="4MPHPRSwQjyF2nZpf5DkAg"/>
    </Dependency>
    <Dependency id="2ho3zGNdS42hJK88TePHPg">
        <type value="endToStart"/>
        <previousActivity idref="am42yQ1QQ1WMbuZG0tWbEQ"/>
        <nextActivity idref="6VSXvIVJRuqtyG1rARnUvQ"/>
    </Dependency>
    <Dependency id="4mqk30MHT56tz7me-7GBJQ">
        <type value="endToStart"/>
        <previousActivity idref="WjME4dBKQ0qV4SNGy9SJQA"/>
        <nextActivity idref="zc2gy0uySOuXWSWtCHAxHw"/>
    </Dependency>
    <Dependency id="6y_j0sJuRKeLCDVoZCt4jA">
        <type value="startToStart"/>
        <previousActivity idref="WwUezfxmRKq0sgcauEUvgg"/>
        <nextActivity idref="4QLVamjYSpO8jxe8grW3QQ"/>
    </Dependency>
    <Dependency id="AWGn1U7PRU21JEmyYb9SKQ">
        <type value="endToStart"/>
        <previousActivity idref="tb2yVq98TfiwqXJVYS77_w"/>
        <nextActivity idref="LrjYue1OSFSmxHK2tv2l5g"/>
    </Dependency>
    <Dependency id="At_W9SRnSTmqGOyWGyP7KA">
        <type value="endToStart"/>
        <previousActivity idref="WU_lvwnjRx-vVDCCM88n-A"/>
        <nextActivity idref="tb2yVq98TfiwqXJVYS77_w"/>
    </Dependency>
    <Dependency id="CNnOfmzfQ1STANElvdTu2w">
        <type value="endToStart"/>
        <previousActivity idref="41vEESo7QJKDcBNkDc84CQ"/>
        <nextActivity idref="RdyjsjSHRX2bQqhPLVlNjg"/>
    </Dependency>
    <Dependency id="GsIc4-0sRJabnLpHeR-Uvw">
        <type value="endToStart"/>
        <previousActivity idref="jD6iDLDMSzamgO8zVGrZLg"/>
        <nextActivity idref="WjME4dBKQ0qV4SNGy9SJQA"/>
    </Dependency>
    <Dependency id="MJyCpRbKTtWAIVh-VEVf2g">
        <type value="endToStart"/>
        <previousActivity idref="zc2gy0uySOuXWSWtCHAxHw"/>
        <nextActivity idref="WwUezfxmRKq0sgcauEUvgg"/>
    </Dependency>
    <Dependency id="OTPGTjlvTv-V_aJmZbqaRQ">
        <type value="endToStart"/>
        <previousActivity idref="5p0jF70lSKqg_POdNH1ekA"/>
        <nextActivity idref="41vEESo7QJKDcBNkDc84CQ"/>
    </Dependency>
    <Dependency id="SJ5ulPkgSLG--JIs34NF4Q">
        <type value="endToStart"/>
        <previousActivity idref="q8M2nTANSC2Eu_E1IFzMNw"/>
        <nextActivity idref="WU_lvwnjRx-vVDCCM88n-A"/>
    </Dependency>
    <Dependency id="SzNpEGa2SDm8VsI0DAtJYQ">
        <type value="endToStart"/>
        <previousActivity idref="bWwXPIQhT0qb5eR11DUsfQ"/>
        <nextActivity idref="vVI2Q5mCSJKfBH5th3QPHw"/>
    </Dependency>
    <Dependency id="Tgf9uW2SRU6OSOTCiNbDzQ">
        <type value="endToStart"/>
        <previousActivity idref="-hDwUyvzTEemDc3qSzvl8Q"/>
        <nextActivity idref="_qeO7u2BROeTS3rZ1TQZ4A"/>
    </Dependency>
    <Dependency id="W5qzr310T4GYqOzERQuQqg">
        <type value="endToStart"/>
        <previousActivity idref="BojKVuSqRGOYgxGgZFxGpA"/>
        <nextActivity idref="BrO2nIhNQOCGrRxn2pyhKg"/>
    </Dependency>
    <Dependency id="bR3B-A0FSXKDe1phhiP4yw">
        <type value="endToStart"/>
        <previousActivity idref="_qeO7u2BROeTS3rZ1TQZ4A"/>
        <nextActivity idref="jD6iDLDMSzamgO8zVGrZLg"/>
    </Dependency>
    <Dependency id="ev3x4a4WSImYtsnkWkF2RA">
        <type value="endToStart"/>
        <previousActivity idref="ULCXbfqNRYSSzcqPpXY7gA"/>
        <nextActivity idref="Ep4R-VPEQDecxVyLcVvRCQ"/>
    </Dependency>
    <Dependency id="hMTFmmCARWukm7i7cGjZtQ">
        <type value="endToStart"/>
        <previousActivity idref="VmMPh37VSwGJuE_GEhSH1A"/>
        <nextActivity idref="ULCXbfqNRYSSzcqPpXY7gA"/>
    </Dependency>
    <Dependency id="kJXchDdFQeaN_jB6I02uUQ">
        <type value="endToStart"/>
        <previousActivity idref="bhzGUzgFSsaLJJjmX8He7g"/>
        <nextActivity idref="bWwXPIQhT0qb5eR11DUsfQ"/>
    </Dependency>
    <Dependency id="oyd8szncQyy0xYG1rAO5zA">
        <type value="endToStart"/>
        <previousActivity idref="erhwttLLTFSpAP6zV4aZBg"/>
        <nextActivity idref="uEDYuwscQR-eC8jYX6GFxg"/>
    </Dependency>
    <Dependency id="q1C5yQ23RF-wDrl3LQj02Q">
        <type value="endToStart"/>
        <previousActivity idref="RdyjsjSHRX2bQqhPLVlNjg"/>
        <nextActivity idref="TkLX5u_PSOK3lYdg5NLl-w"/>
    </Dependency>
    <Dependency id="s5ZvKKgeQ5u1MZRS-_DLew">
        <type value="endToStart"/>
        <previousActivity idref="4MPHPRSwQjyF2nZpf5DkAg"/>
        <nextActivity idref="j8JGBp0WQzSbT1vG5HBL7w"/>
    </Dependency>
    <Dependency id="t5oJmIhiS62LJJ6bPC-7vA">
        <type value="endToStart"/>
        <previousActivity idref="6VSXvIVJRuqtyG1rARnUvQ"/>
        <nextActivity idref="5p0jF70lSKqg_POdNH1ekA"/>
    </Dependency>
    <Dependency id="tOqw2u-0S46341gNw68_yA">
        <type value="endToStart"/>
        <previousActivity idref="TkLX5u_PSOK3lYdg5NLl-w"/>
        <nextActivity idref="q8M2nTANSC2Eu_E1IFzMNw"/>
    </Dependency>
    <Dependency id="xKfFGGg9S9OYlYKczbJrwQ">
        <type value="startToStart"/>
        <previousActivity idref="Ep4R-VPEQDecxVyLcVvRCQ"/>
        <nextActivity idref="-hDwUyvzTEemDc3qSzvl8Q"/>
    </Dependency>
    <BaseCalendar id="iWAgnr6PSVyv9IBvXVsqsQ">
        <CalendarWeekDayRule weekDay="sunday">
            <dayTimeInterval startTime="00:00:00" endTime="00:00:00"/>
        </CalendarWeekDayRule>
        <CalendarWeekDayRule weekDay="monday">
            <dayTimeInterval startTime="00:00:00" endTime="00:00:00"/>
        </CalendarWeekDayRule>
        <CalendarWeekDayRule weekDay="tuesday">
            <dayTimeInterval startTime="00:00:00" endTime="00:00:00"/>
        </CalendarWeekDayRule>
        <CalendarWeekDayRule weekDay="wednesday">
            <dayTimeInterval startTime="00:00:00" endTime="00:00:00"/>
        </CalendarWeekDayRule>
        <CalendarWeekDayRule weekDay="thursday">
            <dayTimeInterval startTime="00:00:00" endTime="00:00:00"/>
        </CalendarWeekDayRule>
        <CalendarWeekDayRule weekDay="friday">
            <dayTimeInterval startTime="00:00:00" endTime="00:00:00"/>
        </CalendarWeekDayRule>
        <CalendarWeekDayRule weekDay="saturday">
            <dayTimeInterval startTime="00:00:00" endTime="00:00:00"/>
        </CalendarWeekDayRule>
        <title value="24 hours"/>
    </BaseCalendar>
    <BaseCalendar id="yqG1-JMxTaCsRpIwQ_42TA">
        <CalendarWeekDayRule weekDay="sunday"/>
        <CalendarWeekDayRule weekDay="monday">
            <dayTimeInterval startTime="23:00:00" endTime="00:00:00"/>
        </CalendarWeekDayRule>
        <CalendarWeekDayRule weekDay="tuesday">
            <dayTimeInterval startTime="00:00:00" endTime="03:00:00"/>
            <dayTimeInterval startTime="04:00:00" endTime="08:00:00"/>
            <dayTimeInterval startTime="23:00:00" endTime="00:00:00"/>
        </CalendarWeekDayRule>
        <CalendarWeekDayRule weekDay="wednesday">
            <dayTimeInterval startTime="00:00:00" endTime="03:00:00"/>
            <dayTimeInterval startTime="04:00:00" endTime="08:00:00"/>
            <dayTimeInterval startTime="23:00:00" endTime="00:00:00"/>
        </CalendarWeekDayRule>
        <CalendarWeekDayRule weekDay="thursday">
            <dayTimeInterval startTime="00:00:00" endTime="03:00:00"/>
            <dayTimeInterval startTime="04:00:00" endTime="08:00:00"/>
            <dayTimeInterval startTime="23:00:00" endTime="00:00:00"/>
        </CalendarWeekDayRule>
        <CalendarWeekDayRule weekDay="friday">
            <dayTimeInterval startTime="00:00:00" endTime="03:00:00"/>
            <dayTimeInterval startTime="04:00:00" endTime="08:00:00"/>
            <dayTimeInterval startTime="23:00:00" endTime="00:00:00"/>
        </CalendarWeekDayRule>
        <CalendarWeekDayRule weekDay="saturday">
            <dayTimeInterval startTime="00:00:00" endTime="03:00:00"/>
            <dayTimeInterval startTime="04:00:00" endTime="08:00:00"/>
        </CalendarWeekDayRule>
        <title value="Night Shift"/>
    </BaseCalendar>
    <BaseCalendar id="awk9ZfwYTSycLZgO0zA2Xw">
        <CalendarWeekDayRule weekDay="sunday"/>
        <CalendarWeekDayRule weekDay="monday">
            <dayTimeInterval startTime="08:00:00" endTime="12:00:00"/>
            <dayTimeInterval startTime="13:00:00" endTime="17:00:00"/>
        </CalendarWeekDayRule>
        <CalendarWeekDayRule weekDay="tuesday">
            <dayTimeInterval startTime="08:00:00" endTime="12:00:00"/>
            <dayTimeInterval startTime="13:00:00" endTime="17:00:00"/>
        </CalendarWeekDayRule>
        <CalendarWeekDayRule weekDay="wednesday">
            <dayTimeInterval startTime="08:00:00" endTime="12:00:00"/>
            <dayTimeInterval startTime="13:00:00" endTime="17:00:00"/>
        </CalendarWeekDayRule>
        <CalendarWeekDayRule weekDay="thursday">
            <dayTimeInterval startTime="08:00:00" endTime="12:00:00"/>
            <dayTimeInterval startTime="13:00:00" endTime="17:00:00"/>
        </CalendarWeekDayRule>
        <CalendarWeekDayRule weekDay="friday">
            <dayTimeInterval startTime="08:00:00" endTime="12:00:00"/>
            <dayTimeInterval startTime="13:00:00" endTime="17:00:00"/>
        </CalendarWeekDayRule>
        <CalendarWeekDayRule weekDay="saturday"/>
        <title value="Standard"/>
    </BaseCalendar>
    <ListValueProperty entity="Resource" name="role">
        <ListValue id="d18aJarySJqcUxWp6feFDg" title="Client"/>
        <ListValue id="GAkowOdJRU-_0GW7rHkwxQ" title="Partie prenante"/>
        <ListValue id="lsQZ1anPSv-FiIHuVPWzPA" title="Directeur de projet"/>
        <ListValue id="i688oqdXSTynanp5tmN-9w" title="Chef de projet"/>
        <ListValue id="V2QYBFiqRxSf4E2UpQzHJw" title="Responsable des tâches"/>
        <ListValue id="eESWkbvgRxWARj3yAhOIfA" title="Développeur"/>
        <ListValue id="woNPk6tPTWuTtOqtaneDEg" title="Ingénieur"/>
        <ListValue id="afw6mGx_ReapsdKe-Llr4Q" title="Marketing"/>
        <ListValue id="asXMx73eSySkwyzUzVWuxQ" title="Ventes"/>
        <ListValue id="_Qd5NP57TG-xVG2HCHOHlQ" title="Assistance"/>
        <ListValue id="rPZYteR-R5WcFDNXGjqt4Q" title="Membre de l'équipe"/>
        <ListValue id="nUDvkKEQSD2y-ryL-g6jDA" title="Sous-traitant"/>
        <ListValue id="Gaaws0A6TWmRG12XtmuwSA" title="Consultant"/>
        <ListValue id="2qMZOvDdTxS-37-G62n8XQ" title="Créateur"/>
        <ListValue id="gZnAEJ-uTvuye8lVCsnX8A" title="Chef de projet"/>
    </ListValueProperty>
    <ListValueProperty entity="File" name="status">
        <ListValue id="A94wJThnTvqsFjBvSTvovg" title="Nouveau" attentionLevel="critical"/>
        <ListValue id="vHFpgDMvTCCy2a0sQZ8d1g" title="Ébauche" attentionLevel="warning"/>
        <ListValue id="mlIQ_SLTSYmLwYrPw3ocKA" title="En examen" attentionLevel="warning"/>
        <ListValue id="1mYz-SJuRYKJHyL7xcLqzQ" title="Examen technique" attentionLevel="warning"/>
        <ListValue id="9rrdS5DWTY2u5sh09mU7Gg" title="Examen juridique" attentionLevel="warning"/>
        <ListValue id="RoFeu542RyiEB1Z_K9_6Pg" title="Examen par le client" attentionLevel="warning"/>
        <ListValue id="xaDDFcIoQWiv0Yhw-aNd_g" title="Rejeté" attentionLevel="critical"/>
        <ListValue id="-BfBP4LVR2OoAospU0Nstw" title="Approuvé" attentionLevel="normal"/>
    </ListValueProperty>
    <ListValueProperty entity="Information" name="kind">
        <ListValue id="CcvkFLERS422Narsf0k1iw" title="Par téléphone">
            <ListValue id="V46iBQx1Rvi6gppUlWnfVw" title="Sortant" attentionLevel="normal"/>
            <ListValue id="KEcCDxltSVGEDuiLtgSwpA" title="Entrant" attentionLevel="normal"/>
            <ListValue id="d7wW45sYQ1CUmvK1gg3wXQ" title="Appeler" attentionLevel="critical"/>
            <ListValue id="cKa0zbrRQxW6DWJ2HbFawQ" title="Va rappeler" attentionLevel="warning"/>
        </ListValue>
        <ListValue id="iQO5TyUVSL6UA_OBdEtQcw" title="Écrit">
            <ListValue id="cAX3DzZsT_Sj_MIMK67g4w" title="E-mail" attentionLevel="normal"/>
            <ListValue id="x7gANCVxQMuBEIq1BY1TXw" title="Fax" attentionLevel="normal"/>
            <ListValue id="EK_oIyEOQ8Op8NIHsJYg-w" title="Lettre" attentionLevel="normal"/>
            <ListValue id="QdKmMIYER7ulhhMjAPaz0g" title="Note" attentionLevel="normal"/>
            <ListValue id="sXNacGucQKKr01m2mKVZxQ" title="Facture" attentionLevel="warning"/>
        </ListValue>
        <ListValue id="L-zBCwoMRzOw8CtbXUAU0Q" title="Personnel">
            <ListValue id="t9DWKxcMSxabSDCaXtfNnw" title="Au bureau" attentionLevel="normal"/>
            <ListValue id="7avz6dVeTF2H4QOVrWzZtQ" title="Avec un client" attentionLevel="normal"/>
            <ListValue id="pvYdYHA0TpOln3rmll9s7w" title="Conférence" attentionLevel="normal"/>
            <ListValue id="_-L1JXzuTXGsePXxx7hKGg" title="Salon" attentionLevel="normal"/>
        </ListValue>
        <ListValue id="o-BCIOq7QLeecNSCOa9Ltw" title="Information">
            <ListValue id="f18fmOB9QJyrL2kESePt0A" title="Commentaire" attentionLevel="normal"/>
        </ListValue>
    </ListValueProperty>
    <ListValueProperty entity="Issue" name="category">
        <ListValue id="W8ies4lmSQ2RfAAFVysrwg" title="Global"/>
        <ListValue id="FUuBCJ-2RVe0aGh-QdhK7w" title="Employés"/>
        <ListValue id="dRgqEfoQRMqkapFNvXfI6A" title="Environnement"/>
        <ListValue id="oyz1f_hUTO6mpgEl05OueA" title="Finances"/>
        <ListValue id="hA6ewiRXSsqy-uQIRjh7dQ" title="Technique"/>
    </ListValueProperty>
    <ListValueProperty entity="Issue" name="kind">
        <ListValue id="G9rzHmFPS4utS4Vh6fP0xg" title="Problème"/>
        <ListValue id="p6mH5IJcRvaI09GMkIzyxA" title="Bogue"/>
        <ListValue id="H1XiANmPT_i9bqlAHQzftg" title="Demande de modification"/>
        <ListValue id="FcCOoNv0SvuSPGq2TWDFrQ" title="Demande d'amélioration"/>
    </ListValueProperty>
    <ListValueProperty entity="Issue" name="status">
        <ListValue id="bS8XC9D3SOC5Xf_Z-z7ByQ" title="Nouveau" attentionLevel="critical"/>
        <ListValue id="JyQvRk_xT1qhlQVoTl8XQw" title="Non affecté" attentionLevel="critical"/>
        <ListValue id="qZM0mcAJQmG0-v52dFRwaQ" title="En cours" attentionLevel="warning"/>
        <ListValue id="WAWpKQCRQrOd1g6akHDgBw" title="Informations supplémentaires requises" attentionLevel="warning"/>
        <ListValue id="kTBGB5G3TU6rVdVUJb6JKg" title="Corrigé" attentionLevel="normal"/>
        <ListValue id="wLCRH9K5S0y8gXWxVXzcoA" title="Rejeté" attentionLevel="normal"/>
    </ListValueProperty>
    <ListValueProperty entity="Risk" name="riskGroup">
        <ListValue id="T1JmTdqgRlC1sLDlEBne8w" title="Global"/>
        <ListValue id="avFLE9gET5iBZZHZi3FpMg" title="Opérationnel"/>
        <ListValue id="OxbluD2hRSS1Flp53cDZRg" title="Employés"/>
        <ListValue id="sif4cGUJQimnTnN8gMWbDA" title="Finances"/>
        <ListValue id="AFAcNkySR6Su3GMVzHTW0g" title="Technique"/>
    </ListValueProperty>
    <ListValueProperty entity="Cost" name="kind">
        <ListValue id="W762g6c-SGWp5fgpvs6Abg" title="Conseil"/>
        <ListValue id="Iv8M2jt1RquEz270K8b30A" title="Charges"/>
        <ListValue id="FejVYNMaT5aUuz1el5Pz6g" title="Matériel"/>
        <ListValue id="2yP-dSmaRbOQ6g8flkV9pw" title="Salle"/>
    </ListValueProperty>
    <ListValueProperty entity="Cost" name="status">
        <ListValue id="ZYs6hOmjS5aRzltreCht9Q" title="Requis" attentionLevel="warning"/>
        <ListValue id="Bj21Tz5pSyqanyTp4I22_A" title="Approuvé" attentionLevel="normal"/>
        <ListValue id="nS7czNbWT06YNbV1qdoSLA" title="Facture reçue" attentionLevel="critical"/>
        <ListValue id="2el3zpm_T0KE37ICIYzS1w" title="Facture débloquée" attentionLevel="warning"/>
        <ListValue id="CAjgFFo2TnWNGYWdMsDWDw" title="Facture payée" attentionLevel="normal"/>
    </ListValueProperty>
    <ListValueProperty entity="TaggableObject" name="tags">
        <ListValue id="2JV5tMyRQIC4goqeP9NudQ" title="Technique"/>
        <ListValue id="5yUAKNeSSnSBM2n8KOsErQ" title="Conception"/>
        <ListValue id="XMAM6awaT_yUjUYmz1ncHQ" title="Par écrit"/>
        <ListValue id="7Vabr5nsT4eqWwM7vfsHuQ" title="CP"/>
        <ListValue id="68yCWoeZRkmuxcB14e9E1Q" title="Client"/>
    </ListValueProperty>
    <CustomAttribute id="95FdItAcQbmESahJtNk_wA" title="Media">
        <targetEntityName value="Activity"/>
        <type value="media"/>
    </CustomAttribute>
</Project>