<?xml version="1.0" encoding="UTF-8"?>
<Project xmlns="http://schemas.projectwizards.net/merlin" xmlns:xsi="http://www.w3.org/2001/XMLSchema-instance">
    <UIConfigs viewType="WorkBreakdownView">
        <StyleCondition title="default.styleCondition.groups">
            <localizesTitle value="true"/>
            <target value="document.view.row"/>
            <CompoundPredicate>
                <type value="and"/>
                <ComparisonPredicate>
                    <objectType value="Activity"/>
                    <key value="isGroup"/>
                    <operatorType value="yes"/>
                </ComparisonPredicate>
            </CompoundPredicate>
        </StyleCondition>
        <StyleCondition title="default.styleCondition.project">
            <localizesTitle value="true"/>
            <target value="document.view.row"/>
            <CompoundPredicate>
                <type value="and"/>
                <ComparisonPredicate>
                    <objectType value="Activity"/>
                    <key value="level"/>
                    <operatorType value="equalTo"/>
                    <value value="0"/>
                </ComparisonPredicate>
            </CompoundPredicate>
        </StyleCondition>
        <StyleCondition title="default.styleCondition.negativeCurrencyValue">
            <localizesTitle value="true"/>
            <target value="document.view.row"/>
            <CompoundPredicate>
                <type value="and"/>
                <ComparisonPredicate>
                    <objectType value="StyleContext"/>
                    <key value="isNegativeCurrencyValue"/>
                    <operatorType value="yes"/>
                </ComparisonPredicate>
            </CompoundPredicate>
        </StyleCondition>
        <StyleCondition title="default.styleCondition.collapsed">
            <localizesTitle value="true"/>
            <target value="document.view.row"/>
            <CompoundPredicate>
                <type value="and"/>
                <ComparisonPredicate>
                    <objectType value="StyleContext"/>
                    <key value="collapseState"/>
                    <operatorType value="notEqualTo"/>
                    <value value="expanded"/>
                </ComparisonPredicate>
            </CompoundPredicate>
        </StyleCondition>
        <StyleCondition title="default.styleCondition.hyperlink">
            <localizesTitle value="true"/>
            <target value="document.view.row"/>
            <CompoundPredicate>
                <type value="and"/>
                <ComparisonPredicate>
                    <objectType value="StyleContext"/>
                    <key value="isHyperlink"/>
                    <operatorType value="yes"/>
                </ComparisonPredicate>
            </CompoundPredicate>
        </StyleCondition>
        <StyleCondition title="default.styleCondition.selection">
            <localizesTitle value="true"/>
            <target value="document.view.row"/>
            <CompoundPredicate>
                <type value="and"/>
                <ComparisonPredicate>
                    <objectType value="StyleContext"/>
                    <key value="isSelected"/>
                    <operatorType value="yes"/>
                </ComparisonPredicate>
            </CompoundPredicate>
        </StyleCondition>
        <StyleCondition title="default.styleCondition.filtered">
            <localizesTitle value="true"/>
            <target value="document.view.row"/>
            <CompoundPredicate>
                <type value="and"/>
                <ComparisonPredicate>
                    <objectType value="StyleContext"/>
                    <key value="isFiltered"/>
                    <operatorType value="yes"/>
                </ComparisonPredicate>
            </CompoundPredicate>
        </StyleCondition>
        <StyleCondition title="default.styleCondition.changed">
            <localizesTitle value="true"/>
            <target value="document.view.row"/>
            <CompoundPredicate>
                <type value="and"/>
                <ComparisonPredicate>
                    <objectType value="StyleContext"/>
                    <key value="isChanged"/>
                    <operatorType value="yes"/>
                </ComparisonPredicate>
            </CompoundPredicate>
        </StyleCondition>
        <ColumnSet title="default.columnSet.standard">
            <viewSubType value="General"/>
            <localizesTitle value="true"/>
            <ColumnConfiguration identifier="flatOrder">
                <localizesTitle value="true"/>
            </ColumnConfiguration>
            <ColumnConfiguration>
                <customAttribute title="default.column.topic"/>
                <localizesTitle value="true"/>
                <isOutlineColumn value="true"/>
            </ColumnConfiguration>
        </ColumnSet>
        <Filter title="Is Group">
            <viewSubType value="General"/>
            <localizesTitle value="true"/>
            <CompoundPredicate>
                <type value="and"/>
                <ComparisonPredicate>
                    <objectType value="Activity"/>
                    <key value="isGroup"/>
                    <operatorType value="yes"/>
                </ComparisonPredicate>
            </CompoundPredicate>
            <filterMode value="showNonMatchingHierarchy"/>
        </Filter>
        <Filter title="Is Top Level">
            <viewSubType value="General"/>
            <localizesTitle value="true"/>
            <CompoundPredicate>
                <type value="and"/>
                <ComparisonPredicate>
                    <objectType value="Activity"/>
                    <key value="level"/>
                    <operatorType value="equalTo"/>
                    <value value="1"/>
                </ComparisonPredicate>
            </CompoundPredicate>
            <filterMode value="showNonMatchingHierarchy"/>
        </Filter>
        <GanttViewConfiguration title="default.view.standard">
            <viewSubType value="General"/>
            <localizesTitle value="true"/>
            <styleRules>
                <target path="document.view">
                    <styleRule>
                        <outlineStyle>
                            <verticalAlignment value="middle"/>
                        </outlineStyle>
                    </styleRule>
                </target>
                <target path="document.view.header">
                    <styleRule>
                        <outlineStyle>
                            <backgroundColor r="0" g="0" b="0" a="0.125"/>
                            <gradientStyle value="regular"/>
                            <shadowStyle value="regular"/>
                            <minHeight amount="1.5" unit="em"/>
                            <maxHeight amount="18" unit="em"/>
                            <horizontalPadding amount="3" unit="points"/>
                            <verticalPadding amount="2" unit="points"/>
                            <verticalAlignment value="top"/>
                        </outlineStyle>
                    </styleRule>
                </target>
                <target path="document.view.row">
                    <styleRule>
                        <outlineStyle>
                            <verticalAlignment value="top"/>
                        </outlineStyle>
                    </styleRule>
                    <styleRule>
                        <condition titleref="default.styleCondition.project"/>
                        <outlineStyle>
                            <fontWeight value="bold"/>
                        </outlineStyle>
                    </styleRule>
                    <styleRule>
                        <condition titleref="default.styleCondition.groups"/>
                        <outlineStyle>
                            <fontWeight value="bold"/>
                        </outlineStyle>
                    </styleRule>
                    <styleRule>
                        <condition titleref="default.styleCondition.hyperlink"/>
                        <outlineStyle>
                            <textDecoration value="underline"/>
                            <color r="0" g="0" b="0.878431" a="1"/>
                        </outlineStyle>
                    </styleRule>
                    <styleRule>
                        <condition titleref="default.styleCondition.filtered"/>
                        <outlineStyle>
                            <color r="0.752941" g="0.752941" b="0.752941" a="1"/>
                        </outlineStyle>
                    </styleRule>
                    <styleRule>
                        <condition titleref="default.styleCondition.changed"/>
                        <outlineStyle>
                            <backgroundColor r="1" g="0.988235" b="0.243137" a="0.2"/>
                        </outlineStyle>
                    </styleRule>
                </target>
                <target path="document.view.row.cell">
                    <styleRule>
                        <outlineStyle>
                            <horizontalPadding amount="3" unit="points"/>
                            <verticalPadding amount="3" unit="points"/>
                        </outlineStyle>
                    </styleRule>
                    <styleRule>
                        <condition titleref="default.styleCondition.negativeCurrencyValue"/>
                        <outlineStyle>
                            <color r="1" g="0" b="0" a="1"/>
                        </outlineStyle>
                    </styleRule>
                    <styleRule>
                        <condition titleref="default.styleCondition.changed"/>
                        <outlineStyle>
                            <backgroundColor r="1" g="0.988235" b="0.243137" a="0.2"/>
                        </outlineStyle>
                    </styleRule>
                </target>
                <target path="document.view.background.evenRow">
                    <styleRule>
                        <outlineStyle>
                            <backgroundColor r="0.988235" g="0.988235" b="0.988235" a="1"/>
                        </outlineStyle>
                    </styleRule>
                </target>
                <target path="document.view.background.oddRow">
                    <styleRule>
                        <outlineStyle>
                            <backgroundColor r="0.941176" g="0.941176" b="0.941176" a="1"/>
                        </outlineStyle>
                    </styleRule>
                </target>
                <target path="document.view.separatorLines">
                    <styleRule>
                        <outlineStyle>
                            <color r="0" g="0" b="0" a="1"/>
                        </outlineStyle>
                    </styleRule>
                </target>
            </styleRules>
            <splitterState collapse="none"/>
            <printsHeaderAndFooter value="false"/>
            <printScalingType value="factor"/>
            <printScalingAmount value="1"/>
            <isHorizontalPageBreakSmart value="true"/>
            <isVerticalPageBreakSmart value="true"/>
            <printsWatermark value="false"/>
            <watermarkPosition value="middleCenter"/>
            <watermarkScalingMode value="fit"/>
            <watermarkOpacity value="1"/>
            <watermarkLayer value="belowContent"/>
            <showsNonEditableFields value="true"/>
            <showsChanges value="true"/>
            <showsGradients value="true"/>
            <showsShadows value="true"/>
            <showsBackgroundForPrinting value="true"/>
            <showsGradientsForPrinting value="false"/>
            <showsShadowsForPrinting value="false"/>
            <usesSelectionDependentStyles value="true"/>
            <columnSet titleref="default.columnSet.standard"/>
            <sortConfiguration direction="ascending">
                <key value="flatOrder"/>
            </sortConfiguration>
        </GanttViewConfiguration>
    </UIConfigs>
    <UIConfigs viewType="AttachmentsView">
        <StyleCondition title="default.styleCondition.hyperlink">
            <localizesTitle value="true"/>
            <target value="document.view.row"/>
            <CompoundPredicate>
                <type value="and"/>
                <ComparisonPredicate>
                    <objectType value="StyleContext"/>
                    <key value="isHyperlink"/>
                    <operatorType value="yes"/>
                </ComparisonPredicate>
            </CompoundPredicate>
        </StyleCondition>
        <StyleCondition title="default.styleCondition.selection">
            <localizesTitle value="true"/>
            <target value="document.view.row"/>
            <CompoundPredicate>
                <type value="and"/>
                <ComparisonPredicate>
                    <objectType value="StyleContext"/>
                    <key value="isSelected"/>
                    <operatorType value="yes"/>
                </ComparisonPredicate>
            </CompoundPredicate>
        </StyleCondition>
        <StyleCondition title="default.styleCondition.filtered">
            <localizesTitle value="true"/>
            <target value="document.view.row"/>
            <CompoundPredicate>
                <type value="and"/>
                <ComparisonPredicate>
                    <objectType value="StyleContext"/>
                    <key value="isFiltered"/>
                    <operatorType value="yes"/>
                </ComparisonPredicate>
            </CompoundPredicate>
        </StyleCondition>
        <StyleCondition title="default.styleCondition.changed">
            <localizesTitle value="true"/>
            <target value="document.view.row"/>
            <CompoundPredicate>
                <type value="and"/>
                <ComparisonPredicate>
                    <objectType value="StyleContext"/>
                    <key value="isChanged"/>
                    <operatorType value="yes"/>
                </ComparisonPredicate>
            </CompoundPredicate>
        </StyleCondition>
        <ColumnSet title="default.columnSet.standard">
            <viewSubType value="Files"/>
            <localizesTitle value="true"/>
            <ColumnConfiguration identifier="attributedTitle">
                <localizesTitle value="true"/>
            </ColumnConfiguration>
            <ColumnConfiguration identifier="holder">
                <localizesTitle value="true"/>
                <formatOptions>
                	<levels value="1"/>
                </formatOptions>
            </ColumnConfiguration>
            <ColumnConfiguration identifier="status">
                <localizesTitle value="true"/>
                <lineBreakMode value="wordWrapInAvailableSpace"/>
            </ColumnConfiguration>
        </ColumnSet>
        <Filter title="Test2">
            <viewSubType value="Files"/>
            <localizesTitle value="true"/>
            <CompoundPredicate>
                <type value="and"/>
                <ComparisonPredicate>
                    <objectType value="File"/>
                    <key value="title"/>
                    <operatorType value="contains"/>
                    <value value="test"/>
                </ComparisonPredicate>
            </CompoundPredicate>
            <filterMode value="showNonMatchingHierarchy"/>
        </Filter>
        <AttachmentsViewConfiguration title="default.view.files">
            <viewSubType value="Files"/>
            <localizesTitle value="true"/>
            <styleRules>
                <target path="document.view">
                    <styleRule>
                        <outlineStyle>
                            <color r="0" g="0" b="0" a="1"/>
                            <backgroundColor r="1" g="1" b="1" a="1"/>
                            <verticalAlignment value="middle"/>
                        </outlineStyle>
                    </styleRule>
                </target>
                <target path="document.view.header">
                    <styleRule>
                        <outlineStyle>
                            <backgroundColor r="0" g="0" b="0" a="0.125"/>
                            <gradientStyle value="regular"/>
                            <shadowStyle value="regular"/>
                            <minHeight amount="12" unit="points"/>
                            <maxHeight amount="200" unit="points"/>
                            <horizontalPadding amount="3" unit="points"/>
                            <verticalPadding amount="2" unit="points"/>
                            <verticalAlignment value="top"/>
                        </outlineStyle>
                    </styleRule>
                </target>
                <target path="document.view.row">
                    <styleRule>
                        <outlineStyle>
                            <minHeight amount="17" unit="points"/>
                            <maxHeight amount="100" unit="points"/>
                            <verticalAlignment value="dynamic"/>
                        </outlineStyle>
                    </styleRule>
                    <styleRule>
                        <condition titleref="default.styleCondition.hyperlink"/>
                        <outlineStyle>
                            <textDecoration value="underline"/>
                            <color r="0" g="0" b="0.878431" a="1"/>
                        </outlineStyle>
                    </styleRule>
                    <styleRule>
                        <condition titleref="default.styleCondition.filtered"/>
                        <outlineStyle>
                            <color r="0.878431" g="0.878431" b="0.878431" a="1"/>
                        </outlineStyle>
                    </styleRule>
                    <styleRule>
                        <condition titleref="default.styleCondition.changed"/>
                        <outlineStyle>
                            <backgroundColor r="1" g="0.988235" b="0.243137" a="0.2"/>
                        </outlineStyle>
                    </styleRule>
                </target>
                <target path="document.view.row.cell">
                    <styleRule>
                        <outlineStyle>
                            <backgroundColor r="0" g="0" b="0" a="0"/>
                            <horizontalPadding amount="3" unit="points"/>
                            <verticalPadding amount="3" unit="points"/>
                        </outlineStyle>
                    </styleRule>
                    <styleRule>
                        <condition titleref="default.styleCondition.changed"/>
                        <outlineStyle>
                            <backgroundColor r="1" g="0.988235" b="0.243137" a="0.2"/>
                        </outlineStyle>
                    </styleRule>
                </target>
                <target path="document.view.background.evenRow">
                    <styleRule>
                        <outlineStyle>
                            <backgroundColor r="0.988235" g="0.988235" b="0.988235" a="1"/>
                        </outlineStyle>
                    </styleRule>
                </target>
                <target path="document.view.background.oddRow">
                    <styleRule>
                        <outlineStyle>
                            <backgroundColor r="0.941176" g="0.941176" b="0.941176" a="1"/>
                        </outlineStyle>
                    </styleRule>
                </target>
                <target path="document.view.separatorLines">
                    <styleRule>
                        <outlineStyle>
                            <color r="0" g="0" b="0" a="1"/>
                        </outlineStyle>
                    </styleRule>
                </target>
            </styleRules>
            <columnSet titleref="default.columnSet.standard"/>
            <sortConfiguration direction="ascending">
                <key value="attributedTitle"/>
            </sortConfiguration>
            <showsDescendantAttachments value="true"/>
        </AttachmentsViewConfiguration>
    </UIConfigs>
    <UIConfigs viewType="ResourcesView">
        <StyleCondition title="default.styleCondition.hyperlink">
            <localizesTitle value="true"/>
            <target value="document.view.row"/>
            <CompoundPredicate>
                <type value="and"/>
                <ComparisonPredicate>
                    <objectType value="StyleContext"/>
                    <key value="isHyperlink"/>
                    <operatorType value="yes"/>
                </ComparisonPredicate>
            </CompoundPredicate>
        </StyleCondition>
        <StyleCondition title="default.styleCondition.selection">
            <localizesTitle value="true"/>
            <target value="document.view.row"/>
            <CompoundPredicate>
                <type value="and"/>
                <ComparisonPredicate>
                    <objectType value="StyleContext"/>
                    <key value="isSelected"/>
                    <operatorType value="yes"/>
                </ComparisonPredicate>
            </CompoundPredicate>
        </StyleCondition>
        <StyleCondition title="default.styleCondition.filtered">
            <localizesTitle value="true"/>
            <target value="document.view.row"/>
            <CompoundPredicate>
                <type value="and"/>
                <ComparisonPredicate>
                    <objectType value="StyleContext"/>
                    <key value="isFiltered"/>
                    <operatorType value="yes"/>
                </ComparisonPredicate>
            </CompoundPredicate>
        </StyleCondition>
        <StyleCondition title="default.styleCondition.changed">
            <localizesTitle value="true"/>
            <target value="document.view.row"/>
            <CompoundPredicate>
                <type value="and"/>
                <ComparisonPredicate>
                    <objectType value="StyleContext"/>
                    <key value="isChanged"/>
                    <operatorType value="yes"/>
                </ComparisonPredicate>
            </CompoundPredicate>
        </StyleCondition>
        <ColumnSet title="default.columnSet.entry">
            <viewSubType value="General"/>
            <localizesTitle value="true"/>
            <ColumnConfiguration identifier="traits">
                <localizesTitle value="true"/>
            </ColumnConfiguration>
            <ColumnConfiguration identifier="attributedTitle">
                <localizesTitle value="true"/>
            </ColumnConfiguration>
            <ColumnConfiguration identifier="email">
                <localizesTitle value="true"/>
            </ColumnConfiguration>
        </ColumnSet>
        <OutlineViewConfiguration title="default.view.standard">
            <viewSubType value="General"/>
            <localizesTitle value="true"/>
            <styleRules>
                <target path="document.view">
                    <styleRule>
                        <outlineStyle>
                            <backgroundColor r="1" g="1" b="1" a="1"/>
                            <verticalAlignment value="middle"/>
                        </outlineStyle>
                    </styleRule>
                </target>
                <target path="document.view.header">
                    <styleRule>
                        <outlineStyle>
                            <backgroundColor r="0" g="0" b="0" a="0.125"/>
                            <gradientStyle value="regular"/>
                            <shadowStyle value="regular"/>
                            <minHeight amount="12" unit="points"/>
                            <maxHeight amount="200" unit="points"/>
                            <horizontalPadding amount="3" unit="points"/>
                            <verticalPadding amount="2" unit="points"/>
                            <verticalAlignment value="top"/>
                        </outlineStyle>
                    </styleRule>
                </target>
                <target path="document.view.row">
                    <styleRule>
                        <outlineStyle>
                            <minHeight amount="20" unit="points"/>
                            <maxHeight amount="100" unit="points"/>
                            <verticalAlignment value="dynamic"/>
                        </outlineStyle>
                    </styleRule>
                    <styleRule>
                        <condition titleref="default.styleCondition.hyperlink"/>
                        <outlineStyle>
                            <textDecoration value="underline"/>
                            <color r="0" g="0" b="0.878431" a="1"/>
                        </outlineStyle>
                    </styleRule>
                    <styleRule>
                        <condition titleref="default.styleCondition.filtered"/>
                        <outlineStyle>
                            <color r="0.878431" g="0.878431" b="0.878431" a="1"/>
                        </outlineStyle>
                    </styleRule>
                    <styleRule>
                        <condition titleref="default.styleCondition.changed"/>
                        <outlineStyle>
                            <backgroundColor r="1" g="0.988235" b="0.243137" a="0.2"/>
                        </outlineStyle>
                    </styleRule>
                </target>
                <target path="document.view.row.cell">
                    <styleRule>
                        <outlineStyle>
                            <backgroundColor r="0" g="0" b="0" a="0"/>
                            <horizontalPadding amount="3" unit="points"/>
                            <verticalPadding amount="3" unit="points"/>
                        </outlineStyle>
                    </styleRule>
                    <styleRule>
                        <condition titleref="default.styleCondition.changed"/>
                        <outlineStyle>
                            <backgroundColor r="1" g="0.988235" b="0.243137" a="0.2"/>
                        </outlineStyle>
                    </styleRule>
                </target>
                <target path="document.view.background.evenRow">
                    <styleRule>
                        <outlineStyle>
                            <backgroundColor r="1" g="1" b="1" a="0"/>
                        </outlineStyle>
                    </styleRule>
                </target>
                <target path="document.view.background.oddRow">
                    <styleRule>
                        <outlineStyle>
                            <backgroundColor r="0" g="0" b="0" a="0.065"/>
                        </outlineStyle>
                    </styleRule>
                </target>
                <target path="document.view.separatorLines">
                    <styleRule>
                        <outlineStyle>
                            <color r="0" g="0" b="0" a="1"/>
                        </outlineStyle>
                    </styleRule>
                </target>
            </styleRules>
            <splitterState collapse="first"/>
            <columnSet titleref="default.columnSet.entry"/>
            <sortConfiguration direction="ascending">
                <key value="order"/>
            </sortConfiguration>
        </OutlineViewConfiguration>
    </UIConfigs>
    <WindowsConfiguration title="default.windowsConfiguration.standard">
        <localizesTitle value="true"/>
        <WindowConfiguration>
            <primaryPane activeType="WorkBreakdownView">
                <viewConfiguration titleref="default.view.standard" type="WorkBreakdownView"/>
                <viewConfiguration titleref="default.view.standard" type="ResourcesView"/>
            </primaryPane>
            <secondaryPane activeType="AttachmentsView">
                <viewConfiguration titleref="default.view.files" type="AttachmentsView"/>
            </secondaryPane>
            <viewsSplitterState collapse="second" second="200"/>
            <infoAreaSplitterState collapse="none" second="300"/>
            <frame w="1100" h="600"/>
        </WindowConfiguration>
    </WindowsConfiguration>
</Project>