<?xml version="1.0" encoding="UTF-8"?>
<Project xmlns="http://schemas.projectwizards.net/merlin" xmlns:xsi="http://www.w3.org/2001/XMLSchema-instance">
    <UIConfigs viewType="WorkBreakdownView">
        <StyleCondition title="criticalPath">
            <localizesTitle value="true"/>
            <target value="document.view.ganttLine"/>
            <CompoundPredicate>
                <type value="and"/>
                <ComparisonPredicate>
                    <key value="isExpectedCritical"/>
                    <operatorType value="yes"/>
                </ComparisonPredicate>
            </CompoundPredicate>
        </StyleCondition>
        <StyleCondition title="strongConflicts">
            <localizesTitle value="true"/>
            <target value="document.view.ganttLine"/>
            <CompoundPredicate>
                <type value="and"/>
                <ComparisonPredicate>
                    <objectType value="StyleContext"/>
                    <key value="conflictsStrength"/>
                    <operatorType value="equalTo"/>
                    <value value="strong"/>
                </ComparisonPredicate>
            </CompoundPredicate>
        </StyleCondition>
        <StyleCondition title="done">
            <localizesTitle value="true"/>
            <target value="document.view.row"/>
            <CompoundPredicate>
                <type value="and"/>
                <ComparisonPredicate>
                    <objectType value="Activity"/>
                    <key value="actualCompletion"/>
                    <operatorType value="equalTo"/>
                    <value value="1"/>
                </ComparisonPredicate>
            </CompoundPredicate>
        </StyleCondition>
        <StyleCondition title="rootActivity">
            <localizesTitle value="true"/>
            <target value="document.view.row"/>
            <CompoundPredicate>
                <type value="and"/>
                <ComparisonPredicate>
                    <objectType value="Activity"/>
                    <key value="level"/>
                    <operatorType value="equalTo"/>
                    <value value="0"/>
                </ComparisonPredicate>
            </CompoundPredicate>
        </StyleCondition>
        <StyleCondition title="groups">
            <localizesTitle value="true"/>
            <target value="document.view.row"/>
            <CompoundPredicate>
                <type value="and"/>
                <ComparisonPredicate>
                    <objectType value="Activity"/>
                    <key value="isGroup"/>
                    <operatorType value="yes"/>
                </ComparisonPredicate>
            </CompoundPredicate>
        </StyleCondition>
        <StyleCondition title="assignments">
            <localizesTitle value="true"/>
            <target value="document.view.row"/>
            <CompoundPredicate>
                <type value="and"/>
                <ComparisonPredicate>
                    <objectType value="Assignment"/>
                    <key value="yes"/>
                </ComparisonPredicate>
            </CompoundPredicate>
        </StyleCondition>
        <StyleCondition title="activities">
            <localizesTitle value="true"/>
            <target value="document.view.row"/>
            <CompoundPredicate>
                <type value="and"/>
                <ComparisonPredicate>
                    <objectType value="Activity"/>
                    <key value="yes"/>
                </ComparisonPredicate>
            </CompoundPredicate>
        </StyleCondition>
        <StyleCondition title="leafActivities">
            <localizesTitle value="true"/>
            <target value="document.view.row"/>
            <CompoundPredicate>
                <type value="and"/>
                <ComparisonPredicate>
                    <objectType value="Activity"/>
                    <key value="isGroup"/>
                    <operatorType value="no"/>
                </ComparisonPredicate>
            </CompoundPredicate>
        </StyleCondition>
        <StyleCondition title="onTime">
            <localizesTitle value="true"/>
            <target value="document.view.row"/>
            <CompoundPredicate>
                <type value="and"/>
                <ComparisonPredicate>
                    <key value="status"/>
                    <operatorType value="equalTo"/>
                    <value value="onTime"/>
                </ComparisonPredicate>
            </CompoundPredicate>
        </StyleCondition>
        <StyleCondition title="slightlyBehindSchedule">
            <localizesTitle value="true"/>
            <target value="document.view.row"/>
            <CompoundPredicate>
                <type value="and"/>
                <ComparisonPredicate>
                    <key value="status"/>
                    <operatorType value="equalTo"/>
                    <value value="slightlyBehindSchedule"/>
                </ComparisonPredicate>
            </CompoundPredicate>
        </StyleCondition>
        <StyleCondition title="behindSchedule">
            <localizesTitle value="true"/>
            <target value="document.view.row"/>
            <CompoundPredicate>
                <type value="and"/>
                <ComparisonPredicate>
                    <key value="status"/>
                    <operatorType value="equalTo"/>
                    <value value="behindSchedule"/>
                </ComparisonPredicate>
            </CompoundPredicate>
        </StyleCondition>
        <StyleCondition title="criticalPath">
            <localizesTitle value="true"/>
            <target value="document.view.row"/>
            <CompoundPredicate>
                <type value="and"/>
                <ComparisonPredicate>
                    <key value="isExpectedCritical"/>
                    <operatorType value="yes"/>
                </ComparisonPredicate>
            </CompoundPredicate>
        </StyleCondition>
        <StyleCondition title="timePhase.normal">
            <localizesTitle value="true"/>
            <target value="document.view.row"/>
            <CompoundPredicate>
                <type value="and"/>
                <ComparisonPredicate>
                    <objectType value="StyleContext"/>
                    <key value="timePhaseAttentionLevel"/>
                    <operatorType value="equalTo"/>
                    <value value="normal"/>
                </ComparisonPredicate>
            </CompoundPredicate>
        </StyleCondition>
        <StyleCondition title="timePhase.warning">
            <localizesTitle value="true"/>
            <target value="document.view.row"/>
            <CompoundPredicate>
                <type value="and"/>
                <ComparisonPredicate>
                    <objectType value="StyleContext"/>
                    <key value="timePhaseAttentionLevel"/>
                    <operatorType value="equalTo"/>
                    <value value="warning"/>
                </ComparisonPredicate>
            </CompoundPredicate>
        </StyleCondition>
        <StyleCondition title="timePhase.critical">
            <localizesTitle value="true"/>
            <target value="document.view.row"/>
            <CompoundPredicate>
                <type value="and"/>
                <ComparisonPredicate>
                    <objectType value="StyleContext"/>
                    <key value="timePhaseAttentionLevel"/>
                    <operatorType value="equalTo"/>
                    <value value="critical"/>
                </ComparisonPredicate>
            </CompoundPredicate>
        </StyleCondition>
        <StyleCondition title="weakConflicts">
            <localizesTitle value="true"/>
            <target value="document.view.row"/>
            <CompoundPredicate>
                <type value="and"/>
                <ComparisonPredicate>
                    <objectType value="StyleContext"/>
                    <key value="contentConflictsStrength"/>
                    <operatorType value="equalTo"/>
                    <value value="weak"/>
                </ComparisonPredicate>
            </CompoundPredicate>
        </StyleCondition>
        <StyleCondition title="strongConflicts">
            <localizesTitle value="true"/>
            <target value="document.view.row"/>
            <CompoundPredicate>
                <type value="and"/>
                <ComparisonPredicate>
                    <objectType value="StyleContext"/>
                    <key value="contentConflictsStrength"/>
                    <operatorType value="equalTo"/>
                    <value value="strong"/>
                </ComparisonPredicate>
            </CompoundPredicate>
        </StyleCondition>
        <StyleCondition title="negativeCurrencyValue">
            <localizesTitle value="true"/>
            <target value="document.view.row"/>
            <CompoundPredicate>
                <type value="and"/>
                <ComparisonPredicate>
                    <objectType value="StyleContext"/>
                    <key value="isNegativeCurrencyValue"/>
                    <operatorType value="yes"/>
                </ComparisonPredicate>
            </CompoundPredicate>
        </StyleCondition>
        <StyleCondition title="collapsed">
            <localizesTitle value="true"/>
            <target value="document.view.row"/>
            <CompoundPredicate>
                <type value="and"/>
                <ComparisonPredicate>
                    <objectType value="StyleContext"/>
                    <key value="collapseState"/>
                    <operatorType value="notEqualTo"/>
                    <value value="expanded"/>
                </ComparisonPredicate>
            </CompoundPredicate>
        </StyleCondition>
        <StyleCondition title="expanded">
            <localizesTitle value="true"/>
            <target value="document.view.row"/>
            <CompoundPredicate>
                <type value="and"/>
                <ComparisonPredicate>
                    <objectType value="StyleContext"/>
                    <key value="collapseState"/>
                    <operatorType value="equalTo"/>
                    <value value="expanded"/>
                </ComparisonPredicate>
            </CompoundPredicate>
        </StyleCondition>
        <StyleCondition title="hyperlink">
            <localizesTitle value="true"/>
            <target value="document.view.row"/>
            <CompoundPredicate>
                <type value="and"/>
                <ComparisonPredicate>
                    <objectType value="StyleContext"/>
                    <key value="isHyperlink"/>
                    <operatorType value="yes"/>
                </ComparisonPredicate>
            </CompoundPredicate>
        </StyleCondition>
        <StyleCondition title="selection">
            <localizesTitle value="true"/>
            <target value="document.view.row"/>
            <CompoundPredicate>
                <type value="and"/>
                <ComparisonPredicate>
                    <objectType value="StyleContext"/>
                    <key value="isSelected"/>
                    <operatorType value="yes"/>
                </ComparisonPredicate>
            </CompoundPredicate>
        </StyleCondition>
        <StyleCondition title="filtered">
            <localizesTitle value="true"/>
            <target value="document.view.row"/>
            <CompoundPredicate>
                <type value="and"/>
                <ComparisonPredicate>
                    <objectType value="StyleContext"/>
                    <key value="isFiltered"/>
                    <operatorType value="yes"/>
                </ComparisonPredicate>
            </CompoundPredicate>
        </StyleCondition>
        <StyleCondition title="changed">
            <localizesTitle value="true"/>
            <target value="document.view.row"/>
            <CompoundPredicate>
                <type value="and"/>
                <ComparisonPredicate>
                    <objectType value="StyleContext"/>
                    <key value="isChanged"/>
                    <operatorType value="yes"/>
                </ComparisonPredicate>
            </CompoundPredicate>
        </StyleCondition>
        <ColumnSet title="product.projectLite.name">
            <viewSubType value="General"/>
            <localizesTitle value="true"/>
            <ColumnConfiguration identifier="flatOrder">
                <localizesTitle value="true"/>
            </ColumnConfiguration>
            <ColumnConfiguration identifier="traits">
                <localizesTitle value="true"/>
            </ColumnConfiguration>
            <ColumnConfiguration identifier="attributedTitle">
                <localizesTitle value="true"/>
                <isOutlineColumn value="true"/>
            </ColumnConfiguration>
            <ColumnConfiguration identifier="givenWork">
                <localizesTitle value="true"/>
            </ColumnConfiguration>
            <ColumnConfiguration identifier="givenStartDateMin">
                <localizesTitle value="true"/>
            </ColumnConfiguration>
            <ColumnConfiguration identifier="resources">
                <localizesTitle value="true"/>
            </ColumnConfiguration>
            <ColumnConfiguration identifier="previousActivitiesSignatures">
                <localizesTitle value="true"/>
            </ColumnConfiguration>
        </ColumnSet>
        <GanttViewConfiguration title="product.projectLite.name">
            <viewSubType value="General"/>
            <localizesTitle value="true"/>
            <contentRules>
                <target path="document.view.row">
                    <styleRule>
                        <ganttContentStyle>
                            <rowType value="bars"/>
                        </ganttContentStyle>
                    </styleRule>
                </target>
                <target path="document.view.row.rightLabel">
                    <styleRule>
                        <ganttContentStyle>
                            <contentKeyPath>
                                <key value="realResources"/>
                            </contentKeyPath>
                        </ganttContentStyle>
                    </styleRule>
                    <styleRule>
                        <condition titleref="expanded"/>
                        <ganttContentStyle>
                            <contentKeyPath>
                                <key value=""/>
                            </contentKeyPath>
                        </ganttContentStyle>
                    </styleRule>
                </target>
                <target path="document.view.row.timePhaseSubrow1">
                    <styleRule>
                        <ganttContentStyle>
                            <contentKeyPath>
                                <key value="expectedWork"/>
                            </contentKeyPath>
                        </ganttContentStyle>
                    </styleRule>
                </target>
            </contentRules>
            <styleRules>
                <target path="document.view">
                    <styleRule>
                        <ganttStyle>
                            <verticalAlignment value="middle"/>
                            <highlightColor r="1" g="0.247059" b="0.247059" a="1"/>
                        </ganttStyle>
                    </styleRule>
                </target>
                <target path="document.view.header">
                    <styleRule>
                        <ganttStyle>
                            <backgroundColor r="0" g="0" b="0" a="0.125"/>
                            <gradientStyle value="regular"/>
                            <minHeight amount="1.5" unit="em"/>
                            <maxHeight amount="18" unit="em"/>
                            <horizontalPadding amount="3" unit="points"/>
                            <verticalPadding amount="2" unit="points"/>
                            <verticalAlignment value="top"/>
                        </ganttStyle>
                    </styleRule>
                </target>
                <target path="document.view.row">
                    <styleRule>
                        <ganttStyle>
                            <backgroundColor r="0" g="0" b="0" a="0"/>
                            <minHeight amount="1.7" unit="em"/>
                            <maxHeight amount="10" unit="em"/>
                            <verticalAlignment value="top"/>
                        </ganttStyle>
                    </styleRule>
                    <styleRule>
                        <condition titleref="rootActivity"/>
                        <ganttStyle>
                            <fontWeight value="bold"/>
                        </ganttStyle>
                    </styleRule>
                    <styleRule>
                        <condition titleref="groups"/>
                        <ganttStyle>
                            <fontWeight value="bold"/>
                        </ganttStyle>
                    </styleRule>
                    <styleRule>
                        <condition titleref="assignments"/>
                        <ganttStyle>
                            <fontSize amount="90" unit="percent"/>
                            <fontStyle value="italic"/>
                        </ganttStyle>
                    </styleRule>
                    <styleRule>
                        <condition titleref="hyperlink"/>
                        <ganttStyle>
                            <textDecoration value="underline"/>
                            <color r="0" g="0" b="0.878431" a="1"/>
                        </ganttStyle>
                    </styleRule>
                    <styleRule>
                        <condition titleref="filtered"/>
                        <ganttStyle>
                            <color r="0.752941" g="0.752941" b="0.752941" a="1"/>
                        </ganttStyle>
                    </styleRule>
                    <styleRule>
                        <condition titleref="changed"/>
                        <ganttStyle>
                            <backgroundColor r="1" g="0.988235" b="0.243137" a="0.2"/>
                        </ganttStyle>
                    </styleRule>
                </target>
                <target path="document.view.row.cell">
                    <styleRule>
                        <ganttStyle>
                            <backgroundColor r="0" g="0" b="0" a="0"/>
                            <horizontalPadding amount="3" unit="points"/>
                            <verticalPadding amount="3" unit="points"/>
                        </ganttStyle>
                    </styleRule>
                    <styleRule>
                        <condition titleref="weakConflicts"/>
                        <ganttStyle>
                            <color r="1" g="0.6" b="0" a="1"/>
                        </ganttStyle>
                    </styleRule>
                    <styleRule>
                        <condition titleref="strongConflicts"/>
                        <ganttStyle>
                            <color r="1" g="0" b="0" a="1"/>
                        </ganttStyle>
                    </styleRule>
                    <styleRule>
                        <condition titleref="negativeCurrencyValue"/>
                        <ganttStyle>
                            <color r="1" g="0" b="0" a="1"/>
                        </ganttStyle>
                    </styleRule>
                    <styleRule>
                        <condition titleref="changed"/>
                        <ganttStyle>
                            <backgroundColor r="1" g="0.988235" b="0.243137" a="0.2"/>
                        </ganttStyle>
                    </styleRule>
                </target>
                <target path="document.view.row.bar">
                    <styleRule>
                        <ganttStyle>
                            <color r="0" g="0.501960814" b="1" a="1"/>
                            <backgroundColor r="0.7672091537" g="0.8507750873" b="0.9803921569" a="1"/>
                            <borderWidth amount="0.5" unit="points"/>
                            <borderRadius amount="0.3" unit="em"/>
                            <borderStyle value="solid"/>
                            <borderColor r="0.0431372549" g="0.3254901961" b="0.6392156863" a="1"/>
                            <gradientStyle value="none"/>
                            <shadowStyle value="none"/>
                            <minHeight amount="1.2" unit="em"/>
                            <highlightStyle value="none"/>
                            <verticalMargin amount="0.3" unit="em"/>
                        </ganttStyle>
                    </styleRule>
                    <styleRule>
                        <condition titleref="assignments"/>
                        <ganttStyle>
                            <borderStyle value="dashed"/>
                        </ganttStyle>
                    </styleRule>
                    <styleRule>
                        <condition titleref="criticalPath"/>
                        <ganttStyle>
                            <color r="1" g="0.5359745188" b="0.5031405885" a="1"/>
                            <backgroundColor r="0.9843137255" g="0.8901960784" b="0.8784313725" a="1"/>
                            <borderWidth amount="0.75" unit="points"/>
                            <borderColor r="0.503353851" g="0.2714334321" b="0.2540444498" a="1"/>
                        </ganttStyle>
                    </styleRule>
                </target>
                <target path="document.view.row.bar.referenceBar">
                    <styleRule>
                        <ganttStyle>
                            <color r="0.572549" g="0.572549" b="0.572549" a="1"/>
                            <backgroundColor r="0.721569" g="0.721569" b="0.721569" a="1"/>
                            <gradientStyle value="none"/>
                            <shadowStyle value="none"/>
                            <highlightStyle value="none"/>
                        </ganttStyle>
                    </styleRule>
                </target>
                <target path="document.view.row.leftLabel">
                    <styleRule>
                        <ganttStyle>
                            <fontWeight value="normal"/>
                            <fontSize amount="85" unit="percent"/>
                            <maxWidth amount="14" unit="em"/>
                        </ganttStyle>
                    </styleRule>
                </target>
                <target path="document.view.row.middleLabel">
                    <styleRule>
                        <ganttStyle>
                            <fontWeight value="normal"/>
                            <fontSize amount="85" unit="percent"/>
                        </ganttStyle>
                    </styleRule>
                </target>
                <target path="document.view.row.rightLabel">
                    <styleRule>
                        <ganttStyle>
                            <fontWeight value="normal"/>
                            <fontSize amount="85" unit="percent"/>
                            <maxWidth amount="14" unit="em"/>
                        </ganttStyle>
                    </styleRule>
                </target>
                <target path="document.view.row.timePhaseSubrow1">
                    <styleRule>
                        <ganttStyle>
                            <fontSize amount="85" unit="percent"/>
                            <minHeight amount="0" unit="points"/>
                            <horizontalPadding amount="3" unit="points"/>
                            <verticalPadding amount="2" unit="points"/>
                        </ganttStyle>
                    </styleRule>
                </target>
                <target path="document.view.row.timePhaseSubrow1.box">
                    <styleRule>
                        <ganttStyle>
                            <color r="0.7672091537" g="0.8507750873" b="0.9803921569" a="1"/>
                            <borderWidth amount="0.5" unit="points"/>
                            <borderRadius amount="2" unit="points"/>
                            <borderStyle value="solid"/>
                            <borderColor r="0.0431372549" g="0.3254901961" b="0.6392156863" a="1"/>
                            <verticalPadding amount="0.35" unit="em"/>
                        </ganttStyle>
                    </styleRule>
                    <styleRule>
                        <condition titleref="timePhase.normal"/>
                        <ganttStyle>
                            <color r="0.831372549" g="0.9411764706" b="0.7450980392" a="1"/>
                            <borderColor r="0.3019607843" g="0.4705882353" b="0.168627451" a="1"/>
                        </ganttStyle>
                    </styleRule>
                    <styleRule>
                        <condition titleref="timePhase.warning"/>
                        <ganttStyle>
                            <color r="0.9803921569" g="0.9181248205" b="0.7699708278" a="1"/>
                            <borderColor r="0.6352941176" g="0.4666666667" b="0.03137254902" a="1"/>
                        </ganttStyle>
                    </styleRule>
                    <styleRule>
                        <condition titleref="timePhase.critical"/>
                        <ganttStyle>
                            <color r="0.9843137255" g="0.8901960784" b="0.8784313725" a="1"/>
                            <borderColor r="0.5568627451" g="0.03137254902" b="0.01960784314" a="1"/>
                        </ganttStyle>
                    </styleRule>
                </target>
                <target path="document.view.row.timePhaseSubrow2">
                    <styleRule>
                        <ganttStyle>
                            <fontSize amount="85" unit="percent"/>
                            <minHeight amount="0" unit="points"/>
                            <horizontalPadding amount="3" unit="points"/>
                            <verticalPadding amount="2" unit="points"/>
                        </ganttStyle>
                    </styleRule>
                </target>
                <target path="document.view.row.timePhaseSubrow2.box">
                    <styleRule>
                        <ganttStyle>
                            <color r="0.7672091537" g="0.8507750873" b="0.9803921569" a="1"/>
                            <borderWidth amount="0.5" unit="points"/>
                            <borderRadius amount="2" unit="points"/>
                            <borderStyle value="solid"/>
                            <borderColor r="0.0431372549" g="0.3254901961" b="0.6392156863" a="1"/>
                            <verticalPadding amount="0.35" unit="em"/>
                        </ganttStyle>
                    </styleRule>
                    <styleRule>
                        <condition titleref="timePhase.normal"/>
                        <ganttStyle>
                            <color r="0.831372549" g="0.9411764706" b="0.7450980392" a="1"/>
                            <borderColor r="0.3019607843" g="0.4705882353" b="0.168627451" a="1"/>
                        </ganttStyle>
                    </styleRule>
                    <styleRule>
                        <condition titleref="timePhase.warning"/>
                        <ganttStyle>
                            <color r="0.9803921569" g="0.9181248205" b="0.7699708278" a="1"/>
                            <borderColor r="0.6352941176" g="0.4666666667" b="0.03137254902" a="1"/>
                        </ganttStyle>
                    </styleRule>
                    <styleRule>
                        <condition titleref="timePhase.critical"/>
                        <ganttStyle>
                            <color r="0.9843137255" g="0.8901960784" b="0.8784313725" a="1"/>
                            <borderColor r="0.5568627451" g="0.03137254902" b="0.01960784314" a="1"/>
                        </ganttStyle>
                    </styleRule>
                </target>
                <target path="document.view.row.timePhaseSubrow3">
                    <styleRule>
                        <ganttStyle>
                            <fontSize amount="85" unit="percent"/>
                            <minHeight amount="0" unit="points"/>
                            <horizontalPadding amount="3" unit="points"/>
                            <verticalPadding amount="2" unit="points"/>
                        </ganttStyle>
                    </styleRule>
                </target>
                <target path="document.view.row.timePhaseSubrow3.box">
                    <styleRule>
                        <ganttStyle>
                            <color r="0.7672091537" g="0.8507750873" b="0.9803921569" a="1"/>
                            <borderWidth amount="0.5" unit="points"/>
                            <borderRadius amount="2" unit="points"/>
                            <borderStyle value="solid"/>
                            <borderColor r="0.0431372549" g="0.3254901961" b="0.6392156863" a="1"/>
                            <verticalPadding amount="0.35" unit="em"/>
                        </ganttStyle>
                    </styleRule>
                    <styleRule>
                        <condition titleref="timePhase.normal"/>
                        <ganttStyle>
                            <color r="0.831372549" g="0.9411764706" b="0.7450980392" a="1"/>
                            <borderColor r="0.3019607843" g="0.4705882353" b="0.168627451" a="1"/>
                        </ganttStyle>
                    </styleRule>
                    <styleRule>
                        <condition titleref="timePhase.warning"/>
                        <ganttStyle>
                            <color r="0.9803921569" g="0.9181248205" b="0.7699708278" a="1"/>
                            <borderColor r="0.6352941176" g="0.4666666667" b="0.03137254902" a="1"/>
                        </ganttStyle>
                    </styleRule>
                    <styleRule>
                        <condition titleref="timePhase.critical"/>
                        <ganttStyle>
                            <color r="0.9843137255" g="0.8901960784" b="0.8784313725" a="1"/>
                            <borderColor r="0.5568627451" g="0.03137254902" b="0.01960784314" a="1"/>
                        </ganttStyle>
                    </styleRule>
                </target>
                <target path="document.view.ganttLine">
                    <styleRule>
                        <ganttStyle>
                            <color r="0" g="0" b="0" a="1"/>
                            <lineWidth amount="0.5" unit="points"/>
                            <lineStyle value="solid"/>
                            <highlightStyle value="none"/>
                        </ganttStyle>
                    </styleRule>
                    <styleRule>
                        <condition titleref="criticalPath"/>
                        <ganttStyle>
                            <color r="0.5568627451" g="0.03137254902" b="0.01960784314" a="1"/>
                            <lineWidth amount="0.75" unit="points"/>
                        </ganttStyle>
                    </styleRule>
                    <styleRule>
                        <condition titleref="strongConflicts"/>
                        <ganttStyle>
                            <color r="1" g="0" b="0" a="1"/>
                        </ganttStyle>
                    </styleRule>
                </target>
                <target path="document.view.background.evenRow">
                    <styleRule>
                        <ganttStyle>
                            <backgroundColor r="1" g="1" b="1" a="0"/>
                        </ganttStyle>
                    </styleRule>
                </target>
                <target path="document.view.background.oddRow">
                    <styleRule>
                        <ganttStyle>
                            <backgroundColor r="0" g="0" b="0" a="0.065"/>
                        </ganttStyle>
                    </styleRule>
                </target>
                <target path="document.view.separatorLines">
                    <styleRule>
                        <ganttStyle>
                            <color r="0" g="0" b="0" a="1"/>
                        </ganttStyle>
                    </styleRule>
                </target>
                <target path="document.view.separatorLines.inHeader">
                    <styleRule>
                        <ganttStyle>
                            <lineStyle value="solid"/>
                        </ganttStyle>
                    </styleRule>
                </target>
                <target path="document.view.separatorLines.header">
                    <styleRule>
                        <ganttStyle>
                            <lineStyle value="solid"/>
                        </ganttStyle>
                    </styleRule>
                </target>
                <target path="document.view.separatorLines.border">
                    <styleRule>
                        <ganttStyle>
                            <lineStyle value="solid"/>
                        </ganttStyle>
                    </styleRule>
                </target>
                <target path="document.view.separatorLines.timePhaseLevel2">
                    <styleRule>
                        <ganttStyle>
                            <lineStyle value="solid"/>
                        </ganttStyle>
                    </styleRule>
                </target>
                <target path="document.view.nonWorkingTime">
                    <styleRule>
                        <ganttStyle>
                            <backgroundColor r="0.372549" g="0.372549" b="0.372549" a="0.0392157"/>
                        </ganttStyle>
                    </styleRule>
                </target>
                <target path="document.view.timeLine">
                    <styleRule>
                        <ganttStyle>
                            <color r="0.8" g="0.2" b="0.2" a="1"/>
                        </ganttStyle>
                    </styleRule>
                </target>
                <target path="document.view.currentTimeUnit">
                    <styleRule>
                        <ganttStyle>
                            <backgroundColor r="0" g="0.4" b="1" a="1"/>
                        </ganttStyle>
                    </styleRule>
                </target>
            </styleRules>
            <splitterState collapse="none"/>
            <columnSet titleref="product.projectLite.name"/>
            <sortConfiguration direction="ascending">
                <key value="flatOrder"/>
            </sortConfiguration>
            <showsSecondaryBars value="false"/>
            <showsCriticalPath value="false"/>
            <timeScaleHidingMode value="hideRegularNonWorkingHours"/>
        </GanttViewConfiguration>
    </UIConfigs>
    <UIConfigs viewType="ResourcesView">
        <StyleCondition title="hyperlink">
            <localizesTitle value="true"/>
            <target value="document.view.row"/>
            <CompoundPredicate>
                <type value="and"/>
                <ComparisonPredicate>
                    <objectType value="StyleContext"/>
                    <key value="isHyperlink"/>
                    <operatorType value="yes"/>
                </ComparisonPredicate>
            </CompoundPredicate>
        </StyleCondition>
        <StyleCondition title="selection">
            <localizesTitle value="true"/>
            <target value="document.view.row"/>
            <CompoundPredicate>
                <type value="and"/>
                <ComparisonPredicate>
                    <objectType value="StyleContext"/>
                    <key value="isSelected"/>
                    <operatorType value="yes"/>
                </ComparisonPredicate>
            </CompoundPredicate>
        </StyleCondition>
        <StyleCondition title="filtered">
            <localizesTitle value="true"/>
            <target value="document.view.row"/>
            <CompoundPredicate>
                <type value="and"/>
                <ComparisonPredicate>
                    <objectType value="StyleContext"/>
                    <key value="isFiltered"/>
                    <operatorType value="yes"/>
                </ComparisonPredicate>
            </CompoundPredicate>
        </StyleCondition>
        <StyleCondition title="changed">
            <localizesTitle value="true"/>
            <target value="document.view.row"/>
            <CompoundPredicate>
                <type value="and"/>
                <ComparisonPredicate>
                    <objectType value="StyleContext"/>
                    <key value="isChanged"/>
                    <operatorType value="yes"/>
                </ComparisonPredicate>
            </CompoundPredicate>
        </StyleCondition>
        <ColumnSet title="product.projectLite.name">
            <viewSubType value="General"/>
            <localizesTitle value="true"/>
            <ColumnConfiguration identifier="traits">
                <localizesTitle value="true"/>
            </ColumnConfiguration>
            <ColumnConfiguration identifier="attributedTitle">
                <localizesTitle value="true"/>
                <isOutlineColumn value="true"/>
            </ColumnConfiguration>
            <ColumnConfiguration identifier="type">
                <localizesTitle value="true"/>
            </ColumnConfiguration>
            <ColumnConfiguration identifier="materialUnit">
                <localizesTitle value="true"/>
            </ColumnConfiguration>
            <ColumnConfiguration identifier="availableUnits">
                <localizesTitle value="true"/>
            </ColumnConfiguration>
            <ColumnConfiguration identifier="project">
                <localizesTitle value="true"/>
            </ColumnConfiguration>
            <ColumnConfiguration identifier="initials">
                <localizesTitle value="true"/>
            </ColumnConfiguration>
            <ColumnConfiguration identifier="role">
                <localizesTitle value="true"/>
            </ColumnConfiguration>
            <ColumnConfiguration identifier="email">
                <localizesTitle value="true"/>
            </ColumnConfiguration>
            <ColumnConfiguration identifier="phone">
                <localizesTitle value="true"/>
            </ColumnConfiguration>
            <ColumnConfiguration identifier="plannedStandardRate">
                <localizesTitle value="true"/>
            </ColumnConfiguration>
            <ColumnConfiguration identifier="plannedOvertimeRate">
                <localizesTitle value="true"/>
            </ColumnConfiguration>
            <ColumnConfiguration identifier="baseCost">
                <localizesTitle value="true"/>
            </ColumnConfiguration>
            <ColumnConfiguration identifier="baseCostType">
                <localizesTitle value="true"/>
            </ColumnConfiguration>
            <ColumnConfiguration identifier="costAccrual">
                <localizesTitle value="true"/>
            </ColumnConfiguration>
        </ColumnSet>
        <OutlineViewConfiguration title="product.projectLite.name">
            <viewSubType value="General"/>
            <localizesTitle value="true"/>
            <styleRules>
                <target path="document.view">
                    <styleRule>
                        <outlineStyle>
                            <backgroundColor r="1" g="1" b="1" a="1"/>
                            <verticalAlignment value="middle"/>
                        </outlineStyle>
                    </styleRule>
                </target>
                <target path="document.view.header">
                    <styleRule>
                        <outlineStyle>
                            <backgroundColor r="0" g="0" b="0" a="0.125"/>
                            <gradientStyle value="regular"/>
                            <minHeight amount="1" unit="em"/>
                            <maxHeight amount="17" unit="em"/>
                            <horizontalPadding amount="3" unit="points"/>
                            <verticalPadding amount="2" unit="points"/>
                            <verticalAlignment value="top"/>
                        </outlineStyle>
                    </styleRule>
                </target>
                <target path="document.view.row">
                    <styleRule>
                        <outlineStyle>
                            <backgroundColor r="0" g="0" b="0" a="0"/>
                            <minHeight amount="1.7" unit="em"/>
                            <maxHeight amount="10" unit="em"/>
                            <verticalAlignment value="dynamic"/>
                        </outlineStyle>
                    </styleRule>
                    <styleRule>
                        <condition titleref="hyperlink"/>
                        <outlineStyle>
                            <textDecoration value="underline"/>
                            <color r="0" g="0" b="0.878431" a="1"/>
                        </outlineStyle>
                    </styleRule>
                    <styleRule>
                        <condition titleref="filtered"/>
                        <outlineStyle>
                            <color r="0.878431" g="0.878431" b="0.878431" a="1"/>
                        </outlineStyle>
                    </styleRule>
                    <styleRule>
                        <condition titleref="changed"/>
                        <outlineStyle>
                            <backgroundColor r="1" g="0.988235" b="0.243137" a="0.2"/>
                        </outlineStyle>
                    </styleRule>
                </target>
                <target path="document.view.row.cell">
                    <styleRule>
                        <outlineStyle>
                            <backgroundColor r="0" g="0" b="0" a="0"/>
                            <horizontalPadding amount="3" unit="points"/>
                            <verticalPadding amount="3" unit="points"/>
                        </outlineStyle>
                    </styleRule>
                    <styleRule>
                        <condition titleref="changed"/>
                        <outlineStyle>
                            <backgroundColor r="1" g="0.988235" b="0.243137" a="0.2"/>
                        </outlineStyle>
                    </styleRule>
                </target>
                <target path="document.view.background.evenRow">
                    <styleRule>
                        <outlineStyle>
                            <backgroundColor r="1" g="1" b="1" a="0"/>
                        </outlineStyle>
                    </styleRule>
                </target>
                <target path="document.view.background.oddRow">
                    <styleRule>
                        <outlineStyle>
                            <backgroundColor r="0" g="0" b="0" a="0.065"/>
                        </outlineStyle>
                    </styleRule>
                </target>
                <target path="document.view.separatorLines">
                    <styleRule>
                        <ganttStyle>
                            <color r="0" g="0" b="0" a="1"/>
                        </ganttStyle>
                    </styleRule>
                </target>
                <target path="document.view.separatorLines.header">
                    <styleRule>
                        <ganttStyle>
                            <lineStyle value="solid"/>
                        </ganttStyle>
                    </styleRule>
                </target>
                <target path="document.view.separatorLines.inHeader">
                    <styleRule>
                        <ganttStyle>
                            <lineStyle value="solid"/>
                        </ganttStyle>
                    </styleRule>
                </target>
                <target path="document.view.separatorLines.border">
                    <styleRule>
                        <ganttStyle>
                            <lineStyle value="solid"/>
                        </ganttStyle>
                    </styleRule>
                </target>
            </styleRules>
            <splitterState collapse="first"/>
            <columnSet titleref="product.projectLite.name"/>
            <sortConfiguration direction="ascending">
                <key value="order"/>
            </sortConfiguration>
        </OutlineViewConfiguration>
    </UIConfigs>
    <UIConfigs viewType="ReportView">
        <ReportViewConfiguration title="product.projectLite.name">
            <viewSubType value="General"/>
            <localizesTitle value="true"/>
            <styleRules>
                <target path="document.view.modules">
                    <styleRule>
                        <reportStyle>
                            <verticalMargin amount="4" unit="em"/>
                        </reportStyle>
                    </styleRule>
                </target>
                <target path="document.view.modules.title">
                    <styleRule>
                        <reportStyle>
                            <fontWeight value="bold"/>
                            <fontSize amount="140" unit="percent"/>
                        </reportStyle>
                    </styleRule>
                </target>
                <target path="document.view.list">
                    <styleRule>
                        <reportStyle>
                            <fontSize amount="95" unit="percent"/>
                        </reportStyle>
                    </styleRule>
                </target>
                <target path="document.view.list.header">
                    <styleRule>
                        <reportStyle>
                            <fontWeight value="bold"/>
                            <backgroundColor r="0" g="0" b="0" a="0.125"/>
                            <horizontalPadding amount="0.6" unit="em"/>
                            <verticalPadding amount="0.2" unit="em"/>
                        </reportStyle>
                    </styleRule>
                </target>
                <target path="document.view.list.row.cell">
                    <styleRule>
                        <reportStyle>
                            <horizontalPadding amount="0.6" unit="em"/>
                            <verticalPadding amount="0.2" unit="em"/>
                        </reportStyle>
                    </styleRule>
                </target>
                <target path="document.view.list.background.evenRow">
                    <styleRule>
                        <reportStyle>
                            <backgroundColor r="1" g="1" b="1" a="0"/>
                        </reportStyle>
                    </styleRule>
                </target>
                <target path="document.view.list.background.oddRow">
                    <styleRule>
                        <reportStyle>
                            <backgroundColor r="0" g="0" b="0" a="0.062"/>
                        </reportStyle>
                    </styleRule>
                </target>
                <target path="document.view.list.separatorLines">
                    <styleRule>
                        <reportStyle>
                            <color r="0" g="0" b="0" a="1"/>
                        </reportStyle>
                    </styleRule>
                </target>
                <target path="document.view.chart.series">
                    <styleRule>
                        <reportStyle>
                            <color r="0.169" g="0.282" b="0.353" a="1"/>
                        </reportStyle>
                    </styleRule>
                    <styleRule>
                        <condition titleref="series1"/>
                        <reportStyle>
                            <color r="0.169" g="0.282" b="0.353" a="1"/>
                        </reportStyle>
                    </styleRule>
                    <styleRule>
                        <condition titleref="series2"/>
                        <reportStyle>
                            <color r="0.094" g="0.251" b="0.778" a="1"/>
                        </reportStyle>
                    </styleRule>
                    <styleRule>
                        <condition titleref="series3"/>
                        <reportStyle>
                            <color r="0.229" g="0.639" b="0.231" a="1"/>
                        </reportStyle>
                    </styleRule>
                    <styleRule>
                        <condition titleref="series4"/>
                        <reportStyle>
                            <color r="0.169" g="0.282" b="0.353" a="1"/>
                        </reportStyle>
                    </styleRule>
                    <styleRule>
                        <condition titleref="series5"/>
                        <reportStyle>
                            <color r="0.329" g="0.639" b="0.231" a="1"/>
                        </reportStyle>
                    </styleRule>
                    <styleRule>
                        <condition titleref="series6"/>
                        <reportStyle>
                            <color r="0.169" g="0.282" b="0.353" a="1"/>
                        </reportStyle>
                    </styleRule>
                    <styleRule>
                        <condition titleref="series7"/>
                        <reportStyle>
                            <color r="0.169" g="0.282" b="0.253" a="1"/>
                        </reportStyle>
                    </styleRule>
                    <styleRule>
                        <condition titleref="positive"/>
                        <reportStyle>
                            <color r="0.455" g="0.702" b="0.357" a="1"/>
                        </reportStyle>
                    </styleRule>
                    <styleRule>
                        <condition titleref="negative"/>
                        <reportStyle>
                            <color r="0.71" g="0.2" b="0.239" a="1"/>
                        </reportStyle>
                    </styleRule>
                    <styleRule>
                        <condition titleref="neutral"/>
                        <reportStyle>
                            <color r="0.169" g="0.282" b="0.353" a="1"/>
                        </reportStyle>
                    </styleRule>
                </target>
                <target path="document.view.chart.series.bars">
                    <styleRule>
                        <reportStyle>
                            <borderRadius amount="6" unit="points"/>
                            <shadowStyle value="regular"/>
                            <size amount="6" unit="points"/>
                            <horizontalMargin amount="2" unit="points"/>
                        </reportStyle>
                    </styleRule>
                </target>
                <target path="document.view.chart.series.line">
                    <styleRule>
                        <reportStyle>
                            <lineWidth amount="2" unit="points"/>
                            <lineStyle value="solid"/>
                        </reportStyle>
                    </styleRule>
                    <styleRule>
                        <condition titleref="projection"/>
                        <reportStyle>
                            <lineStyle value="dotted"/>
                        </reportStyle>
                    </styleRule>
                </target>
                <target path="document.view.chart.series.points">
                    <styleRule>
                        <reportStyle>
                            <size amount="6" unit="points"/>
                        </reportStyle>
                    </styleRule>
                    <styleRule>
                        <condition titleref="projection"/>
                        <reportStyle>
                            <size amount="0" unit="points"/>
                        </reportStyle>
                    </styleRule>
                </target>
                <target path="document.view.chart.axes">
                    <styleRule>
                        <reportStyle>
                            <lineWidth amount="0.4" unit="points"/>
                            <lineStyle value="solid"/>
                        </reportStyle>
                    </styleRule>
                </target>
                <target path="document.view.chart.axes.xAxes.labels">
                    <styleRule>
                        <reportStyle>
                            <horizontalMargin amount="0.4" unit="em"/>
                            <verticalMargin amount="0.4" unit="em"/>
                        </reportStyle>
                    </styleRule>
                </target>
                <target path="document.view.chart.axes.yAxes.labels">
                    <styleRule>
                        <reportStyle>
                            <horizontalMargin amount="0.4" unit="em"/>
                            <verticalMargin amount="0.4" unit="em"/>
                        </reportStyle>
                    </styleRule>
                </target>
                <target path="document.view.chart.axes.yAxes.grid">
                    <styleRule>
                        <reportStyle>
                            <color r="0.298" g="0.298" b="0.298" a="1"/>
                            <lineStyle value="solid"/>
                        </reportStyle>
                    </styleRule>
                </target>
            </styleRules>
            <ReportModuleConfiguration>
                <typeIdentifier value="net.projectwizards.merlin.reportmodule.text"/>
                <attributes>
                    <text>This is a report module.</text>
                    <localizesText value="true"/>
                </attributes>
            </ReportModuleConfiguration>
        </ReportViewConfiguration>
    </UIConfigs>
    <UIConfigs viewType="AttachmentsView">
        <StyleCondition title="hyperlink">
            <localizesTitle value="true"/>
            <target value="document.view.row"/>
            <CompoundPredicate>
                <type value="and"/>
                <ComparisonPredicate>
                    <objectType value="StyleContext"/>
                    <key value="isHyperlink"/>
                    <operatorType value="yes"/>
                </ComparisonPredicate>
            </CompoundPredicate>
        </StyleCondition>
        <StyleCondition title="selection">
            <localizesTitle value="true"/>
            <target value="document.view.row"/>
            <CompoundPredicate>
                <type value="and"/>
                <ComparisonPredicate>
                    <objectType value="StyleContext"/>
                    <key value="isSelected"/>
                    <operatorType value="yes"/>
                </ComparisonPredicate>
            </CompoundPredicate>
        </StyleCondition>
        <StyleCondition title="filtered">
            <localizesTitle value="true"/>
            <target value="document.view.row"/>
            <CompoundPredicate>
                <type value="and"/>
                <ComparisonPredicate>
                    <objectType value="StyleContext"/>
                    <key value="isFiltered"/>
                    <operatorType value="yes"/>
                </ComparisonPredicate>
            </CompoundPredicate>
        </StyleCondition>
        <StyleCondition title="changed">
            <localizesTitle value="true"/>
            <target value="document.view.row"/>
            <CompoundPredicate>
                <type value="and"/>
                <ComparisonPredicate>
                    <objectType value="StyleContext"/>
                    <key value="isChanged"/>
                    <operatorType value="yes"/>
                </ComparisonPredicate>
            </CompoundPredicate>
        </StyleCondition>
        <ColumnSet title="product.projectLite.name">
            <viewSubType value="Files"/>
            <localizesTitle value="true"/>
            <ColumnConfiguration identifier="attributedTitle">
                <localizesTitle value="true"/>
            </ColumnConfiguration>
            <ColumnConfiguration identifier="author">
                <localizesTitle value="true"/>
            </ColumnConfiguration>
            <ColumnConfiguration identifier="status">
                <localizesTitle value="true"/>
            </ColumnConfiguration>
            <ColumnConfiguration identifier="tags">
                <localizesTitle value="true"/>
            </ColumnConfiguration>
            <ColumnConfiguration identifier="attributedObjectDescription">
                <localizesTitle value="true"/>
            </ColumnConfiguration>
        </ColumnSet>
        <Filter title="attentionLevel.critical">
            <viewSubType value="Files"/>
            <localizesTitle value="true"/>
            <CompoundPredicate>
                <type value="and"/>
                <ComparisonPredicate>
                    <key value="attentionLevel"/>
                    <operatorType value="equalTo"/>
                    <value value="critical"/>
                </ComparisonPredicate>
            </CompoundPredicate>
        </Filter>
        <Filter title="authoredByMe">
            <viewSubType value="Files"/>
            <localizesTitle value="true"/>
            <CompoundPredicate>
                <type value="and"/>
                <ComparisonPredicate>
                    <objectType value="File"/>
                    <key value="author"/>
                    <operatorType value="equalTo"/>
                    <value idref="CurrentUser"/>
                </ComparisonPredicate>
            </CompoundPredicate>
        </Filter>
        <AttachmentsViewConfiguration title="product.projectLite.name">
            <viewSubType value="Files"/>
            <localizesTitle value="true"/>
            <styleRules>
                <target path="document.view">
                    <styleRule>
                        <outlineStyle>
                            <color r="0" g="0" b="0" a="1"/>
                            <backgroundColor r="1" g="1" b="1" a="1"/>
                            <verticalAlignment value="middle"/>
                        </outlineStyle>
                    </styleRule>
                </target>
                <target path="document.view.header">
                    <styleRule>
                        <outlineStyle>
                            <backgroundColor r="0" g="0" b="0" a="0.125"/>
                            <gradientStyle value="regular"/>
                            <shadowStyle value="regular"/>
                            <minHeight amount="1" unit="em"/>
                            <maxHeight amount="17" unit="em"/>
                            <horizontalPadding amount="3" unit="points"/>
                            <verticalPadding amount="2" unit="points"/>
                            <verticalAlignment value="top"/>
                        </outlineStyle>
                    </styleRule>
                </target>
                <target path="document.view.row">
                    <styleRule>
                        <outlineStyle>
                            <backgroundColor r="0" g="0" b="0" a="0"/>
                            <minHeight amount="1.4" unit="em"/>
                            <maxHeight amount="10" unit="em"/>
                            <verticalAlignment value="dynamic"/>
                        </outlineStyle>
                    </styleRule>
                    <styleRule>
                        <condition titleref="hyperlink"/>
                        <outlineStyle>
                            <textDecoration value="underline"/>
                            <color r="0" g="0" b="0.878431" a="1"/>
                        </outlineStyle>
                    </styleRule>
                    <styleRule>
                        <condition titleref="filtered"/>
                        <outlineStyle>
                            <color r="0.878431" g="0.878431" b="0.878431" a="1"/>
                        </outlineStyle>
                    </styleRule>
                    <styleRule>
                        <condition titleref="changed"/>
                        <outlineStyle>
                            <backgroundColor r="1" g="0.988235" b="0.243137" a="0.2"/>
                        </outlineStyle>
                    </styleRule>
                </target>
                <target path="document.view.row.cell">
                    <styleRule>
                        <outlineStyle>
                            <backgroundColor r="0" g="0" b="0" a="0"/>
                            <horizontalPadding amount="2" unit="points"/>
                            <verticalPadding amount="2" unit="points"/>
                        </outlineStyle>
                    </styleRule>
                    <styleRule>
                        <condition titleref="changed"/>
                        <outlineStyle>
                            <backgroundColor r="1" g="0.988235" b="0.243137" a="0.2"/>
                        </outlineStyle>
                    </styleRule>
                </target>
                <target path="document.view.background.evenRow">
                    <styleRule>
                        <outlineStyle>
                            <backgroundColor r="1" g="1" b="1" a="0"/>
                        </outlineStyle>
                    </styleRule>
                </target>
                <target path="document.view.background.oddRow">
                    <styleRule>
                        <outlineStyle>
                            <backgroundColor r="0" g="0" b="0" a="0.05"/>
                        </outlineStyle>
                    </styleRule>
                </target>
                <target path="document.view.separatorLines">
                    <styleRule>
                        <ganttStyle>
                            <color r="0" g="0" b="0" a="1"/>
                        </ganttStyle>
                    </styleRule>
                </target>
                <target path="document.view.separatorLines.header">
                    <styleRule>
                        <ganttStyle>
                            <lineStyle value="solid"/>
                        </ganttStyle>
                    </styleRule>
                </target>
                <target path="document.view.separatorLines.inHeader">
                    <styleRule>
                        <ganttStyle>
                            <lineStyle value="solid"/>
                        </ganttStyle>
                    </styleRule>
                </target>
                <target path="document.view.separatorLines.border">
                    <styleRule>
                        <ganttStyle>
                            <lineStyle value="solid"/>
                        </ganttStyle>
                    </styleRule>
                </target>
            </styleRules>
            <columnSet titleref="product.projectLite.name"/>
            <sortConfiguration direction="ascending">
                <key value="attributedTitle"/>
            </sortConfiguration>
            <showsDescendantAttachments value="true"/>
        </AttachmentsViewConfiguration>
    </UIConfigs>
    <WindowsConfiguration title="product.projectLite.name">
        <localizesTitle value="true"/>
        <screenType value="none"/>
        <WindowConfiguration>
            <primaryPane activeType="WorkBreakdownView">
                <viewConfiguration titleref="product.projectLite.name" type="WorkBreakdownView"/>
                <viewConfiguration titleref="product.projectLite.name" type="ReportView"/>
            </primaryPane>
            <secondaryPane activeType="AttachmentsView">
                <viewConfiguration titleref="product.projectLite.name" type="AttachmentsView"/>
            </secondaryPane>
            <viewsSplitterState collapse="second" second="200"/>
            <infoAreaSplitterState collapse="none" second="300"/>
            <frame w="1200" h="780"/>
        </WindowConfiguration>
    </WindowsConfiguration>
</Project>