<?xml version="1.0" encoding="UTF-8"?>
<Project xmlns="http://schemas.projectwizards.net/merlin" xmlns:xsi="http://www.w3.org/2001/XMLSchema-instance">
    <clippingMode value="excludeRootActivity"/>
    <schedulingDirection value="forward"/>
    <Activity id="w2EffXJfS3GRvhGyw45Qvw">
        <title>Projektstart</title>
        <Activity id="wmeyOSARRJKr433-fYWcxA">
            <title>Projekt-Initialisierung</title>
            <Activity id="_tOIQHQSSaO38Fyx-WqRrQ">
                <title>Projekt vorbereiten</title>
            </Activity>
        </Activity>
        <Activity id="YREBK37XQG-aUGH7zMW_pg">
            <title>Initialisierung abgeschlossen</title>
            <isMilestone value="true"/>
        </Activity>
        <Activity id="6wUY3OIYQD2tNuLMDpXnhw">
            <title>Projekt-Definition</title>
            <Activity id="UNs5aB0RRQypHYdK1Dw81Q">
                <title>Phase initialisieren</title>
            </Activity>
            <Activity id="VOHFEoG7TFuFfmVdEXoYHw">
                <title>Ziele definieren</title>
            </Activity>
            <Activity id="OqjOn5v4R8S9y6olNtg3OA">
                <title>Konzept entwickeln</title>
            </Activity>
            <Activity id="XVXGCZj5SR27s6XpowVC7g">
                <title>Testen vorbereiten</title>
            </Activity>
            <Activity id="Ko__F83STx2Mdko4qXsvxg">
                <title>Phase abschliessen</title>
            </Activity>
        </Activity>
        <Activity id="Jk3fGNA-QAK22bQ45LSbyg">
            <title>Definition abgeschlossen</title>
            <isMilestone value="true"/>
        </Activity>
        <Activity id="t_lVAWm7S5iN-qLIVSGz-Q">
            <title>Projekt-Realisierung</title>
            <Activity id="NevgsvkSRK2GpWWr3teWCg">
                <title>Phase initialisieren</title>
            </Activity>
            <Activity id="hNCtElcZRL2Zy80ws0NmbA">
                <title>System entwickeln</title>
            </Activity>
            <Activity id="NzX7Sj8hQkClkC8CQAYbTQ">
                <title>Testen vorbereiten</title>
            </Activity>
            <Activity id="b74sKWuaTU6HEcEwWg3_SQ">
                <title>Phase abschliessen</title>
            </Activity>
        </Activity>
        <Activity id="DcludGBKRNCHBquHy34sKA">
            <title>Projekt-Auslieferung</title>
            <Activity id="6t_zVCzSTQyTjhV2EPqB-Q">
                <title>Schritt 1</title>
            </Activity>
            <Activity id="pUjX2xMvS6SH_LKaq0n36Q">
                <title>Schritt 2</title>
            </Activity>
            <Activity id="Z55WLsbwR922WUZu5NTljA">
                <title>Schritt 3</title>
            </Activity>
        </Activity>
        <Activity id="hU3preKxT92WpnmQDYayJA">
            <title>Auslieferung abgeschlossen</title>
            <isMilestone value="true"/>
        </Activity>
        <Activity id="Byr7Z-mgSFmholBEHFsHCA">
            <title>Launch-Party</title>
        </Activity>
        <Activity id="-qQtfRQaTu2Tdp5vuDBeUA">
            <title>Projekt-Ende</title>
            <isMilestone value="true"/>
        </Activity>
    </Activity>
    <Dependency id="1snB9lPbQzyj_PM9Ihw5mQ">
        <type value="endToStart"/>
        <previousActivity idref="NevgsvkSRK2GpWWr3teWCg"/>
        <nextActivity idref="hNCtElcZRL2Zy80ws0NmbA"/>
    </Dependency>
    <Dependency id="5T2y5J2oRGmPqI5ZmvpIvg">
        <type value="endToStart"/>
        <previousActivity idref="6t_zVCzSTQyTjhV2EPqB-Q"/>
        <nextActivity idref="pUjX2xMvS6SH_LKaq0n36Q"/>
    </Dependency>
    <Dependency id="5quwkAA1RXm_ZfdkwvybJQ">
        <type value="endToStart"/>
        <previousActivity idref="wmeyOSARRJKr433-fYWcxA"/>
        <nextActivity idref="YREBK37XQG-aUGH7zMW_pg"/>
    </Dependency>
    <Dependency id="88hV8AT2SLeq_LDanmY9lg">
        <type value="endToStart"/>
        <previousActivity idref="pUjX2xMvS6SH_LKaq0n36Q"/>
        <nextActivity idref="Z55WLsbwR922WUZu5NTljA"/>
    </Dependency>
    <Dependency id="D1xYwH2dSNmdNnDjkmPwuA">
        <type value="endToStart"/>
        <previousActivity idref="t_lVAWm7S5iN-qLIVSGz-Q"/>
        <nextActivity idref="DcludGBKRNCHBquHy34sKA"/>
    </Dependency>
    <Dependency id="NfNi5QQnT6eG6prBhersGw">
        <type value="endToStart"/>
        <previousActivity idref="hU3preKxT92WpnmQDYayJA"/>
        <nextActivity idref="Byr7Z-mgSFmholBEHFsHCA"/>
    </Dependency>
    <Dependency id="Q80G35U8RcCr9s3ETqUYXA">
        <type value="endToStart"/>
        <previousActivity idref="Jk3fGNA-QAK22bQ45LSbyg"/>
        <nextActivity idref="t_lVAWm7S5iN-qLIVSGz-Q"/>
    </Dependency>
    <Dependency id="VEa8KAWrTzCIoyj4KSUypw">
        <type value="endToStart"/>
        <previousActivity idref="DcludGBKRNCHBquHy34sKA"/>
        <nextActivity idref="hU3preKxT92WpnmQDYayJA"/>
    </Dependency>
    <Dependency id="XBG4iwTOS0qQvpO7EmqTRQ">
        <type value="endToStart"/>
        <previousActivity idref="6wUY3OIYQD2tNuLMDpXnhw"/>
        <nextActivity idref="Jk3fGNA-QAK22bQ45LSbyg"/>
    </Dependency>
    <Dependency id="bm11MXwqTTWSt53ZDoJwyg">
        <type value="endToStart"/>
        <previousActivity idref="NzX7Sj8hQkClkC8CQAYbTQ"/>
        <nextActivity idref="b74sKWuaTU6HEcEwWg3_SQ"/>
    </Dependency>
    <Dependency id="clSxVXXUQXW7uAJZTTxAfQ">
        <type value="endToStart"/>
        <previousActivity idref="YREBK37XQG-aUGH7zMW_pg"/>
        <nextActivity idref="6wUY3OIYQD2tNuLMDpXnhw"/>
    </Dependency>
    <Dependency id="lMxzWPAQQP20XK9BnJtJmA">
        <type value="endToStart"/>
        <previousActivity idref="Byr7Z-mgSFmholBEHFsHCA"/>
        <nextActivity idref="-qQtfRQaTu2Tdp5vuDBeUA"/>
    </Dependency>
    <Dependency id="v0V_cyvCQkSc-be5jXgppw">
        <type value="endToStart"/>
        <previousActivity idref="hNCtElcZRL2Zy80ws0NmbA"/>
        <nextActivity idref="NzX7Sj8hQkClkC8CQAYbTQ"/>
    </Dependency>
</Project>