<?xml version="1.0" encoding="UTF-8"?>
 
<schema version="1.0" xmlns="http://www.apple.com/metadata"
                      xmlns:xsi="http://www.w3.org/2001/XMLSchema-instance"
                      xsi:schemaLocation="http://www.apple.com/metadata file:///System/Library/Frameworks/CoreServices.framework/Frameworks/Metadata.framework/Resources/MetadataSchema.xsd">
    <note>
        Custom attributes that this metadata importer supports.  Below
		is an example of a multivalued string attribute.  Other types
		are CFNumber, CFDate, CFBoolean and CFData.		      
    </note>
    <attributes>
        <attribute name="net_projectwizards_merlin_document_storeuuid" 			type="CFString"/>
        <attribute name="net_projectwizards_merlin_document_activityCount" 		type="CFNumber"/>
        <attribute name="net_projectwizards_merlin_document_resourceCount" 		type="CFNumber"/>
        <attribute name="net_projectwizards_merlin_document_attachmentCount" 	type="CFNumber"/>
        <attribute name="net_projectwizards_merlin_document_objective" 			type="CFString"/>
        <attribute name="net_projectwizards_merlin_document_plannedStartDate" 	type="CFDate"/>
        <attribute name="net_projectwizards_merlin_document_plannedEndDate" 	type="CFDate"/>
        <attribute name="net_projectwizards_merlin_document_expectedStartDate" 	type="CFDate"/>
        <attribute name="net_projectwizards_merlin_document_expectedEndDate" 	type="CFDate"/>
        <attribute name="net_projectwizards_merlin_document_budget" 			type="CFNumber"/>
        <attribute name="net_projectwizards_merlin_document_currency" 			type="CFString"/>
        <attribute name="net_projectwizards_merlin_document_resources" 			type="CFString" multivalued="true" />
        <attribute name="net_projectwizards_merlin_document_protected" 			type="CFNumber"/>
     </attributes>

    <types>
        <type name="net.projectwizards.merlin.document">
            <note>
				The keys that this metadata importer handles.
            </note>
            <allattrs>
				net_projectwizards_merlin_document_storeuuid
				net_projectwizards_merlin_document_objective
				net_projectwizards_merlin_document_plannedStartDate
				net_projectwizards_merlin_document_plannedEndDate
				net_projectwizards_merlin_document_expectedStartDate
				net_projectwizards_merlin_document_expectedEndDate
				net_projectwizards_merlin_document_budget
				net_projectwizards_merlin_document_currency
				net_projectwizards_merlin_document_resources
				net_projectwizards_merlin_document_activityCount
				net_projectwizards_merlin_document_resourceCount
				net_projectwizards_merlin_document_attachmentCount
				net_projectwizards_merlin_document_protected
            </allattrs>
            <displayattrs>
				net_projectwizards_merlin_document_objective
				net_projectwizards_merlin_document_plannedStartDate
				net_projectwizards_merlin_document_plannedEndDate
				net_projectwizards_merlin_document_expectedStartDate
				net_projectwizards_merlin_document_expectedEndDate
				net_projectwizards_merlin_document_budget
				net_projectwizards_merlin_document_currency
				net_projectwizards_merlin_document_resources
				net_projectwizards_merlin_document_activityCount
				net_projectwizards_merlin_document_resourceCount
				net_projectwizards_merlin_document_attachmentCount
            </displayattrs>
            <previewattrs>
				net_projectwizards_merlin_document_objective
				net_projectwizards_merlin_document_plannedStartDate
				net_projectwizards_merlin_document_plannedEndDate
				net_projectwizards_merlin_document_expectedStartDate
				net_projectwizards_merlin_document_expectedEndDate
				net_projectwizards_merlin_document_budget
				net_projectwizards_merlin_document_currency
				net_projectwizards_merlin_document_resources
				net_projectwizards_merlin_document_activityCount
				net_projectwizards_merlin_document_resourceCount
				net_projectwizards_merlin_document_attachmentCount
             </previewattrs>
        </type>
    </types>
</schema>

