<?xml version="1.0" encoding="UTF-8" ?>
<Project xmlns="http://schemas.projectwizards.net/merlin" xmlns:xsi="http://www.w3.org/2001/XMLSchema-instance">
    <clippingMode value="excludeRootActivity"/>
    <schedulingDirection value="forward"/>
    <Activity id="Ag7WDEaNRLqdX7MbtLbzSQ">
        <title>Inicio del proyecto</title>
        <Activity id="qky4Mv8-RSuR5M1pEsoKMQ">
            <title>Inicializar el proyecto</title>
            <Activity id="BPjh-KN2QU6kf99HugQ8Cw">
                <title>Preparar la infraestructura</title>
            </Activity>
        </Activity>
        <Activity id="JTX6sdVvQQe8NIyGAASxig">
            <title>Definición del proyecto</title>
            <Activity id="r7jLIS3WS4CtOWmrQB5GoQ">
                <title>Inicializar fase</title>
            </Activity>
            <Activity id="3Xei9Up6St2OZN5UVJSXzA">
                <title>Definir objetivos</title>
            </Activity>
            <Activity id="YQs-KC0wTm2EAh-wsdaQ5Q">
                <title>Desarrollar el concepto </title>
            </Activity>
            <Activity id="J-vXKP78R66kieegTupQjA">
                <title>Preparar las pruebas</title>
            </Activity>
            <Activity id="QBbNjpyzQaeE9PIjmPa-eg">
                <title>Cerrar fase</title>
            </Activity>
        </Activity>
        <Activity id="58tKVRRfTF2T7P7IpJ49kg">
            <title>Definición finalizada</title>
            <isMilestone value="true"/>
        </Activity>
        <Activity id="Rmk-LVGdS7CdMQtIPyBSYA">
            <title>Implementación</title>
            <Activity id="hTQ73mQyStaBHDK1MXnsCA">
                <title>Inicializar fase</title>
            </Activity>
            <Activity id="9W7D8qT5QgeHeZdxtVKi7g">
                <title>Desarrollar sistema</title>
            </Activity>
            <Activity id="ouEv4OmTQYSA_nAVBjCAAg">
                <title>Probar sistema</title>
            </Activity>
            <Activity id="twn7EShGRUqEgD1ZAdrCdA">
                <title>Cerrar fase</title>
            </Activity>
        </Activity>
        <Activity id="qmpJ79WHQE6hCUVhkRAnhA">
            <title>Implementación finalizada</title>
            <isMilestone value="true"/>
        </Activity>
        <Activity id="oOcds8M1Q4iF3wwXLPpsZw">
            <title>Despliegue</title>
            <Activity id="5Vyu1EeERdScpCv3_jvrig">
                <title>Paso 1</title>
            </Activity>
            <Activity id="d1CAraHuTSmw7f5YD50sVA">
                <title>Paso 2</title>
            </Activity>
            <Activity id="n8AyinsPS3mGOP2-0BZKDA">
                <title>Paso 3</title>
            </Activity>
        </Activity>
        <Activity id="VbphG_SAShabWQao2lAHKQ">
            <title>Despliegue finalizado</title>
            <isMilestone value="true"/>
        </Activity>
        <Activity id="tq7Pd-9sSe66OsFA8S-kIA">
            <title>Fiesta de lanzamiento</title>
        </Activity>
        <Activity id="Ue88Cz_QRoSLSepYeRJe8A">
            <title>Proyecto finalizado</title>
            <isMilestone value="true"/>
        </Activity>
    </Activity>
    <Dependency id="5MyxJW7aQPaHUp4jlwOfPQ">
        <type value="endToStart"/>
        <previousActivity idref="JTX6sdVvQQe8NIyGAASxig"/>
        <nextActivity idref="58tKVRRfTF2T7P7IpJ49kg"/>
    </Dependency>
    <Dependency id="6VM0wG_IT2miZyzFfKVxKg">
        <type value="endToStart"/>
        <previousActivity idref="VbphG_SAShabWQao2lAHKQ"/>
        <nextActivity idref="tq7Pd-9sSe66OsFA8S-kIA"/>
    </Dependency>
    <Dependency id="8tKQ3gn3S_2GvtXWkMy9Mg">
        <type value="endToStart"/>
        <previousActivity idref="tq7Pd-9sSe66OsFA8S-kIA"/>
        <nextActivity idref="Ue88Cz_QRoSLSepYeRJe8A"/>
    </Dependency>
    <Dependency id="Jk1oKg5eTT2vnngcJMHfTg">
        <type value="endToStart"/>
        <previousActivity idref="qky4Mv8-RSuR5M1pEsoKMQ"/>
        <nextActivity idref="JTX6sdVvQQe8NIyGAASxig"/>
    </Dependency>
    <Dependency id="KcpeE-a2SEWaSv-M_eBHlA">
        <type value="endToStart"/>
        <previousActivity idref="d1CAraHuTSmw7f5YD50sVA"/>
        <nextActivity idref="n8AyinsPS3mGOP2-0BZKDA"/>
    </Dependency>
    <Dependency id="LRAEdab4QA6ev_QHxVhjuw">
        <type value="endToStart"/>
        <previousActivity idref="5Vyu1EeERdScpCv3_jvrig"/>
        <nextActivity idref="d1CAraHuTSmw7f5YD50sVA"/>
    </Dependency>
    <Dependency id="NB1v1AM6TuSnQiCS1210cw">
        <type value="endToStart"/>
        <previousActivity idref="Rmk-LVGdS7CdMQtIPyBSYA"/>
        <nextActivity idref="qmpJ79WHQE6hCUVhkRAnhA"/>
    </Dependency>
    <Dependency id="Pwzj2a0iQq2QlG4mpJf7DQ">
        <type value="endToStart"/>
        <previousActivity idref="qmpJ79WHQE6hCUVhkRAnhA"/>
        <nextActivity idref="oOcds8M1Q4iF3wwXLPpsZw"/>
    </Dependency>
    <Dependency id="d5nO-RJCRkaLiKxORIHHoQ">
        <type value="endToStart"/>
        <previousActivity idref="ouEv4OmTQYSA_nAVBjCAAg"/>
        <nextActivity idref="twn7EShGRUqEgD1ZAdrCdA"/>
    </Dependency>
    <Dependency id="dQ2dirZETJugGq5z0PtsLA">
        <type value="endToStart"/>
        <previousActivity idref="hTQ73mQyStaBHDK1MXnsCA"/>
        <nextActivity idref="9W7D8qT5QgeHeZdxtVKi7g"/>
    </Dependency>
    <Dependency id="n1Wni-LORHev_WfT2JvWSQ">
        <type value="endToStart"/>
        <previousActivity idref="oOcds8M1Q4iF3wwXLPpsZw"/>
        <nextActivity idref="VbphG_SAShabWQao2lAHKQ"/>
    </Dependency>
    <Dependency id="yNHENS4gRPWEoMXiOaVOwA">
        <type value="endToStart"/>
        <previousActivity idref="9W7D8qT5QgeHeZdxtVKi7g"/>
        <nextActivity idref="ouEv4OmTQYSA_nAVBjCAAg"/>
    </Dependency>
    <Dependency id="z3LApwiaTriZILSo4iPbdg">
        <type value="endToStart"/>
        <previousActivity idref="58tKVRRfTF2T7P7IpJ49kg"/>
        <nextActivity idref="Rmk-LVGdS7CdMQtIPyBSYA"/>
    </Dependency>
</Project>