<?xml version="1.0" encoding="UTF-8" ?>
<Project xmlns="http://schemas.projectwizards.net/merlin" xmlns:xsi="http://www.w3.org/2001/XMLSchema-instance" id="4Limck74QQeKSI6gu83ocw">
    <title>Nuevo sitio web</title>
    <meta>
        <product name="project" version="3.0.0.SCM_REVISION"/>
        <system name="OSX" version="Version 10.9.4 (Build 13E28)"/>
    </meta>
    <currencySymbol value="$"/>
    <currencySymbolPosition value="beforeAmount"/>
    <hoursPerDay value="8"/>
    <hoursPerWeek value="40"/>
    <daysPerMonth value="20"/>
    <ensuresUniqueWBSCodes value="true"/>
    <autocreatesWBSCodes value="true"/>
    <defaultWork amount="1" unit="day" estimated="true" resolvedAmount="28800" resolvedEstimated="true"/>
    <schedulingDirection value="forward"/>
    <givenStatusDate value="2014-07-31T00:00:00"/>
    <firstDayOfWeek value="sunday"/>
    <dynamicPlanningMode value="off"/>
    <dynamicPlanningGranularityUnit value="day"/>
    <resourceLeveling>
        <incremental value="false"/>
        <granularity value="day"/>
        <order value="standard"/>
        <onlyWithinSlack value="false"/>
        <allowLevelingOfAssignments value="false"/>
    </resourceLeveling>
    <Resource id="AQzHdoU-SymJQfhAZXn7AQ">
        <costAccrual value="prorated"/>
        <isUser value="true"/>
        <availableUnits amount="1" resolvedAmount="1"/>
        <ResourceCalendar>
            <baseCalendar idref="awk9ZfwYTSycLZgO0zA2Xw"/>
        </ResourceCalendar>
        <baseCostType value="perProject"/>
        <givenPermissionForActivities value="readWrite"/>
        <givenPermissionForResources value="readWrite"/>
        <givenPermissionForAssignments value="readWrite"/>
        <givenPermissionForAttachments value="readWrite"/>
        <givenPermissionForDataFromOthers value="readWrite"/>
        <givenPermissionForFinancialData value="readWrite"/>
        <givenPermissionForActualValues value="readWrite"/>
        <givenPermissionForUsers value="readWrite"/>
        <givenPermissionForSettings value="readWrite"/>
        <Exporter id="3IxSdPBISzW83vuIr-aS4Q">
            <type identifier="net.projectwizards.merlin.exporter.ical"/>
            <attributes>
                <fileType value="com.apple.ical.ics"/>
                <withActivities value="false"/>
                <activitiesStartDateKey value="expectedStartDate"/>
                <activitiesEndDateKey value="expectedEndDate"/>
                <activitiesLocationKey value="subtitle1"/>
                <activitiesNotesKey value="objectDescription"/>
                <activitiesDueDateKey value="expectedEndDate"/>
                <activitiesCompletionDateKey value="actualEndDate"/>
                <activitiesType value="allDayEvents"/>
                <withAssignments value="false"/>
                <assignmentsStartDateKey value="expectedStartDate"/>
                <assignmentsEndDateKey value="expectedEndDate"/>
                <assignmentsLocationKey value="subtitle1"/>
                <assignmentsNotesKey value="objectDescription"/>
                <assignmentsDueDateKey value="expectedEndDate"/>
                <assignmentsCompletionDateKey value="actualEndDate"/>
                <assignmentsType value="allDayEvents"/>
                <withEvents value="false"/>
                <eventsStartDateKey value="startDate"/>
                <eventsEndDateKey value="endDate"/>
                <eventsLocationKey value="subtitle1"/>
                <eventsNotesKey value="objectDescription"/>
            </attributes>
        </Exporter>
        <Exporter id="BZPmZSkdThGta2uWZeBYKQ">
            <type identifier="net.projectwizards.merlin.exporter.image"/>
            <attributes>
                <fileType value="com.adobe.pdf"/>
                <lossyCompressionQuality value="1"/>
                <ganttViewParts value="ganttChart"/>
                <showsShadows value="true"/>
                <showsGradients value="true"/>
                <showsBackground value="true"/>
                <showsWatermark value="true"/>
                <resolution value="90"/>
            </attributes>
        </Exporter>
        <Exporter id="WKKomnfrS_-tjdq75mLCOA">
            <type identifier="net.projectwizards.merlin.exporter.xml"/>
            <attributes>
                <fileType value="net.projectwizards.merlinproject.xml"/>
                <includeActualValues value="true"/>
                <includeUsersAndPasswords value="true"/>
                <includeUIConfigurations value="true"/>
                <includeRootConstraintDates value="true"/>
                <exportsMedia value="true"/>
            </attributes>
        </Exporter>
    </Resource>
    <Resource id="azj_IHY0QeuBOAqnxHJywg">
        <title>Cliente</title>
        <Cost id="GlG7mdwWTNaoz6gRbULWRw">
            <title value="New Cost"/>
            <plannedAmount value="0"/>
            <isBillable value="false"/>
        </Cost>
        <costAccrual value="prorated"/>
        <isUser value="false"/>
        <initials value="c"/>
        <type value="person"/>
        <availableUnits amount="1" resolvedAmount="1"/>
        <role idref="d18aJarySJqcUxWp6feFDg"/>
        <ResourceCalendar/>
        <baseCostType value="perProject"/>
    </Resource>
    <Resource id="x0ASn4MyTs-gRvnK1oBFWg">
        <title>Diseñador</title>
        <Cost id="UtBlVf2CR2OJOkep297iGQ">
            <title value="New Cost"/>
            <plannedAmount value="0"/>
            <isBillable value="false"/>
        </Cost>
        <costAccrual value="prorated"/>
        <isUser value="false"/>
        <initials value="d"/>
        <type value="person"/>
        <availableUnits amount="1" resolvedAmount="1"/>
        <role idref="2qMZOvDdTxS-37-G62n8XQ"/>
        <ResourceCalendar/>
        <plannedStandardRate amount="50" denominatorUnit="hour" resolvedAmount="0.0138888888888889"/>
        <baseCostType value="perProject"/>
    </Resource>
    <Resource id="cVY2xiipT9CEdh92s9NzrA">
        <title>Programador</title>
        <Cost id="f40FKIwYRCCft5ndI5w4Kg">
            <title value="New Cost"/>
            <plannedAmount value="0"/>
            <isBillable value="false"/>
        </Cost>
        <costAccrual value="prorated"/>
        <isUser value="false"/>
        <initials value="d"/>
        <type value="person"/>
        <availableUnits amount="1" resolvedAmount="1"/>
        <role idref="eESWkbvgRxWARj3yAhOIfA"/>
        <ResourceCalendar/>
        <plannedStandardRate amount="50" denominatorUnit="hour" resolvedAmount="0.0138888888888889"/>
        <baseCostType value="perProject"/>
    </Resource>
    <Resource id="ZM3D6BpjSAWUNVSE06oe5w">
        <title>Director de producto</title>
        <Cost id="LZCw9IGbS-KQp1DnU2RJXg">
            <title value="New Cost"/>
            <plannedAmount value="0"/>
            <isBillable value="false"/>
        </Cost>
        <costAccrual value="prorated"/>
        <isUser value="false"/>
        <initials value="pm"/>
        <type value="person"/>
        <availableUnits amount="1" resolvedAmount="1"/>
        <role idref="woNPk6tPTWuTtOqtaneDEg"/>
        <ResourceCalendar/>
        <plannedStandardRate amount="50" denominatorUnit="hour" resolvedAmount="0.0138888888888889"/>
        <baseCostType value="perProject"/>
    </Resource>
    <Resource id="_gYAehExQDCRdzQtv5-k5Q">
        <title>Gestor de proyecto</title>
        <Cost id="H-lMAooWTF2A5gqIX3whHQ">
            <title value="New Cost"/>
            <plannedAmount value="0"/>
            <isBillable value="false"/>
        </Cost>
        <costAccrual value="prorated"/>
        <isUser value="false"/>
        <initials value="pm"/>
        <type value="person"/>
        <availableUnits amount="1" resolvedAmount="1"/>
        <role idref="gZnAEJ-uTvuye8lVCsnX8A"/>
        <ResourceCalendar/>
        <plannedStandardRate amount="50" denominatorUnit="hour" resolvedAmount="0.0138888888888889"/>
        <baseCostType value="perProject"/>
    </Resource>
    <Activity id="AhhEakqcRsy5QBPdHq80CA">
        <title>Nuevo sitio web</title>
        <objectDescription>Este proyecto puede utilizarse para crear un nuevo sitio web para un cliente. Las revisiones, por supuesto, siempre resultarán necesarias.</objectDescription>
        <costAccrual value="immediately"/>
        <givenAlignment value="asap"/>
        <givenStartDateMin value="2014-07-11T00:00:00"/>
        <requestedBudget value="20000"/>
        <budgetStatus value="approved"/>
        <budgetStatusDate value="2014-07-10T21:45:06"/>
        <approvedBudget amount="15000" resolvedAmount="15000"/>
        <resourceApprovingBudget idref="azj_IHY0QeuBOAqnxHJywg"/>
        <Activity id="bhzGUzgFSsaLJJjmX8He7g">
            <title>Inicio del proyecto</title>
            <objectDescription>Esto define el inicio del proyecto: el «arranque». El icono usado proviene de <link target="http://www.iconarchive.com/show/red-orb-alphabet-icons-by-iconarchive.html">http://www.iconarchive.com/show/red-orb-alphabet-icons-by-iconarchive.html</link></objectDescription>
            <media attr="Media" name="Exclamation-mark-icon.png" size="1684" digest="31e647ff0e0e6ecfb74de786bbed102bf222b214" type="public.png" created="2014-08-11T11:01:19" modified="2014-08-11T11:01:19" URL="media/Exclamation-mark-icon.png">
                <metadata>
                    <PixelHeight value="24" type="number"/>
                    <PixelWidth value="24" type="number"/>
                </metadata>
            </media>
            <tags idrefs="7Vabr5nsT4eqWwM7vfsHuQ"/>
            <costAccrual value="immediately"/>
            <Information id="nry6v7UpRPC-dxtMU5AtRQ">
                <title>Definir un inicio claro del proyecto</title>
                <costAccrual value="prorated"/>
                <informationDate value="2014-07-10T21:28:30"/>
                <kind idref="o-BCIOq7QLeecNSCOa9Ltw"/>
                <status idref="f18fmOB9QJyrL2kESePt0A"/>
            </Information>
            <givenAlignment value="asap"/>
            <isMilestone value="true"/>
            <actualStartDate value="2014-07-11T00:00:00"/>
            <actualEndDate value="2014-07-11T00:00:00"/>
            <actualCompletion value="1"/>
            <Assignment id="aTswuxWeQU24uH4yrWkWqQ">
                <resource idref="azj_IHY0QeuBOAqnxHJywg"/>
                <costAccrual value="immediately"/>
            </Assignment>
            <Assignment id="2Shs-tmiTE-CF_1wkS6Onw">
                <resource idref="_gYAehExQDCRdzQtv5-k5Q"/>
                <costAccrual value="immediately"/>
            </Assignment>
            <Assignment id="q35bgxqGQlK4IYVOJHB4dg">
                <resource idref="x0ASn4MyTs-gRvnK1oBFWg"/>
                <costAccrual value="immediately"/>
            </Assignment>
            <Assignment id="n_u8KL5oTE2sRWfVAp_2AA">
                <resource idref="cVY2xiipT9CEdh92s9NzrA"/>
                <costAccrual value="immediately"/>
            </Assignment>
        </Activity>
        <Activity id="bWwXPIQhT0qb5eR11DUsfQ">
            <title>Preproducción</title>
            <objectDescription>El icono usado proviene de <link target="http://www.iconarchive.com/show/red-orb-alphabet-icons-by-iconarchive.html">http://www.iconarchive.com/show/red-orb-alphabet-icons-by-iconarchive.html</link></objectDescription>
            <media attr="Media" name="Number-1-icon.png" size="1665" digest="f9b8ef1451b75a62f0dcde50180579bfc183eb6b" type="public.png" created="2014-08-11T10:58:47" modified="2014-08-11T10:58:47" URL="media/Number-1-icon.png">
                <metadata>
                    <PixelHeight value="24" type="number"/>
                    <PixelWidth value="24" type="number"/>
                </metadata>
            </media>
            <costAccrual value="immediately"/>
            <givenAlignment value="asap"/>
            <requestedBudget value="0.1"/>
            <budgetStatus value="approved"/>
            <budgetStatusDate value="2014-07-10T21:51:17"/>
            <approvedBudget amount="0.3" fractional="true" resolvedAmount="4500"/>
            <Activity id="am42yQ1QQ1WMbuZG0tWbEQ">
                <title>Cuestionario para el cliente y objetivos</title>
                <objectDescription>
                    <par>Repasen el Cuestionario para el cliente en la primera reunión. Es el primer paso para determinar el alcance del proyecto. Resulta esencial para entender dónde pretende llegar el cliente con el proyecto.</par>
                    <par/>
					<par>El propósito del proyecto y de la imagen de marca cambiarán de un cliente a otro. El cuestionario a la vez deja constancia de su entendimiento e insta al cliente a tomar decisiones críticas sobre estos problemas.</par>
				</objectDescription>
                <tags idrefs="68yCWoeZRkmuxcB14e9E1Q 7Vabr5nsT4eqWwM7vfsHuQ XMAM6awaT_yUjUYmz1ncHQ"/>
                <costAccrual value="immediately"/>
                <givenWork amount="1" unit="day" resolvedAmount="28800"/>
                <givenAlignment value="asap"/>
                <Assignment id="zOpGlD-OTQqYBT_KCoRNaQ">
                    <resource idref="azj_IHY0QeuBOAqnxHJywg"/>
                    <costAccrual value="immediately"/>
                    <givenWork amount="0.5" unit="fraction" resolvedAmount="14400"/>
                    <givenAlignment value="asap"/>
                    <resourceUnits amount="1" resolvedAmount="1"/>
                    <minimizesDuration value="true"/>
                    <actualStartDate value="2014-07-15T08:00:00"/>
                    <actualEndDate value="2014-07-15T12:00:00"/>
                    <actualWork amount="0.5" unit="day" resolvedAmount="14400"/>
                    <remainingWork amount="0" unit="day" resolvedAmount="0"/>
                </Assignment>
                <Assignment id="3iKZDZyoSmSwz_JSRaay3A">
                    <resource idref="_gYAehExQDCRdzQtv5-k5Q"/>
                    <costAccrual value="immediately"/>
                    <givenWork amount="0.5" unit="fraction" resolvedAmount="14400"/>
                    <givenAlignment value="asap"/>
                    <resourceUnits amount="1" resolvedAmount="1"/>
                    <minimizesDuration value="true"/>
                    <actualStartDate value="2014-07-15T08:00:00"/>
                    <actualEndDate value="2014-07-15T12:00:00"/>
                    <actualWork amount="0.5" unit="day" resolvedAmount="14400"/>
                    <remainingWork amount="0" unit="day" resolvedAmount="0"/>
                </Assignment>
            </Activity>
            <Activity id="6VSXvIVJRuqtyG1rARnUvQ">
                <title>Escenarios de uso</title>
                <objectDescription>El documento Escenarios de uso es una colección de narrativas breves que describen a los posibles visitantes de la web. El documento debería incluir descripciones de tres o cuatro tipos de usuarios que representan distintos perfiles del público objetivo. Se ha determinado que el sitio web atraerá a un gran público secundario: escenarios de uso en los que ese público también puede incluirse. No obstante es importante centrarse en todo momento en un público primario único para no diluir el mensaje de la web.</objectDescription>
                <tags idrefs="68yCWoeZRkmuxcB14e9E1Q XMAM6awaT_yUjUYmz1ncHQ"/>
                <costAccrual value="immediately"/>
                <Information id="S1Bsry3RRASLB6gGJ6taYA">
                    <title>Enlazar a listas de comprobación de diseño web que resulten útiles</title>
                    <costAccrual value="prorated"/>
                    <informationDate value="2014-07-10T21:39:33"/>
                    <URL value="http://www.smashingmagazine.com/2009/06/29/45-incredibly-useful-web-design-checklists-and-questionnaires/"/>
                    <kind idref="o-BCIOq7QLeecNSCOa9Ltw"/>
                    <status idref="f18fmOB9QJyrL2kESePt0A"/>
                </Information>
                <givenWork amount="1" unit="day" resolvedAmount="28800"/>
                <givenAlignment value="asap"/>
                <Assignment id="4XcCdt2WQN61tcJ8rl2HjA">
                    <resource idref="azj_IHY0QeuBOAqnxHJywg"/>
                    <costAccrual value="immediately"/>
                    <givenWork amount="0.5" unit="fraction" resolvedAmount="14400"/>
                    <givenAlignment value="asap"/>
                    <resourceUnits amount="1" resolvedAmount="1"/>
                    <minimizesDuration value="true"/>
                    <actualStartDate value="2014-07-15T13:00:00"/>
                    <actualEndDate value="2014-07-17T12:00:00"/>
                    <actualWork amount="2" unit="day" resolvedAmount="57600"/>
                    <remainingWork amount="0" unit="day" resolvedAmount="0"/>
                </Assignment>
                <Assignment id="Wtu4RH6xSDKAltZY-auOhw">
                    <resource idref="ZM3D6BpjSAWUNVSE06oe5w"/>
                    <costAccrual value="immediately"/>
                    <givenWork amount="0.5" unit="fraction" resolvedAmount="14400"/>
                    <givenAlignment value="asap"/>
                    <resourceUnits amount="1" resolvedAmount="1"/>
                    <minimizesDuration value="true"/>
                    <actualStartDate value="2014-07-15T13:00:00"/>
                    <actualEndDate value="2014-07-17T12:00:00"/>
                    <actualWork amount="2" unit="day" resolvedAmount="57600"/>
                    <remainingWork amount="0" unit="day" resolvedAmount="0"/>
                </Assignment>
            </Activity>
            <Activity id="5p0jF70lSKqg_POdNH1ekA">
                <title>Análisis comparativo</title>
                <objectDescription>
                    <par>El Análisis comparativo (también llamado Análisis competitivo) es un documento que describe el estudio de sitios web que cumplen una función parecida a la que se está desarrollando para el cliente. Es recomendable investigar al menos dos o tres sitios web que ofrezcan un servicio parecido y que se orienten al mismo público al que quiere llegar el cliente. La mejor forma de localizar estos sitios web es hacer una búsqueda en Internet abriendo Sherlock y escribiendo palabras clave que describan al sitio web. Realizando este análisis se obtiene una idea más clara sobre cómo desarrollar el sitio web y del lugar que ocupa el cliente en el mercado. Recuerde que el público de su cliente puede ser distinto al de su sitio web.</par>
                    <par/>
                    <par>Normalmente, un Análisis comparativo deberá incluir una descripción de la agencia y su sitio web, un resumen detallado, los pros y contras del sitio web y capturas de pantalla de la portada y de páginas secundarias.</par>
                </objectDescription>
                <costAccrual value="immediately"/>
                <givenWork amount="1" unit="day" resolvedAmount="28800"/>
                <givenAlignment value="asap"/>
                <Assignment id="vPgMcS1uRdSqkfzB1SzlZw">
                    <resource idref="ZM3D6BpjSAWUNVSE06oe5w"/>
                    <costAccrual value="immediately"/>
                    <givenWork amount="1" unit="fraction" resolvedAmount="28800"/>
                    <givenAlignment value="asap"/>
                    <resourceUnits amount="1" resolvedAmount="1"/>
                    <minimizesDuration value="true"/>
                    <actualStartDate value="2014-07-17T13:00:00"/>
                    <actualEndDate value="2014-07-18T12:00:00"/>
                    <actualWork amount="1" unit="day" resolvedAmount="28800"/>
                    <remainingWork amount="0" unit="day" resolvedAmount="0"/>
                </Assignment>
            </Activity>
            <Activity id="41vEESo7QJKDcBNkDc84CQ">
                <title>Especificaciones técnicas</title>
                <objectDescription>El documento de Especificaciones técnicas, fruto del Análisis de mercado y los Escenarios de uso, se emplea para definir los requisitos técnicos para el desarrollo del sitio web. Las especificaciones pueden incluir convenciones para los nombres de los documentos, normas para los archivos de imagen (por ejemplo, tamaño máximo de archivo) y estructura de archivos. El cumplimiento de estas normas minimiza la confusión y los problemas derivados de las incoherencias técnicas.</objectDescription>
                <tags idrefs="2JV5tMyRQIC4goqeP9NudQ XMAM6awaT_yUjUYmz1ncHQ"/>
                <costAccrual value="immediately"/>
                <givenWork amount="1" unit="day" resolvedAmount="28800"/>
                <givenAlignment value="asap"/>
                <Assignment id="EnTx_N9HQyGhjDdAOF3AZQ">
                    <resource idref="cVY2xiipT9CEdh92s9NzrA"/>
                    <costAccrual value="immediately"/>
                    <givenWork amount="0.5" unit="fraction" resolvedAmount="14400"/>
                    <givenAlignment value="asap"/>
                    <resourceUnits amount="1" resolvedAmount="1"/>
                    <minimizesDuration value="true"/>
                    <actualStartDate value="2014-07-18T13:00:00"/>
                    <actualEndDate value="2014-07-18T17:00:00"/>
                    <actualWork amount="0.5" unit="day" resolvedAmount="14400"/>
                    <remainingWork amount="0" unit="day" resolvedAmount="0"/>
                </Assignment>
                <Assignment id="Q1UeIFZMQ7SCn3KA4HqPRw">
                    <resource idref="ZM3D6BpjSAWUNVSE06oe5w"/>
                    <costAccrual value="immediately"/>
                    <givenWork amount="0.5" unit="fraction" resolvedAmount="14400"/>
                    <givenAlignment value="asap"/>
                    <resourceUnits amount="1" resolvedAmount="1"/>
                    <minimizesDuration value="true"/>
                    <actualStartDate value="2014-07-18T13:00:00"/>
                    <actualEndDate value="2014-07-18T17:00:00"/>
                    <actualWork amount="0.5" unit="day" resolvedAmount="14400"/>
                    <remainingWork amount="0" unit="day" resolvedAmount="0"/>
                </Assignment>
            </Activity>
            <Activity id="RdyjsjSHRX2bQqhPLVlNjg">
                <title>Crear Propuesta de proyecto</title>
                <objectDescription>
					<par>La Propuesta de proyecto es el plan que surge de la fase de análisis de necesidades durante la preproducción. La propuesta (y el análisis que la precede) suele venir motivada por una solicitud de propuesta (en inglés, RFP - request for proposal) enviada por el cliente a los posibles proveedores. La Propuesta de proyecto deberá indicar claramente cómo satisfará el sitio web las necesidades del cliente, cómo apoyará </par> 
					<par>su imagen de marca y cómo le posicionará en el mercado. También deberá incluir una estimación detallada del presupuesto del proyecto. </par> 
                    <par> </par> 
                    <par>La Aprobación del cliente es un documento en papel que el cliente debe fechar y firmar. Deberá especificar que el cliente acepta las condiciones de la propuesta y que cualquier cambio solicitado, ya sea respecto a la propuesta o a cualquier otro documento aceptado (por ejemplo, la selección final del diseño), supondrá un nuevo cálculo de los costes del proyecto debido al tiempo adicional necesario para implementar estos cambios. </par>
                </objectDescription>
                <tags idrefs="7Vabr5nsT4eqWwM7vfsHuQ XMAM6awaT_yUjUYmz1ncHQ"/>
                <costAccrual value="immediately"/>
                <givenWork amount="2" unit="day" resolvedAmount="57600"/>
                <givenAlignment value="asap"/>
                <Assignment id="VTWdqeziQHulUjvQNcMziQ">
                    <resource idref="_gYAehExQDCRdzQtv5-k5Q"/>
                    <costAccrual value="prorated"/>
                    <givenWork amount="1" unit="fraction" resolvedAmount="57600"/>
                    <resourceUnits amount="1" resolvedAmount="1"/>
                    <minimizesDuration value="true"/>
                    <actualStartDate value="2014-07-21T08:00:00"/>
                    <actualWork amount="1" unit="day" resolvedAmount="28800"/>
                    <remainingWork amount="2" unit="day" resolvedAmount="57600"/>
                </Assignment>
            </Activity>
            <Activity id="TkLX5u_PSOK3lYdg5NLl-w">
                <title>Crear Cronograma</title>
                <objectDescription>El Cronograma es un calendario de eventos y plazos del proyecto. Puede ser un listado cronológico sencillo de reuniones y objetivos de fechas de entrega, o un diagrama de Gantt. Al igual que la lista de tareas, muestra las piezas a realizar para cada fase del proyecto, indicando el número de horas previsto para cada tarea. Un proyecto más grande significa más días o meses para cada fase.</objectDescription>
                <tags idrefs="7Vabr5nsT4eqWwM7vfsHuQ XMAM6awaT_yUjUYmz1ncHQ"/>
                <costAccrual value="immediately"/>
                <givenWork amount="1" unit="day" resolvedAmount="28800"/>
                <givenAlignment value="asap"/>
                <Assignment id="LD39F6cmQhGMUpq8bLCy1w">
                    <resource idref="_gYAehExQDCRdzQtv5-k5Q"/>
                    <costAccrual value="immediately"/>
                    <givenWork amount="1" unit="fraction" resolvedAmount="28800"/>
                    <givenAlignment value="asap"/>
                    <resourceUnits amount="1" resolvedAmount="1"/>
                    <minimizesDuration value="true"/>
                </Assignment>
            </Activity>
            <Activity id="q8M2nTANSC2Eu_E1IFzMNw">
                <title>Crear Lista de tareas</title>
                <objectDescription>La Lista de tareas es una gráfica que documenta cada tarea, el miembro del equipo responsable de realizarla, las fechas deseadas para la finalización y la fecha real de finalización. Básicamente, la Lista de tareas muestra cada elemento en relación con su fecha prevista de entrega. Se centra en las personas responsables de cada elemento, más que en el número de horas.</objectDescription>
                <tags idrefs="7Vabr5nsT4eqWwM7vfsHuQ XMAM6awaT_yUjUYmz1ncHQ"/>
                <costAccrual value="immediately"/>
                <givenWork amount="1" unit="day" resolvedAmount="28800"/>
                <givenAlignment value="asap"/>
                <Assignment id="3s3-YpwTSWmB7vpJ0Udlfg">
                    <resource idref="_gYAehExQDCRdzQtv5-k5Q"/>
                    <costAccrual value="immediately"/>
                    <givenWork amount="1" unit="fraction" resolvedAmount="28800"/>
                    <givenAlignment value="asap"/>
                    <resourceUnits amount="1" resolvedAmount="1"/>
                    <minimizesDuration value="true"/>
                </Assignment>
            </Activity>
            <Activity id="WU_lvwnjRx-vVDCCM88n-A">
                <title>Crear Tabla de contenido</title>
                <objectDescription>La Tabla de contenido se usa para enumerar y supervisar el contenido textual y gráfico del sitio web. Esto incluye elementos que deberá obtener del cliente, y también los que deberán ser creados por el equipo de diseño. Este documento se relaciona con el Cronograma del proyecto, que deberá contener fechas para la obtención y creación en general. En la Tabla de contenido cada elemento puede tener un plazo de entrega deseado, y su estado puede supervisarse.</objectDescription>
                <tags idrefs="XMAM6awaT_yUjUYmz1ncHQ"/>
                <costAccrual value="immediately"/>
                <givenWork amount="2" unit="day" resolvedAmount="57600"/>
                <givenAlignment value="asap"/>
                <Assignment id="9iuKLY7TQRanvu6oZUkHPA">
                    <resource idref="ZM3D6BpjSAWUNVSE06oe5w"/>
                    <costAccrual value="immediately"/>
                    <givenWork amount="1" unit="fraction" resolvedAmount="57600"/>
                    <givenAlignment value="asap"/>
                    <resourceUnits amount="1" resolvedAmount="1"/>
                    <minimizesDuration value="true"/>
                    <actualStartDate value="2014-07-28T08:00:00"/>
                    <actualWork amount="2.8" unit="day" resolvedAmount="80640"/>
                    <remainingWork amount="1.2" unit="day" resolvedAmount="34560"/>
                </Assignment>
            </Activity>
            <Activity id="tb2yVq98TfiwqXJVYS77_w">
                <title>Definir Comunicaciones</title>
                <objectDescription>La página de Comunicaciones se emplea para documentar comunicaciones importantes dentro del equipo y entre el equipo y el cliente. Su objetivo principal es ofrecer una referencia sobre las distintas responsabilidades y reducir la confusión sobre la decisiones y sus detalles. Se pueden copiar y pegar correos en la columna correspondiente, o bien pueden convertirse en documentos HTML y enlazarse con la descripción clave en la gráfica de contenido.</objectDescription>
                <tags idrefs="7Vabr5nsT4eqWwM7vfsHuQ XMAM6awaT_yUjUYmz1ncHQ"/>
                <costAccrual value="immediately"/>
                <givenWork amount="1" unit="day" resolvedAmount="28800"/>
                <givenAlignment value="asap"/>
                <Assignment id="zObDumo1SnyAPIDAB3xiXQ">
                    <resource idref="_gYAehExQDCRdzQtv5-k5Q"/>
                    <costAccrual value="immediately"/>
                    <givenWork amount="1" unit="fraction" resolvedAmount="28800"/>
                    <givenAlignment value="asap"/>
                    <resourceUnits amount="1" resolvedAmount="1"/>
                    <minimizesDuration value="true"/>
                    <actualStartDate value="2014-08-01T08:00:00"/>
                    <actualWork amount="0.5" unit="day" resolvedAmount="14400"/>
                    <remainingWork amount="4" unit="hour" resolvedAmount="14400"/>
                </Assignment>
            </Activity>
            <Activity id="LrjYue1OSFSmxHK2tv2l5g">
                <title>Crear Mapa del sitio</title>
                <objectDescription>
                    <par>El Mapa del sitio es un esquema visual de la relación entre las distintas páginas del sitio web dentro de la estructura de navegación. Facilita la evaluación de la arquitectura general del sitio y el «peso» relativo de cada sección. Si una sección pareciera tener mucho más peso (con demasiadas subpáginas) que otras, toda la estructura de navegación puede reorganizarse antes de comenzar a crear las páginas.</par>
                    <par/>
                    <par>Desarrollado en coordinación con el Mapa del sitio y las Especificaciones técnicas, el Plan del sitio es un listado de las secciones y páginas que deberán crearse. Aquí es donde se deben cumplir las convenciones estrictas de nombrado, tal y como se han definido en las Especificaciones técnicas. El Plan del sitio debe actualizarse a medida que se añadan o eliminen páginas del proyecto.</par>
                </objectDescription>
                <tags idrefs="5yUAKNeSSnSBM2n8KOsErQ XMAM6awaT_yUjUYmz1ncHQ"/>
                <costAccrual value="immediately"/>
                <givenWork amount="1" unit="day" resolvedAmount="28800"/>
                <givenAlignment value="asap"/>
                <Assignment id="arB-xoHIRNuohLo6uYytEw">
                    <resource idref="cVY2xiipT9CEdh92s9NzrA"/>
                    <costAccrual value="immediately"/>
                    <givenWork amount="1" unit="fraction" resolvedAmount="28800"/>
                    <givenAlignment value="asap"/>
                    <resourceUnits amount="1" resolvedAmount="1"/>
                    <minimizesDuration value="true"/>
                </Assignment>
            </Activity>
        </Activity>
        <Activity id="vVI2Q5mCSJKfBH5th3QPHw">
            <title>Preproducción finalizada</title>
            <objectDescription>Este hito define el fin de la fase de preproducción. El icono usado proviene de <link target="http://www.iconarchive.com/show/red-orb-alphabet-icons-by-iconarchive.html">http://www.iconarchive.com/show/red-orb-alphabet-icons-by-iconarchive.html</link></objectDescription>
            <media attr="Media" name="Exclamation-mark-icon.png" size="1684" digest="31e647ff0e0e6ecfb74de786bbed102bf222b214" type="public.png" created="2014-08-11T11:01:19" modified="2014-08-11T11:01:19" URL="media/Exclamation-mark-icon.png">
                <metadata>
                    <PixelHeight value="24" type="number"/>
                    <PixelWidth value="24" type="number"/>
                </metadata>
            </media>
            <tags idrefs="7Vabr5nsT4eqWwM7vfsHuQ"/>
            <costAccrual value="immediately"/>
            <Information id="jokwtV3TQNuCbBEeHV5OeQ">
                <title>Tener un hito tras cada fase</title>
                <costAccrual value="prorated"/>
                <informationDate value="2014-07-10T21:29:16"/>
                <kind idref="o-BCIOq7QLeecNSCOa9Ltw"/>
                <status idref="f18fmOB9QJyrL2kESePt0A"/>
            </Information>
            <givenAlignment value="asap"/>
            <isMilestone value="true"/>
            <Assignment id="wZuY6_TfS4qd5EyvlP5yGw">
                <resource idref="_gYAehExQDCRdzQtv5-k5Q"/>
                <costAccrual value="immediately"/>
            </Assignment>
        </Activity>
        <Activity id="4MPHPRSwQjyF2nZpf5DkAg">
            <title>Producción del sitio</title>
            <objectDescription>El icono usado proviene de <link target="http://www.iconarchive.com/show/red-orb-alphabet-icons-by-iconarchive.html">http://www.iconarchive.com/show/red-orb-alphabet-icons-by-iconarchive.html</link></objectDescription>
            <media attr="Media" name="Number-2-icon.png" size="1712" digest="6d04e1e49a12a6d644c34daa404aa5497f1e983f" type="public.png" created="2014-08-11T10:59:00" modified="2014-08-11T10:59:00" URL="media/Number-2-icon.png">
                <metadata>
                    <PixelHeight value="24" type="number"/>
                    <PixelWidth value="24" type="number"/>
                </metadata>
            </media>
            <costAccrual value="immediately"/>
            <givenAlignment value="asap"/>
            <requestedBudget value="0.5"/>
            <budgetStatus value="approved"/>
            <budgetStatusDate value="2014-07-10T21:51:48"/>
            <approvedBudget amount="0.5" fractional="true" resolvedAmount="7500"/>
            <Activity id="VmMPh37VSwGJuE_GEhSH1A">
                <title>Diseños de ejemplo</title>
                <objectDescription>
                    <par>Los Diseños de ejemplo son simulaciones del aspecto que tendría el sitio web. También conocidos como «montajes», cada juego de ejemplos deberá contener una propuesta de diseño para la portada y para las páginas secundarias, manteniendo un aspecto coherente. Normalmente no son páginas web reales, sino archivos de imagen de gran tamaño. Si la navegación es un factor importante para tomar una decisión, suele crearse un mapa de imagen para incluir hipervínculos en la imagen.</par>
                    <par/>
                    <par>Aunque lo ideal es limitar el número de juegos de ejemplos a dos o tres, cada uno de ellos deberá reflejar una estrategia distinta para llegar al público objetivo. El sitio web de trabajo debe contener capturas de pantalla de cada juego, con explicaciones sobre las elecciones tomadas al diseñarlos. Una vez se haya seleccionado un diseño final, este documento servirá como recordatorio de los objetivos de diseño. Puede que se realicen más modificaciones a la opción seleccionada. Cada nueva versión se puede añadir a esta página.</par>
                </objectDescription>
                <tags idrefs="5yUAKNeSSnSBM2n8KOsErQ"/>
                <costAccrual value="immediately"/>
                <givenWork amount="2" unit="day" resolvedAmount="57600"/>
                <givenAlignment value="asap"/>
                <Assignment id="w6mckiMyTwmiwoUCMxAemg">
                    <resource idref="x0ASn4MyTs-gRvnK1oBFWg"/>
                    <costAccrual value="immediately"/>
                    <givenWork amount="1" unit="fraction" resolvedAmount="57600"/>
                    <givenAlignment value="asap"/>
                    <resourceUnits amount="1" resolvedAmount="1"/>
                    <minimizesDuration value="true"/>
                </Assignment>
            </Activity>
            <Activity id="ULCXbfqNRYSSzcqPpXY7gA">
                <title>Revisión por el cliente y selección del diseño</title>
                <objectDescription>El cliente revisa los diseños de ejemplo, selecciona el que más se adapta a sus necesidades y aprueba el diseño, el Mapa del sitio y el Plan del sitio. Llegados a este momento, puede comenzar el desarrollo real de la versión en HTML del sitio web.</objectDescription>
                <tags idrefs="68yCWoeZRkmuxcB14e9E1Q"/>
                <costAccrual value="immediately"/>
                <givenWork amount="2" unit="day" resolvedAmount="57600"/>
                <givenAlignment value="asap"/>
                <Assignment id="wa6FBH1kR3e1uOaoYZRTGg">
                    <resource idref="azj_IHY0QeuBOAqnxHJywg"/>
                    <costAccrual value="immediately"/>
                    <givenWork amount="1" unit="fraction" resolvedAmount="57600"/>
                    <givenAlignment value="asap"/>
                    <resourceUnits amount="1" resolvedAmount="1"/>
                    <minimizesDuration value="true"/>
                </Assignment>
            </Activity>
            <Activity id="Ep4R-VPEQDecxVyLcVvRCQ">
                <title>Creación de las páginas</title>
                <objectDescription>
                    <par>Este paso incluye el montaje de los elementos que constituyen cada página del sitio web. Normalmente, esto supone «volcar» el contenido un una plantilla de página.</par>
                    <par/>
                    <par>La primera versión «alfa» de un sitio contiene suficientes componentes necesarios para obtener críticas útiles. Muchos detalles no están completos. Deben verlo y evaluarlo (pruebas alfa) personas del equipo de diseño y solo una o dos personas clave de la empresa del cliente.</par>
                </objectDescription>
                <tags idrefs="2JV5tMyRQIC4goqeP9NudQ XMAM6awaT_yUjUYmz1ncHQ"/>
                <costAccrual value="immediately"/>
                <givenWork amount="5" unit="day" resolvedAmount="144000"/>
                <givenAlignment value="asap"/>
                <Assignment id="fY3SyhpxRs-zU7lnmPuctw">
                    <resource idref="cVY2xiipT9CEdh92s9NzrA"/>
                    <costAccrual value="immediately"/>
                    <givenWork amount="1" unit="fraction" resolvedAmount="144000"/>
                    <givenAlignment value="asap"/>
                    <resourceUnits amount="1" resolvedAmount="1"/>
                    <minimizesDuration value="true"/>
                </Assignment>
            </Activity>
            <Activity id="-hDwUyvzTEemDc3qSzvl8Q">
                <title>Revisión por el cliente</title>
                <objectDescription>
                    <par>También se puede añadir al sitio web de trabajo una página para que el cliente pueda dejar sus comentarios. Es simplemente un lugar en el que escribir cualquier comentario o solicitud por parte del cliente. Sirve como un registro que consultar si surge alguna confusión en el proceso de desarrollo del sitio web.</par>
                    <par/>
                    <par>En el momento en que el sitio tenga todos los elementos y correcciones solicitadas por el cliente, ya puede comenzar la producción final y las pruebas beta.</par>
                </objectDescription>
                <tags idrefs="68yCWoeZRkmuxcB14e9E1Q"/>
                <costAccrual value="immediately"/>
                <Risk id="Lpy8UtO2QQiFmJsfl3jcxA">
                    <title>Es frecuente que los clientes no realicen las revisiones a tiempo</title>
                    <costAccrual value="prorated"/>
                    <riskGroup idref="avFLE9gET5iBZZHZi3FpMg"/>
                    <reporter idref="cVY2xiipT9CEdh92s9NzrA"/>
                    <responsibleResource idref="_gYAehExQDCRdzQtv5-k5Q"/>
                    <recordingDate value="2014-07-10T21:23:59"/>
                    <riskDescription value="Very often clients are overwhelmed by the technical details and they are afraid to review and take decisions."/>
                    <riskClass value="demandsReduction"/>
                    <probability value="0.5"/>
                    <costImpact value="marginalIncrease"/>
                    <scopeImpact value="barelyNoticableDecreases"/>
                    <deadlineImpact value="marginalDelay"/>
                    <actions value="Have a clear communication with the client from the begin of the project."/>
                    <didOccur value="false"/>
                </Risk>
                <givenWork amount="5" unit="day" resolvedAmount="144000"/>
                <givenAlignment value="asap"/>
                <Assignment id="fO_rfDNGQk6PmTUszDc0PA">
                    <resource idref="azj_IHY0QeuBOAqnxHJywg"/>
                    <costAccrual value="immediately"/>
                    <givenWork amount="1" unit="fraction" resolvedAmount="144000"/>
                    <givenAlignment value="asap"/>
                    <resourceUnits amount="1" resolvedAmount="1"/>
                    <minimizesDuration value="true"/>
                </Assignment>
            </Activity>
            <Activity id="_qeO7u2BROeTS3rZ1TQZ4A">
                <title>Producción final del sitio</title>
                <objectDescription>Se han llevado a cabo pruebas finales de usabilidad y de búsqueda de fallos (pruebas beta) para determinar qué modificaciones son necesarias antes de lanzar la versión final. La versión beta ha sido revisada y evaluada por parte de personas de la empresa de diseño y, sobre todo, por personas externas seleccionadas que nunca habían visto antes el sitio web y que forman parte del público objetivo y de los escenarios de uso del sitio.</objectDescription>
                <costAccrual value="immediately"/>
                <givenWork amount="3" unit="day" resolvedAmount="86400"/>
                <givenAlignment value="asap"/>
                <Assignment id="ZmGy0YhURoedM7p7mmg9jw">
                    <resource idref="x0ASn4MyTs-gRvnK1oBFWg"/>
                    <costAccrual value="immediately"/>
                    <givenWork amount="0.5" unit="fraction" resolvedAmount="43200"/>
                    <givenAlignment value="asap"/>
                    <resourceUnits amount="1" resolvedAmount="1"/>
                    <minimizesDuration value="true"/>
                </Assignment>
                <Assignment id="OSA8u0YNTqq0dwJfEfD23w">
                    <resource idref="cVY2xiipT9CEdh92s9NzrA"/>
                    <costAccrual value="immediately"/>
                    <givenWork amount="0.5" unit="fraction" resolvedAmount="43200"/>
                    <givenAlignment value="asap"/>
                    <resourceUnits amount="1" resolvedAmount="1"/>
                    <minimizesDuration value="true"/>
                </Assignment>
            </Activity>
            <Activity id="jD6iDLDMSzamgO8zVGrZLg">
                <title>Pruebas beta</title>
                <objectDescription>
                    <par>Las pruebas beta técnicas las llevan a cabo miembros del equipo de producción. Su objetivo es observar cómo se comporta el sitio web en ciertas condiciones, como distintos navegadores y versiones, distintos sistemas operativos y versiones, y resoluciones de monitor. Lo principal es realizar pruebas en condiciones que posiblemente se den entre el público objetivo del sitio web.</par>
                    <par/>
                    <par>El formulario de pruebas beta es un documento que contiene los resultados de las pruebas. Normalmente hay dos tipos de pruebas beta (de usabilidad y técnicas) que pueden guardarse en un formulario único de pruebas, o bien en dos documentos independientes.</par>
                </objectDescription>
                <tags idrefs="68yCWoeZRkmuxcB14e9E1Q 2JV5tMyRQIC4goqeP9NudQ"/>
                <costAccrual value="immediately"/>
                <givenWork amount="5" unit="day" resolvedAmount="144000"/>
                <givenAlignment value="asap"/>
                <Assignment id="WmqhryMaQTi4NPhBQdxLBA">
                    <resource idref="ZM3D6BpjSAWUNVSE06oe5w"/>
                    <costAccrual value="immediately"/>
                    <givenWork amount="0.5" unit="fraction" resolvedAmount="72000"/>
                    <givenAlignment value="asap"/>
                    <resourceUnits amount="1" resolvedAmount="1"/>
                    <minimizesDuration value="true"/>
                </Assignment>
                <Assignment id="zGm7BprRTYOuBG9B7c9pTQ">
                    <resource idref="azj_IHY0QeuBOAqnxHJywg"/>
                    <costAccrual value="immediately"/>
                    <givenWork amount="0.5" unit="fraction" resolvedAmount="72000"/>
                    <givenAlignment value="asap"/>
                    <resourceUnits amount="1" resolvedAmount="1"/>
                    <minimizesDuration value="true"/>
                </Assignment>
            </Activity>
            <Activity id="WjME4dBKQ0qV4SNGy9SJQA">
                <title>Pruebas de usabilidad</title>
                <objectDescription>Las pruebas de usabilidad consisten en observaciones, discusiones y cuestionarios que recogen el criterio de personas seleccionadas para visitar el sitio web. Las observaciones cruciales incluyen el número de clics que un testeador necesita para llevar a una página concreta, y el nivel de confusión aparente en la comprensión del sitio y su estructura. Es preferible que el testeador no tenga ninguna información de antemano sobre el sitio web. Cuando el testeador lo debe visitar se le indican objetivos concretos.</objectDescription>
                <tags idrefs="68yCWoeZRkmuxcB14e9E1Q 2JV5tMyRQIC4goqeP9NudQ"/>
                <costAccrual value="immediately"/>
                <givenWork amount="1" unit="day" resolvedAmount="28800"/>
                <givenAlignment value="asap"/>
                <Assignment id="ISEnDEcnTCyPvDUMZemu3A">
                    <resource idref="ZM3D6BpjSAWUNVSE06oe5w"/>
                    <costAccrual value="immediately"/>
                    <givenWork amount="0.5" unit="fraction" resolvedAmount="14400"/>
                    <givenAlignment value="asap"/>
                    <resourceUnits amount="1" resolvedAmount="1"/>
                    <minimizesDuration value="true"/>
                </Assignment>
                <Assignment id="4rLXd_HvQp6CuZsYxGzbpw">
                    <resource idref="azj_IHY0QeuBOAqnxHJywg"/>
                    <costAccrual value="immediately"/>
                    <givenWork amount="0.5" unit="fraction" resolvedAmount="14400"/>
                    <givenAlignment value="asap"/>
                    <resourceUnits amount="1" resolvedAmount="1"/>
                    <minimizesDuration value="true"/>
                </Assignment>
            </Activity>
            <Activity id="zc2gy0uySOuXWSWtCHAxHw">
                <title>Crear guía de estilo</title>
                <objectDescription>La guía de estilos contiene las reglas que definen la coherencia del sitio web. Los dos estilos principales tratados aquí son el visual y el de redacción. La guía de estilo visual, que se centra en la coherencia del aspecto de un sitio web de una página a otra, puede expresarse con descripciones de texto, especificaciones técnicas y ejemplos gráficos. Aquí se especifican los detalles sobre la paleta de color del sitio web, los tamaños y las ubicaciones de distintos componentes (incluidos los que se usan repetidamente). La guía de estilo de redacción es donde se especifican detalles sobre los componentes textuales del sitio web. Esto incluye un listado de ciertas palabras y frases, y cómo deben escribirse o puntuarse. Otra información que se puede incluir es el tiempo verbal que se usará y otras especificaciones relativas a la coherencia del estilo de redacción dentro del sitio web.</objectDescription>
                <tags idrefs="5yUAKNeSSnSBM2n8KOsErQ XMAM6awaT_yUjUYmz1ncHQ"/>
                <costAccrual value="immediately"/>
                <givenWork amount="2" unit="day" resolvedAmount="57600"/>
                <givenAlignment value="asap"/>
                <Assignment id="heLEZ7VeRmyJQN6vQsY0Dg">
                    <resource idref="x0ASn4MyTs-gRvnK1oBFWg"/>
                    <costAccrual value="immediately"/>
                    <givenWork amount="0.5" unit="fraction" resolvedAmount="28800"/>
                    <givenAlignment value="asap"/>
                    <resourceUnits amount="1" resolvedAmount="1"/>
                    <minimizesDuration value="true"/>
                </Assignment>
                <Assignment id="blilrlc5SiK37NXViaq2IQ">
                    <resource idref="ZM3D6BpjSAWUNVSE06oe5w"/>
                    <costAccrual value="immediately"/>
                    <givenWork amount="0.5" unit="fraction" resolvedAmount="28800"/>
                    <givenAlignment value="asap"/>
                    <resourceUnits amount="1" resolvedAmount="1"/>
                    <minimizesDuration value="true"/>
                </Assignment>
            </Activity>
            <Activity id="WwUezfxmRKq0sgcauEUvgg">
                <title>Pruebas de navegador</title>
                <tags idrefs="2JV5tMyRQIC4goqeP9NudQ"/>
                <costAccrual value="immediately"/>
                <givenWork amount="2" unit="day" resolvedAmount="57600"/>
                <givenAlignment value="asap"/>
                <Assignment id="cDU-YE1cRpGQgnljzjsdAg">
                    <resource idref="ZM3D6BpjSAWUNVSE06oe5w"/>
                    <costAccrual value="immediately"/>
                    <givenWork amount="1" unit="fraction" resolvedAmount="57600"/>
                    <givenAlignment value="asap"/>
                    <resourceUnits amount="1" resolvedAmount="1"/>
                    <minimizesDuration value="true"/>
                </Assignment>
            </Activity>
            <Activity id="4QLVamjYSpO8jxe8grW3QQ">
                <title>Corregir fallos</title>
                <objectDescription>La Lista de fallos contiene todos los problemas descubiertos durante la producción y las pruebas. Aquí es donde se documentan los fallos y se anota el progreso en su resolución. En algunos casos, ciertos fallos no pueden repararse porque se trata de problemas inherentes a ciertas versiones de los navegadores web.</objectDescription>
                <tags idrefs="2JV5tMyRQIC4goqeP9NudQ"/>
                <costAccrual value="immediately"/>
                <givenWork amount="3" unit="day" resolvedAmount="86400"/>
                <givenAlignment value="asap"/>
                <Assignment id="mBILgu-WQoOm56OVEH08pQ">
                    <resource idref="cVY2xiipT9CEdh92s9NzrA"/>
                    <costAccrual value="immediately"/>
                    <givenWork amount="1" unit="fraction" resolvedAmount="86400"/>
                    <givenAlignment value="asap"/>
                    <resourceUnits amount="1" resolvedAmount="1"/>
                    <minimizesDuration value="true"/>
                </Assignment>
            </Activity>
        </Activity>
        <Activity id="j8JGBp0WQzSbT1vG5HBL7w">
            <title>Producción finalizada</title>
            <objectDescription>Este hito define el fin de la fase de producción. El icono usado proviene de <link target="http://www.iconarchive.com/show/red-orb-alphabet-icons-by-iconarchive.html">http://www.iconarchive.com/show/red-orb-alphabet-icons-by-iconarchive.html</link></objectDescription>
            <media attr="Media" name="Exclamation-mark-icon.png" size="1684" digest="31e647ff0e0e6ecfb74de786bbed102bf222b214" type="public.png" created="2014-08-11T11:01:19" modified="2014-08-11T11:01:19" URL="media/Exclamation-mark-icon.png">
                <metadata>
                    <PixelHeight value="24" type="number"/>
                    <PixelWidth value="24" type="number"/>
                </metadata>
            </media>
            <tags idrefs="7Vabr5nsT4eqWwM7vfsHuQ"/>
            <costAccrual value="immediately"/>
            <Information id="BAs_ws3tQ2OXA3G2I656Xw">
                <title>Cada fase concluye con un hito</title>
                <costAccrual value="prorated"/>
                <informationDate value="2014-07-10T21:31:17"/>
                <kind idref="o-BCIOq7QLeecNSCOa9Ltw"/>
                <status idref="f18fmOB9QJyrL2kESePt0A"/>
            </Information>
            <givenAlignment value="asap"/>
            <isMilestone value="true"/>
            <Assignment id="zjyrIUosQ0aW9zHU-LWxbg">
                <resource idref="_gYAehExQDCRdzQtv5-k5Q"/>
                <costAccrual value="immediately"/>
            </Assignment>
        </Activity>
        <Activity id="erhwttLLTFSpAP6zV4aZBg">
            <title>Postproducción</title>
            <objectDescription>El icono usado proviene de <link target="http://www.iconarchive.com/show/red-orb-alphabet-icons-by-iconarchive.html">http://www.iconarchive.com/show/red-orb-alphabet-icons-by-iconarchive.html</link></objectDescription>
            <media attr="Media" name="Number-3-icon.png" size="1729" digest="bdebc8b4769bf2ad77c98176acae9366829a12c0" type="public.png" created="2014-08-11T10:59:10" modified="2014-08-11T10:59:10" URL="media/Number-3-icon.png">
                <metadata>
                    <PixelHeight value="24" type="number"/>
                    <PixelWidth value="24" type="number"/>
                </metadata>
            </media>
            <costAccrual value="immediately"/>
            <givenAlignment value="asap"/>
            <requestedBudget value="0.2"/>
            <budgetStatus value="approved"/>
            <budgetStatusDate value="2014-07-10T21:51:57"/>
            <approvedBudget amount="3000" resolvedAmount="3000"/>
            <Activity id="BojKVuSqRGOYgxGgZFxGpA">
                <title>Definir calendario de mantenimiento</title>
                <objectDescription>Una vez que el sitio web se publique, es importante mantenerlo al día y relevante. El Calendario de mantenimiento de seis meses es una lista de tareas recomendadas para lograr los objetivos del cliente. También es una forma de que empiece con buen pie, evitando que el sitio web quede abandonado.</objectDescription>
                <tags idrefs="7Vabr5nsT4eqWwM7vfsHuQ"/>
                <costAccrual value="immediately"/>
                <givenWork amount="1" unit="day" resolvedAmount="28800"/>
                <givenAlignment value="asap"/>
                <Assignment id="4mPbjD9aRJy3yQUCQIDBRQ">
                    <resource idref="ZM3D6BpjSAWUNVSE06oe5w"/>
                    <costAccrual value="immediately"/>
                    <givenWork amount="1" unit="fraction" resolvedAmount="28800"/>
                    <givenAlignment value="asap"/>
                    <resourceUnits amount="1" resolvedAmount="1"/>
                    <minimizesDuration value="true"/>
                </Assignment>
            </Activity>
            <Activity id="BrO2nIhNQOCGrRxn2pyhKg">
                <title>Retrospectiva del proyecto</title>
                <objectDescription>La Retrospectiva del proyecto (a veces llamada «post-mortem») es una reunión en la que el equipo de producción revisa el proceso que siguieron para desarrollar el sitio web. Aquí se discuten y documentan los éxitos y los defectos del proyecto, con objeto de averiguar dónde podría haber sido más eficiente el equipo y aplicar esas lecciones en futuros proyectos.</objectDescription>
                <tags idrefs="7Vabr5nsT4eqWwM7vfsHuQ"/>
                <costAccrual value="immediately"/>
                <Information id="963hMRSSRcGfJodksqyRIw">
                    <title>Información de contexto</title>
                    <costAccrual value="prorated"/>
                    <informationDate value="2014-07-11T09:19:52"/>
                    <URL value="http://www.pinnacleprojects.com/index.php/project-retrospectives/159-retrospectives-4-the-perfect-project-retrospective"/>
                    <kind idref="o-BCIOq7QLeecNSCOa9Ltw"/>
                    <status idref="f18fmOB9QJyrL2kESePt0A"/>
                </Information>
                <CheckList id="HMB7pBnwTvC61sZl9muhEA">
                    <title>Preguntas básicas en la retrospectiva del proyecto</title>
                    <costAccrual value="prorated"/>
                    <recordingDate value="2014-07-11T09:19:08"/>
                    <CheckListItem id="DQVp0Ip6RhW7uGmmyvcn5w">
                        <title>¿Qué ha salido bien?</title>
                        <isChecked value="false"/>
                    </CheckListItem>
                    <CheckListItem id="zhEv-OAzScWBG0Ff3lCpSw">
                        <title>¿Qué no ha salido tan bien?</title>
                        <isChecked value="false"/>
                    </CheckListItem>
                    <CheckListItem id="qcTzaUfCTMK3eunZvM4ceg">
                        <title>¿Qué he aprendido?</title>
                        <isChecked value="false"/>
                    </CheckListItem>
                    <CheckListItem id="n1siBUDfT6aUC12YNTYBsA">
                        <title>¿Qué me sigue confundiendo?</title>
                        <isChecked value="false"/>
                    </CheckListItem>
                </CheckList>
                <givenWork amount="0.5" unit="day" resolvedAmount="14400"/>
                <givenAlignment value="asap"/>
                <Assignment id="4TcFFt9iTxOfBh2_Cj-blQ">
                    <resource idref="_gYAehExQDCRdzQtv5-k5Q"/>
                    <costAccrual value="immediately"/>
                    <givenWork amount="1" unit="fraction" resolvedAmount="14400"/>
                    <givenAlignment value="asap"/>
                    <resourceUnits amount="1" resolvedAmount="1"/>
                    <minimizesDuration value="true"/>
                </Assignment>
            </Activity>
            <Activity id="hbx0CN3oTKOW7n6JLrfpbw">
                <title>Presentaciones finales</title>
                <objectDescription>Con la publicación del Sitio web del cliente, los estudiantes tienen una ocasión de presentar el proceso que emplearon para el desarrollo del sitio web. El sitio web de trabajo puede usarse como la herramienta de presentación para enseñar y comentar los distintos pasos a lo largo del proceso de desarrollo. Los participantes claves del proyecto describen sus cometidos y los detalles de los componentes del proyecto con los que están más estrechamente asociados.</objectDescription>
                <tags idrefs="68yCWoeZRkmuxcB14e9E1Q 7Vabr5nsT4eqWwM7vfsHuQ"/>
                <costAccrual value="immediately"/>
                <givenWork amount="0.5" unit="day" resolvedAmount="14400"/>
                <givenAlignment value="asap"/>
                <Assignment id="BJNaLF7wSaierfT1dRdGBg">
                    <resource idref="azj_IHY0QeuBOAqnxHJywg"/>
                    <costAccrual value="immediately"/>
                    <givenWork amount="0.5" unit="fraction" resolvedAmount="7200"/>
                    <givenAlignment value="asap"/>
                    <resourceUnits amount="1" resolvedAmount="1"/>
                    <minimizesDuration value="true"/>
                </Assignment>
                <Assignment id="BqxkUZUUQmGGp-FT3slDgw">
                    <resource idref="_gYAehExQDCRdzQtv5-k5Q"/>
                    <costAccrual value="immediately"/>
                    <givenWork amount="0.5" unit="fraction" resolvedAmount="7200"/>
                    <givenAlignment value="asap"/>
                    <resourceUnits amount="1" resolvedAmount="1"/>
                    <minimizesDuration value="true"/>
                </Assignment>
            </Activity>
        </Activity>
        <Activity id="uEDYuwscQR-eC8jYX6GFxg">
            <title>Postproducción finalizada</title>
            <objectDescription>Este hito define el fin de la fase de postproducción. El icono usado proviene de <link target="http://www.iconarchive.com/show/red-orb-alphabet-icons-by-iconarchive.html">http://www.iconarchive.com/show/red-orb-alphabet-icons-by-iconarchive.html</link></objectDescription>
            <media attr="Media" name="Exclamation-mark-icon.png" size="1684" digest="31e647ff0e0e6ecfb74de786bbed102bf222b214" type="public.png" created="2014-08-11T11:01:19" modified="2014-08-11T11:01:19" URL="media/Exclamation-mark-icon.png">
                <metadata>
                    <PixelHeight value="24" type="number"/>
                    <PixelWidth value="24" type="number"/>
                </metadata>
            </media>
            <tags idrefs="7Vabr5nsT4eqWwM7vfsHuQ"/>
            <costAccrual value="immediately"/>
            <Information id="th5WVpC0TUaBm7nmNbAB8A">
                <title>Definir un final claro del proyecto</title>
                <costAccrual value="prorated"/>
                <informationDate value="2014-07-10T21:32:18"/>
                <kind idref="o-BCIOq7QLeecNSCOa9Ltw"/>
                <status idref="f18fmOB9QJyrL2kESePt0A"/>
            </Information>
            <givenAlignment value="asap"/>
            <isMilestone value="true"/>
            <Assignment id="QDp5uoofQ9OV8XEj-TByiw">
                <resource idref="_gYAehExQDCRdzQtv5-k5Q"/>
                <costAccrual value="immediately"/>
            </Assignment>
        </Activity>
    </Activity>
    <Dependency id="-E6rA2MCS1uiWC_pBMq4-w">
        <type value="endToStart"/>
        <previousActivity idref="j8JGBp0WQzSbT1vG5HBL7w"/>
        <nextActivity idref="erhwttLLTFSpAP6zV4aZBg"/>
    </Dependency>
    <Dependency id="00v06YLkRA-PnZ1ZKJIHOg">
        <type value="endToStart"/>
        <previousActivity idref="BrO2nIhNQOCGrRxn2pyhKg"/>
        <nextActivity idref="hbx0CN3oTKOW7n6JLrfpbw"/>
    </Dependency>
    <Dependency id="0KTnyDweRyyeFGdYr2-Tkg">
        <type value="endToStart"/>
        <previousActivity idref="vVI2Q5mCSJKfBH5th3QPHw"/>
        <nextActivity idref="4MPHPRSwQjyF2nZpf5DkAg"/>
    </Dependency>
    <Dependency id="2ho3zGNdS42hJK88TePHPg">
        <type value="endToStart"/>
        <previousActivity idref="am42yQ1QQ1WMbuZG0tWbEQ"/>
        <nextActivity idref="6VSXvIVJRuqtyG1rARnUvQ"/>
    </Dependency>
    <Dependency id="4mqk30MHT56tz7me-7GBJQ">
        <type value="endToStart"/>
        <previousActivity idref="WjME4dBKQ0qV4SNGy9SJQA"/>
        <nextActivity idref="zc2gy0uySOuXWSWtCHAxHw"/>
    </Dependency>
    <Dependency id="6y_j0sJuRKeLCDVoZCt4jA">
        <type value="startToStart"/>
        <previousActivity idref="WwUezfxmRKq0sgcauEUvgg"/>
        <nextActivity idref="4QLVamjYSpO8jxe8grW3QQ"/>
    </Dependency>
    <Dependency id="AWGn1U7PRU21JEmyYb9SKQ">
        <type value="endToStart"/>
        <previousActivity idref="tb2yVq98TfiwqXJVYS77_w"/>
        <nextActivity idref="LrjYue1OSFSmxHK2tv2l5g"/>
    </Dependency>
    <Dependency id="At_W9SRnSTmqGOyWGyP7KA">
        <type value="endToStart"/>
        <previousActivity idref="WU_lvwnjRx-vVDCCM88n-A"/>
        <nextActivity idref="tb2yVq98TfiwqXJVYS77_w"/>
    </Dependency>
    <Dependency id="CNnOfmzfQ1STANElvdTu2w">
        <type value="endToStart"/>
        <previousActivity idref="41vEESo7QJKDcBNkDc84CQ"/>
        <nextActivity idref="RdyjsjSHRX2bQqhPLVlNjg"/>
    </Dependency>
    <Dependency id="GsIc4-0sRJabnLpHeR-Uvw">
        <type value="endToStart"/>
        <previousActivity idref="jD6iDLDMSzamgO8zVGrZLg"/>
        <nextActivity idref="WjME4dBKQ0qV4SNGy9SJQA"/>
    </Dependency>
    <Dependency id="MJyCpRbKTtWAIVh-VEVf2g">
        <type value="endToStart"/>
        <previousActivity idref="zc2gy0uySOuXWSWtCHAxHw"/>
        <nextActivity idref="WwUezfxmRKq0sgcauEUvgg"/>
    </Dependency>
    <Dependency id="OTPGTjlvTv-V_aJmZbqaRQ">
        <type value="endToStart"/>
        <previousActivity idref="5p0jF70lSKqg_POdNH1ekA"/>
        <nextActivity idref="41vEESo7QJKDcBNkDc84CQ"/>
    </Dependency>
    <Dependency id="SJ5ulPkgSLG--JIs34NF4Q">
        <type value="endToStart"/>
        <previousActivity idref="q8M2nTANSC2Eu_E1IFzMNw"/>
        <nextActivity idref="WU_lvwnjRx-vVDCCM88n-A"/>
    </Dependency>
    <Dependency id="SzNpEGa2SDm8VsI0DAtJYQ">
        <type value="endToStart"/>
        <previousActivity idref="bWwXPIQhT0qb5eR11DUsfQ"/>
        <nextActivity idref="vVI2Q5mCSJKfBH5th3QPHw"/>
    </Dependency>
    <Dependency id="Tgf9uW2SRU6OSOTCiNbDzQ">
        <type value="endToStart"/>
        <previousActivity idref="-hDwUyvzTEemDc3qSzvl8Q"/>
        <nextActivity idref="_qeO7u2BROeTS3rZ1TQZ4A"/>
    </Dependency>
    <Dependency id="W5qzr310T4GYqOzERQuQqg">
        <type value="endToStart"/>
        <previousActivity idref="BojKVuSqRGOYgxGgZFxGpA"/>
        <nextActivity idref="BrO2nIhNQOCGrRxn2pyhKg"/>
    </Dependency>
    <Dependency id="bR3B-A0FSXKDe1phhiP4yw">
        <type value="endToStart"/>
        <previousActivity idref="_qeO7u2BROeTS3rZ1TQZ4A"/>
        <nextActivity idref="jD6iDLDMSzamgO8zVGrZLg"/>
    </Dependency>
    <Dependency id="ev3x4a4WSImYtsnkWkF2RA">
        <type value="endToStart"/>
        <previousActivity idref="ULCXbfqNRYSSzcqPpXY7gA"/>
        <nextActivity idref="Ep4R-VPEQDecxVyLcVvRCQ"/>
    </Dependency>
    <Dependency id="hMTFmmCARWukm7i7cGjZtQ">
        <type value="endToStart"/>
        <previousActivity idref="VmMPh37VSwGJuE_GEhSH1A"/>
        <nextActivity idref="ULCXbfqNRYSSzcqPpXY7gA"/>
    </Dependency>
    <Dependency id="kJXchDdFQeaN_jB6I02uUQ">
        <type value="endToStart"/>
        <previousActivity idref="bhzGUzgFSsaLJJjmX8He7g"/>
        <nextActivity idref="bWwXPIQhT0qb5eR11DUsfQ"/>
    </Dependency>
    <Dependency id="oyd8szncQyy0xYG1rAO5zA">
        <type value="endToStart"/>
        <previousActivity idref="erhwttLLTFSpAP6zV4aZBg"/>
        <nextActivity idref="uEDYuwscQR-eC8jYX6GFxg"/>
    </Dependency>
    <Dependency id="q1C5yQ23RF-wDrl3LQj02Q">
        <type value="endToStart"/>
        <previousActivity idref="RdyjsjSHRX2bQqhPLVlNjg"/>
        <nextActivity idref="TkLX5u_PSOK3lYdg5NLl-w"/>
    </Dependency>
    <Dependency id="s5ZvKKgeQ5u1MZRS-_DLew">
        <type value="endToStart"/>
        <previousActivity idref="4MPHPRSwQjyF2nZpf5DkAg"/>
        <nextActivity idref="j8JGBp0WQzSbT1vG5HBL7w"/>
    </Dependency>
    <Dependency id="t5oJmIhiS62LJJ6bPC-7vA">
        <type value="endToStart"/>
        <previousActivity idref="6VSXvIVJRuqtyG1rARnUvQ"/>
        <nextActivity idref="5p0jF70lSKqg_POdNH1ekA"/>
    </Dependency>
    <Dependency id="tOqw2u-0S46341gNw68_yA">
        <type value="endToStart"/>
        <previousActivity idref="TkLX5u_PSOK3lYdg5NLl-w"/>
        <nextActivity idref="q8M2nTANSC2Eu_E1IFzMNw"/>
    </Dependency>
    <Dependency id="xKfFGGg9S9OYlYKczbJrwQ">
        <type value="startToStart"/>
        <previousActivity idref="Ep4R-VPEQDecxVyLcVvRCQ"/>
        <nextActivity idref="-hDwUyvzTEemDc3qSzvl8Q"/>
    </Dependency>
    <BaseCalendar id="iWAgnr6PSVyv9IBvXVsqsQ">
        <CalendarWeekDayRule weekDay="sunday">
            <dayTimeInterval startTime="00:00:00" endTime="00:00:00"/>
        </CalendarWeekDayRule>
        <CalendarWeekDayRule weekDay="monday">
            <dayTimeInterval startTime="00:00:00" endTime="00:00:00"/>
        </CalendarWeekDayRule>
        <CalendarWeekDayRule weekDay="tuesday">
            <dayTimeInterval startTime="00:00:00" endTime="00:00:00"/>
        </CalendarWeekDayRule>
        <CalendarWeekDayRule weekDay="wednesday">
            <dayTimeInterval startTime="00:00:00" endTime="00:00:00"/>
        </CalendarWeekDayRule>
        <CalendarWeekDayRule weekDay="thursday">
            <dayTimeInterval startTime="00:00:00" endTime="00:00:00"/>
        </CalendarWeekDayRule>
        <CalendarWeekDayRule weekDay="friday">
            <dayTimeInterval startTime="00:00:00" endTime="00:00:00"/>
        </CalendarWeekDayRule>
        <CalendarWeekDayRule weekDay="saturday">
            <dayTimeInterval startTime="00:00:00" endTime="00:00:00"/>
        </CalendarWeekDayRule>
        <title value="24 hours"/>
    </BaseCalendar>
    <BaseCalendar id="yqG1-JMxTaCsRpIwQ_42TA">
        <CalendarWeekDayRule weekDay="sunday"/>
        <CalendarWeekDayRule weekDay="monday">
            <dayTimeInterval startTime="23:00:00" endTime="00:00:00"/>
        </CalendarWeekDayRule>
        <CalendarWeekDayRule weekDay="tuesday">
            <dayTimeInterval startTime="00:00:00" endTime="03:00:00"/>
            <dayTimeInterval startTime="04:00:00" endTime="08:00:00"/>
            <dayTimeInterval startTime="23:00:00" endTime="00:00:00"/>
        </CalendarWeekDayRule>
        <CalendarWeekDayRule weekDay="wednesday">
            <dayTimeInterval startTime="00:00:00" endTime="03:00:00"/>
            <dayTimeInterval startTime="04:00:00" endTime="08:00:00"/>
            <dayTimeInterval startTime="23:00:00" endTime="00:00:00"/>
        </CalendarWeekDayRule>
        <CalendarWeekDayRule weekDay="thursday">
            <dayTimeInterval startTime="00:00:00" endTime="03:00:00"/>
            <dayTimeInterval startTime="04:00:00" endTime="08:00:00"/>
            <dayTimeInterval startTime="23:00:00" endTime="00:00:00"/>
        </CalendarWeekDayRule>
        <CalendarWeekDayRule weekDay="friday">
            <dayTimeInterval startTime="00:00:00" endTime="03:00:00"/>
            <dayTimeInterval startTime="04:00:00" endTime="08:00:00"/>
            <dayTimeInterval startTime="23:00:00" endTime="00:00:00"/>
        </CalendarWeekDayRule>
        <CalendarWeekDayRule weekDay="saturday">
            <dayTimeInterval startTime="00:00:00" endTime="03:00:00"/>
            <dayTimeInterval startTime="04:00:00" endTime="08:00:00"/>
        </CalendarWeekDayRule>
        <title value="Night Shift"/>
    </BaseCalendar>
    <BaseCalendar id="awk9ZfwYTSycLZgO0zA2Xw">
        <CalendarWeekDayRule weekDay="sunday"/>
        <CalendarWeekDayRule weekDay="monday">
            <dayTimeInterval startTime="08:00:00" endTime="12:00:00"/>
            <dayTimeInterval startTime="13:00:00" endTime="17:00:00"/>
        </CalendarWeekDayRule>
        <CalendarWeekDayRule weekDay="tuesday">
            <dayTimeInterval startTime="08:00:00" endTime="12:00:00"/>
            <dayTimeInterval startTime="13:00:00" endTime="17:00:00"/>
        </CalendarWeekDayRule>
        <CalendarWeekDayRule weekDay="wednesday">
            <dayTimeInterval startTime="08:00:00" endTime="12:00:00"/>
            <dayTimeInterval startTime="13:00:00" endTime="17:00:00"/>
        </CalendarWeekDayRule>
        <CalendarWeekDayRule weekDay="thursday">
            <dayTimeInterval startTime="08:00:00" endTime="12:00:00"/>
            <dayTimeInterval startTime="13:00:00" endTime="17:00:00"/>
        </CalendarWeekDayRule>
        <CalendarWeekDayRule weekDay="friday">
            <dayTimeInterval startTime="08:00:00" endTime="12:00:00"/>
            <dayTimeInterval startTime="13:00:00" endTime="17:00:00"/>
        </CalendarWeekDayRule>
        <CalendarWeekDayRule weekDay="saturday"/>
        <title value="Standard"/>
    </BaseCalendar>
    <ListValueProperty entity="Resource" name="role">
        <ListValue id="d18aJarySJqcUxWp6feFDg" title="Cliente"/>
        <ListValue id="GAkowOdJRU-_0GW7rHkwxQ" title="Interesado"/>
        <ListValue id="lsQZ1anPSv-FiIHuVPWzPA" title="Director de proyecto"/>
        <ListValue id="i688oqdXSTynanp5tmN-9w" title="Gestor de proyecto"/>
        <ListValue id="V2QYBFiqRxSf4E2UpQzHJw" title="Gestor de tareas"/>
        <ListValue id="eESWkbvgRxWARj3yAhOIfA" title="Programador"/>
        <ListValue id="woNPk6tPTWuTtOqtaneDEg" title="Ingeniero"/>
        <ListValue id="afw6mGx_ReapsdKe-Llr4Q" title="Marketing"/>
        <ListValue id="asXMx73eSySkwyzUzVWuxQ" title="Ventas"/>
        <ListValue id="_Qd5NP57TG-xVG2HCHOHlQ" title="Asistencia"/>
        <ListValue id="rPZYteR-R5WcFDNXGjqt4Q" title="Miembro del equipo"/>
        <ListValue id="nUDvkKEQSD2y-ryL-g6jDA" title="Proveedor"/>
        <ListValue id="Gaaws0A6TWmRG12XtmuwSA" title="Consultor"/>
        <ListValue id="2qMZOvDdTxS-37-G62n8XQ" title="Diseñador"/>
        <ListValue id="gZnAEJ-uTvuye8lVCsnX8A" title="Gestor de proyecto"/>
    </ListValueProperty>
    <ListValueProperty entity="File" name="status">
        <ListValue id="A94wJThnTvqsFjBvSTvovg" title="Nueva" attentionLevel="critical"/>
        <ListValue id="vHFpgDMvTCCy2a0sQZ8d1g" title="Borrador" attentionLevel="warning"/>
        <ListValue id="mlIQ_SLTSYmLwYrPw3ocKA" title="En revisión" attentionLevel="warning"/>
        <ListValue id="1mYz-SJuRYKJHyL7xcLqzQ" title="Análisis técnico" attentionLevel="warning"/>
        <ListValue id="9rrdS5DWTY2u5sh09mU7Gg" title="Valoración legal" attentionLevel="warning"/>
        <ListValue id="RoFeu542RyiEB1Z_K9_6Pg" title="Comprobación por el cliente" attentionLevel="warning"/>
        <ListValue id="xaDDFcIoQWiv0Yhw-aNd_g" title="Rechazado" attentionLevel="critical"/>
        <ListValue id="-BfBP4LVR2OoAospU0Nstw" title="Aprobado" attentionLevel="normal"/>
    </ListValueProperty>
    <ListValueProperty entity="Information" name="kind">
        <ListValue id="CcvkFLERS422Narsf0k1iw" title="Por teléfono">
            <ListValue id="V46iBQx1Rvi6gppUlWnfVw" title="Saliente" attentionLevel="normal"/>
            <ListValue id="KEcCDxltSVGEDuiLtgSwpA" title="Entrante" attentionLevel="normal"/>
            <ListValue id="d7wW45sYQ1CUmvK1gg3wXQ" title="Por favor, llamar" attentionLevel="critical"/>
            <ListValue id="cKa0zbrRQxW6DWJ2HbFawQ" title="Volverá a llamar" attentionLevel="warning"/>
        </ListValue>
        <ListValue id="iQO5TyUVSL6UA_OBdEtQcw" title="Escrito sin abreviar">
            <ListValue id="cAX3DzZsT_Sj_MIMK67g4w" title="Correo" attentionLevel="normal"/>
            <ListValue id="x7gANCVxQMuBEIq1BY1TXw" title="Fax" attentionLevel="normal"/>
            <ListValue id="EK_oIyEOQ8Op8NIHsJYg-w" title="Carta" attentionLevel="normal"/>
            <ListValue id="QdKmMIYER7ulhhMjAPaz0g" title="Nota" attentionLevel="normal"/>
            <ListValue id="sXNacGucQKKr01m2mKVZxQ" title="Factura" attentionLevel="warning"/>
        </ListValue>
        <ListValue id="L-zBCwoMRzOw8CtbXUAU0Q" title="Personal">
            <ListValue id="t9DWKxcMSxabSDCaXtfNnw" title="En la oficina" attentionLevel="normal"/>
            <ListValue id="7avz6dVeTF2H4QOVrWzZtQ" title="Con un cliente" attentionLevel="normal"/>
            <ListValue id="pvYdYHA0TpOln3rmll9s7w" title="Conferencia" attentionLevel="normal"/>
            <ListValue id="_-L1JXzuTXGsePXxx7hKGg" title="Feria comercial" attentionLevel="normal"/>
        </ListValue>
        <ListValue id="o-BCIOq7QLeecNSCOa9Ltw" title="Información">
            <ListValue id="f18fmOB9QJyrL2kESePt0A" title="Comentario" attentionLevel="normal"/>
        </ListValue>
    </ListValueProperty>
    <ListValueProperty entity="Issue" name="category">
        <ListValue id="W8ies4lmSQ2RfAAFVysrwg" title="Global"/>
        <ListValue id="FUuBCJ-2RVe0aGh-QdhK7w" title="Empleados"/>
        <ListValue id="dRgqEfoQRMqkapFNvXfI6A" title="Entorno"/>
        <ListValue id="oyz1f_hUTO6mpgEl05OueA" title="Financiero"/>
        <ListValue id="hA6ewiRXSsqy-uQIRjh7dQ" title="Técnico"/>
    </ListValueProperty>
    <ListValueProperty entity="Issue" name="kind">
        <ListValue id="G9rzHmFPS4utS4Vh6fP0xg" title="Problema"/>
        <ListValue id="p6mH5IJcRvaI09GMkIzyxA" title="Fallo"/>
        <ListValue id="H1XiANmPT_i9bqlAHQzftg" title="Solicitud de cambio"/>
        <ListValue id="FcCOoNv0SvuSPGq2TWDFrQ" title="Solicitud de prestación"/>
    </ListValueProperty>
    <ListValueProperty entity="Issue" name="status">
        <ListValue id="bS8XC9D3SOC5Xf_Z-z7ByQ" title="Nueva" attentionLevel="critical"/>
        <ListValue id="JyQvRk_xT1qhlQVoTl8XQw" title="Asignada" attentionLevel="critical"/>
        <ListValue id="qZM0mcAJQmG0-v52dFRwaQ" title="En curso" attentionLevel="warning"/>
        <ListValue id="WAWpKQCRQrOd1g6akHDgBw" title="Se necesita información adicional" attentionLevel="warning"/>
        <ListValue id="kTBGB5G3TU6rVdVUJb6JKg" title="Solucionado" attentionLevel="normal"/>
        <ListValue id="wLCRH9K5S0y8gXWxVXzcoA" title="Rechazado" attentionLevel="normal"/>
    </ListValueProperty>
    <ListValueProperty entity="Risk" name="riskGroup">
        <ListValue id="T1JmTdqgRlC1sLDlEBne8w" title="Global"/>
        <ListValue id="avFLE9gET5iBZZHZi3FpMg" title="Negocio"/>
        <ListValue id="OxbluD2hRSS1Flp53cDZRg" title="Empleados"/>
        <ListValue id="sif4cGUJQimnTnN8gMWbDA" title="Financiero"/>
        <ListValue id="AFAcNkySR6Su3GMVzHTW0g" title="Técnico"/>
    </ListValueProperty>
    <ListValueProperty entity="Cost" name="kind">
        <ListValue id="W762g6c-SGWp5fgpvs6Abg" title="Consultoría"/>
        <ListValue id="Iv8M2jt1RquEz270K8b30A" title="Cargos"/>
        <ListValue id="FejVYNMaT5aUuz1el5Pz6g" title="Materiales"/>
        <ListValue id="2yP-dSmaRbOQ6g8flkV9pw" title="Sala"/>
    </ListValueProperty>
    <ListValueProperty entity="Cost" name="status">
        <ListValue id="ZYs6hOmjS5aRzltreCht9Q" title="Solicitado" attentionLevel="warning"/>
        <ListValue id="Bj21Tz5pSyqanyTp4I22_A" title="Aprobado" attentionLevel="normal"/>
        <ListValue id="nS7czNbWT06YNbV1qdoSLA" title="Factura recibida" attentionLevel="critical"/>
        <ListValue id="2el3zpm_T0KE37ICIYzS1w" title="Factura aprobada" attentionLevel="warning"/>
        <ListValue id="CAjgFFo2TnWNGYWdMsDWDw" title="Factura pagada" attentionLevel="normal"/>
    </ListValueProperty>
    <ListValueProperty entity="TaggableObject" name="tags">
        <ListValue id="2JV5tMyRQIC4goqeP9NudQ" title="Técnico"/>
        <ListValue id="5yUAKNeSSnSBM2n8KOsErQ" title="Diseño"/>
        <ListValue id="XMAM6awaT_yUjUYmz1ncHQ" title="Por escrito"/>
        <ListValue id="7Vabr5nsT4eqWwM7vfsHuQ" title="Gestor de proyecto"/>
        <ListValue id="68yCWoeZRkmuxcB14e9E1Q" title="Cliente"/>
    </ListValueProperty>
    <CustomAttribute id="95FdItAcQbmESahJtNk_wA" title="Media">
        <targetEntityName value="Activity"/>
        <type value="media"/>
    </CustomAttribute>
</Project>