<?xml version="1.0" encoding="UTF-8" ?>
<Project xmlns="http://schemas.projectwizards.net/merlin" xmlns:xsi="http://www.w3.org/2001/XMLSchema-instance" id="4Limck74QQeKSI6gu83ocw">
    <title>Neue Webseite</title>
    <meta>
        <product name="project" version="3.0.0.SCM_REVISION"/>
        <system name="OSX" version="Version 10.9.4 (Build 13E28)"/>
    </meta>
    <currencySymbol value="$"/>
    <currencySymbolPosition value="beforeAmount"/>
    <hoursPerDay value="8"/>
    <hoursPerWeek value="40"/>
    <daysPerMonth value="20"/>
    <ensuresUniqueWBSCodes value="true"/>
    <autocreatesWBSCodes value="true"/>
    <defaultWork amount="1" unit="day" estimated="true" resolvedAmount="28800" resolvedEstimated="true"/>
    <schedulingDirection value="forward"/>
    <givenStatusDate value="2014-07-31T00:00:00"/>
    <firstDayOfWeek value="sunday"/>
    <dynamicPlanningMode value="off"/>
    <dynamicPlanningGranularityUnit value="day"/>
    <resourceLeveling>
        <incremental value="false"/>
        <granularity value="day"/>
        <order value="standard"/>
        <onlyWithinSlack value="false"/>
        <allowLevelingOfAssignments value="false"/>
    </resourceLeveling>
    <Resource id="AQzHdoU-SymJQfhAZXn7AQ">
        <costAccrual value="prorated"/>
        <isUser value="true"/>
        <availableUnits amount="1" resolvedAmount="1"/>
        <ResourceCalendar>
            <baseCalendar idref="awk9ZfwYTSycLZgO0zA2Xw"/>
        </ResourceCalendar>
        <baseCostType value="perProject"/>
        <givenPermissionForActivities value="readWrite"/>
        <givenPermissionForResources value="readWrite"/>
        <givenPermissionForAssignments value="readWrite"/>
        <givenPermissionForAttachments value="readWrite"/>
        <givenPermissionForDataFromOthers value="readWrite"/>
        <givenPermissionForFinancialData value="readWrite"/>
        <givenPermissionForActualValues value="readWrite"/>
        <givenPermissionForUsers value="readWrite"/>
        <givenPermissionForSettings value="readWrite"/>
        <Exporter id="3IxSdPBISzW83vuIr-aS4Q">
            <type identifier="net.projectwizards.merlin.exporter.ical"/>
            <attributes>
                <fileType value="com.apple.ical.ics"/>
                <withActivities value="false"/>
                <activitiesStartDateKey value="expectedStartDate"/>
                <activitiesEndDateKey value="expectedEndDate"/>
                <activitiesLocationKey value="subtitle1"/>
                <activitiesNotesKey value="objectDescription"/>
                <activitiesDueDateKey value="expectedEndDate"/>
                <activitiesCompletionDateKey value="actualEndDate"/>
                <activitiesType value="allDayEvents"/>
                <withAssignments value="false"/>
                <assignmentsStartDateKey value="expectedStartDate"/>
                <assignmentsEndDateKey value="expectedEndDate"/>
                <assignmentsLocationKey value="subtitle1"/>
                <assignmentsNotesKey value="objectDescription"/>
                <assignmentsDueDateKey value="expectedEndDate"/>
                <assignmentsCompletionDateKey value="actualEndDate"/>
                <assignmentsType value="allDayEvents"/>
                <withEvents value="false"/>
                <eventsStartDateKey value="startDate"/>
                <eventsEndDateKey value="endDate"/>
                <eventsLocationKey value="subtitle1"/>
                <eventsNotesKey value="objectDescription"/>
            </attributes>
        </Exporter>
        <Exporter id="BZPmZSkdThGta2uWZeBYKQ">
            <type identifier="net.projectwizards.merlin.exporter.image"/>
            <attributes>
                <fileType value="com.adobe.pdf"/>
                <lossyCompressionQuality value="1"/>
                <ganttViewParts value="ganttChart"/>
                <showsShadows value="true"/>
                <showsGradients value="true"/>
                <showsBackground value="true"/>
                <showsWatermark value="true"/>
                <resolution value="90"/>
            </attributes>
        </Exporter>
        <Exporter id="WKKomnfrS_-tjdq75mLCOA">
            <type identifier="net.projectwizards.merlin.exporter.xml"/>
            <attributes>
                <fileType value="net.projectwizards.merlinproject.xml"/>
                <includeActualValues value="true"/>
                <includeUsersAndPasswords value="true"/>
                <includeUIConfigurations value="true"/>
                <includeRootConstraintDates value="true"/>
                <exportsMedia value="true"/>
            </attributes>
        </Exporter>
    </Resource>
    <Resource id="azj_IHY0QeuBOAqnxHJywg">
        <title>Kunde</title>
        <Cost id="GlG7mdwWTNaoz6gRbULWRw">
            <title value="New Cost"/>
            <plannedAmount value="0"/>
            <isBillable value="false"/>
        </Cost>
        <costAccrual value="prorated"/>
        <isUser value="false"/>
        <initials value="c"/>
        <type value="person"/>
        <availableUnits amount="1" resolvedAmount="1"/>
        <role idref="d18aJarySJqcUxWp6feFDg"/>
        <ResourceCalendar/>
        <baseCostType value="perProject"/>
    </Resource>
    <Resource id="x0ASn4MyTs-gRvnK1oBFWg">
        <title>Designer</title>
        <Cost id="UtBlVf2CR2OJOkep297iGQ">
            <title value="New Cost"/>
            <plannedAmount value="0"/>
            <isBillable value="false"/>
        </Cost>
        <costAccrual value="prorated"/>
        <isUser value="false"/>
        <initials value="d"/>
        <type value="person"/>
        <availableUnits amount="1" resolvedAmount="1"/>
        <role idref="2qMZOvDdTxS-37-G62n8XQ"/>
        <ResourceCalendar/>
        <plannedStandardRate amount="50" denominatorUnit="hour" resolvedAmount="0.0138888888888889"/>
        <baseCostType value="perProject"/>
    </Resource>
    <Resource id="cVY2xiipT9CEdh92s9NzrA">
        <title>Entwickler</title>
        <Cost id="f40FKIwYRCCft5ndI5w4Kg">
            <title value="New Cost"/>
            <plannedAmount value="0"/>
            <isBillable value="false"/>
        </Cost>
        <costAccrual value="prorated"/>
        <isUser value="false"/>
        <initials value="d"/>
        <type value="person"/>
        <availableUnits amount="1" resolvedAmount="1"/>
        <role idref="eESWkbvgRxWARj3yAhOIfA"/>
        <ResourceCalendar/>
        <plannedStandardRate amount="50" denominatorUnit="hour" resolvedAmount="0.0138888888888889"/>
        <baseCostType value="perProject"/>
    </Resource>
    <Resource id="ZM3D6BpjSAWUNVSE06oe5w">
        <title>Produktmanager</title>
        <Cost id="LZCw9IGbS-KQp1DnU2RJXg">
            <title value="New Cost"/>
            <plannedAmount value="0"/>
            <isBillable value="false"/>
        </Cost>
        <costAccrual value="prorated"/>
        <isUser value="false"/>
        <initials value="pm"/>
        <type value="person"/>
        <availableUnits amount="1" resolvedAmount="1"/>
        <role idref="woNPk6tPTWuTtOqtaneDEg"/>
        <ResourceCalendar/>
        <plannedStandardRate amount="50" denominatorUnit="hour" resolvedAmount="0.0138888888888889"/>
        <baseCostType value="perProject"/>
    </Resource>
    <Resource id="_gYAehExQDCRdzQtv5-k5Q">
        <title>Projektmanager</title>
        <Cost id="H-lMAooWTF2A5gqIX3whHQ">
            <title value="New Cost"/>
            <plannedAmount value="0"/>
            <isBillable value="false"/>
        </Cost>
        <costAccrual value="prorated"/>
        <isUser value="false"/>
        <initials value="pm"/>
        <type value="person"/>
        <availableUnits amount="1" resolvedAmount="1"/>
        <role idref="gZnAEJ-uTvuye8lVCsnX8A"/>
        <ResourceCalendar/>
        <plannedStandardRate amount="50" denominatorUnit="hour" resolvedAmount="0.0138888888888889"/>
        <baseCostType value="perProject"/>
    </Resource>
    <Activity id="AhhEakqcRsy5QBPdHq80CA">
        <title>Neue Webseite</title>
        <objectDescription>Verwenden Sie dieses Projekt als Vorlage für die Erstellung einer neuen Webseite für einen Kunden. Natürlich sind immer Überarbeitungen erforderlich.</objectDescription>
        <costAccrual value="immediately"/>
        <givenAlignment value="asap"/>
        <givenStartDateMin value="2014-07-11T00:00:00"/>
        <requestedBudget value="20000"/>
        <budgetStatus value="approved"/>
        <approvedBudget amount="15000" resolvedAmount="15000"/>
        <resourceApprovingBudget idref="azj_IHY0QeuBOAqnxHJywg"/>
        <Activity id="bhzGUzgFSsaLJJjmX8He7g">
            <title>Projektstart</title>
            <objectDescription>Hier wird der Start oder auch „Kickoff“ des Projekts definiert. Das verwendete Symbol stammt von <link target="http://www.iconarchive.com/show/red-orb-alphabet-icons-by-iconarchive.html">http://www.iconarchive.com/show/red-orb-alphabet-icons-by-iconarchive.html</link></objectDescription>
            <media attr="Media" name="Exclamation-mark-icon.png" size="1684" digest="31e647ff0e0e6ecfb74de786bbed102bf222b214" type="public.png" created="2014-08-11T11:01:19" modified="2014-08-11T11:01:19" URL="media/Exclamation-mark-icon.png">
                <metadata>
                    <PixelHeight value="24" type="number"/>
                    <PixelWidth value="24" type="number"/>
                </metadata>
            </media>
            <tags idrefs="7Vabr5nsT4eqWwM7vfsHuQ"/>
            <costAccrual value="immediately"/>
            <Information id="nry6v7UpRPC-dxtMU5AtRQ">
                <title>Definition eines eindeutigen Projektstarts</title>
                <costAccrual value="prorated"/>
                <informationDate value="2014-07-10T21:28:30"/>
                <kind idref="o-BCIOq7QLeecNSCOa9Ltw"/>
                <status idref="f18fmOB9QJyrL2kESePt0A"/>
            </Information>
            <givenAlignment value="asap"/>
            <isMilestone value="true"/>
            <actualStartDate value="2014-07-11T00:00:00"/>
            <actualEndDate value="2014-07-11T00:00:00"/>
            <actualCompletion value="1"/>
            <Assignment id="aTswuxWeQU24uH4yrWkWqQ">
                <resource idref="azj_IHY0QeuBOAqnxHJywg"/>
                <costAccrual value="immediately"/>
            </Assignment>
            <Assignment id="2Shs-tmiTE-CF_1wkS6Onw">
                <resource idref="_gYAehExQDCRdzQtv5-k5Q"/>
                <costAccrual value="immediately"/>
            </Assignment>
            <Assignment id="q35bgxqGQlK4IYVOJHB4dg">
                <resource idref="x0ASn4MyTs-gRvnK1oBFWg"/>
                <costAccrual value="immediately"/>
            </Assignment>
            <Assignment id="n_u8KL5oTE2sRWfVAp_2AA">
                <resource idref="cVY2xiipT9CEdh92s9NzrA"/>
                <costAccrual value="immediately"/>
            </Assignment>
        </Activity>
        <Activity id="bWwXPIQhT0qb5eR11DUsfQ">
            <title>Vorbereitung</title>
            <objectDescription>Das verwendete Symbol stammt von <link target="http://www.iconarchive.com/show/red-orb-alphabet-icons-by-iconarchive.html">http://www.iconarchive.com/show/red-orb-alphabet-icons-by-iconarchive.html</link></objectDescription>
            <media attr="Media" name="Number-1-icon.png" size="1665" digest="f9b8ef1451b75a62f0dcde50180579bfc183eb6b" type="public.png" created="2014-08-11T10:58:47" modified="2014-08-11T10:58:47" URL="media/Number-1-icon.png">
                <metadata>
                    <PixelHeight value="24" type="number"/>
                    <PixelWidth value="24" type="number"/>
                </metadata>
            </media>
            <costAccrual value="immediately"/>
            <givenAlignment value="asap"/>
            <requestedBudget value="0.1"/>
            <budgetStatus value="approved"/>
            <budgetStatusDate value="2014-07-10T21:51:17"/>
            <approvedBudget amount="0.3" fractional="true" resolvedAmount="4500"/>
            <Activity id="am42yQ1QQ1WMbuZG0tWbEQ">
                <title>Kunden-Fragebogen und Ziele</title>
                <objectDescription>
                    <par>Gehen Sie während des ersten Meetings den Kundenfragebogen durch. Dies ist der erste Schritt zur Erfassung des Projektumfangs. Es ist von entscheidener Bedeutung zu verstehen, in welche Richtung der Kunde mit diesem Projekt gehen möchte.</par>
                    <par/>
					<par>Zweck und Markendarstellung des Projekts ist von Kunde zu Kunde unterschiedlich.  Der Fragebogen dient als Dokument zum Verständnis sowie als Anstoß zum Fällen von Entscheidungen über diese kritischen Punkte.</par>
				</objectDescription>
                <tags idrefs="68yCWoeZRkmuxcB14e9E1Q 7Vabr5nsT4eqWwM7vfsHuQ XMAM6awaT_yUjUYmz1ncHQ"/>
                <costAccrual value="immediately"/>
                <givenWork amount="1" unit="day" resolvedAmount="28800"/>
                <givenAlignment value="asap"/>
                <Assignment id="zOpGlD-OTQqYBT_KCoRNaQ">
                    <resource idref="azj_IHY0QeuBOAqnxHJywg"/>
                    <costAccrual value="immediately"/>
                    <givenWork amount="0.5" unit="fraction" resolvedAmount="14400"/>
                    <givenAlignment value="asap"/>
                    <resourceUnits amount="1" resolvedAmount="1"/>
                    <minimizesDuration value="true"/>
                    <actualStartDate value="2014-07-15T08:00:00"/>
                    <actualEndDate value="2014-07-15T12:00:00"/>
                    <actualWork amount="0.5" unit="day" resolvedAmount="14400"/>
                    <remainingWork amount="0" unit="day" resolvedAmount="0"/>
                </Assignment>
                <Assignment id="3iKZDZyoSmSwz_JSRaay3A">
                    <resource idref="_gYAehExQDCRdzQtv5-k5Q"/>
                    <costAccrual value="immediately"/>
                    <givenWork amount="0.5" unit="fraction" resolvedAmount="14400"/>
                    <givenAlignment value="asap"/>
                    <resourceUnits amount="1" resolvedAmount="1"/>
                    <minimizesDuration value="true"/>
                    <actualStartDate value="2014-07-15T08:00:00"/>
                    <actualEndDate value="2014-07-15T12:00:00"/>
                    <actualWork amount="0.5" unit="day" resolvedAmount="14400"/>
                    <remainingWork amount="0" unit="day" resolvedAmount="0"/>
                </Assignment>
            </Activity>
            <Activity id="6VSXvIVJRuqtyG1rARnUvQ">
                <title>Nutzungsszenarien</title>
                <objectDescription>Das Dokument „Nutzungsszenarien“ ist eine Sammlung von kurzen Erklärungen zu hypothetischem Besucherverhalten auf der Webseite. Das Dokument sollte Beschreibungen von drei oder vier unterschiedlichen Nutzertypen enthalten, die jeweilige Ausrichtungen der Zielgruppe darstellen. Wird festgestellt, dass die Seite auch ein großes sekundäres Publikum anzieht, können auch Nutzungsszenarien aus dieser Zielgruppe beigefügt werden. Es ist jedoch wichtig, sich auf die primäre Zielgruppe zu konzentrieren, um die Aussagekraft der neuen Webseite nicht zu schmälern.</objectDescription>
                <tags idrefs="68yCWoeZRkmuxcB14e9E1Q XMAM6awaT_yUjUYmz1ncHQ"/>
                <costAccrual value="immediately"/>
                <Information id="S1Bsry3RRASLB6gGJ6taYA">
                    <title>Link zu praktischen Webdesign Checklisten</title>
                    <costAccrual value="prorated"/>
                    <informationDate value="2014-07-10T21:39:33"/>
                    <URL value="http://www.smashingmagazine.com/2009/06/29/45-incredibly-useful-web-design-checklists-and-questionnaires/"/>
                    <kind idref="o-BCIOq7QLeecNSCOa9Ltw"/>
                    <status idref="f18fmOB9QJyrL2kESePt0A"/>
                </Information>
                <givenWork amount="1" unit="day" resolvedAmount="28800"/>
                <givenAlignment value="asap"/>
                <Assignment id="4XcCdt2WQN61tcJ8rl2HjA">
                    <resource idref="azj_IHY0QeuBOAqnxHJywg"/>
                    <costAccrual value="immediately"/>
                    <givenWork amount="0.5" unit="fraction" resolvedAmount="14400"/>
                    <givenAlignment value="asap"/>
                    <resourceUnits amount="1" resolvedAmount="1"/>
                    <minimizesDuration value="true"/>
                    <actualStartDate value="2014-07-15T13:00:00"/>
                    <actualEndDate value="2014-07-17T12:00:00"/>
                    <actualWork amount="2" unit="day" resolvedAmount="57600"/>
                    <remainingWork amount="0" unit="day" resolvedAmount="0"/>
                </Assignment>
                <Assignment id="Wtu4RH6xSDKAltZY-auOhw">
                    <resource idref="ZM3D6BpjSAWUNVSE06oe5w"/>
                    <costAccrual value="immediately"/>
                    <givenWork amount="0.5" unit="fraction" resolvedAmount="14400"/>
                    <givenAlignment value="asap"/>
                    <resourceUnits amount="1" resolvedAmount="1"/>
                    <minimizesDuration value="true"/>
                    <actualStartDate value="2014-07-15T13:00:00"/>
                    <actualEndDate value="2014-07-17T12:00:00"/>
                    <actualWork amount="2" unit="day" resolvedAmount="57600"/>
                    <remainingWork amount="0" unit="day" resolvedAmount="0"/>
                </Assignment>
            </Activity>
            <Activity id="5p0jF70lSKqg_POdNH1ekA">
                <title>Vergleichsanalyse</title>
                <objectDescription>
                    <par>Die Vergleichsanalyse, auch Wettbewerbsanalyse genannt, ist ein Dokument, in dem Ihre Recherche zu Webseiten mit ähnlicher Funktion zu der zu gestaltenden Webseite festgehalten ist. Sie sollten mindestens zwei oder drei dieser Webseiten vergleichen, die ähnliche Dienste anbieten und die gleiche Zielgruppe adressieren. Die beste Art, diese Webseiten zu suchen, ist eine Internetsuche mit Sherlock. Geben Sie die Schlagwörter zu diesen Seiten einfach ein. Mit dieser Analyse erhalten Sie ein besseres Verständnis für die Entwicklung der Seite und der Position Ihres Kunden auf dem Markt. Bedenken Sie, dass die Zielgruppe Ihres Kunden von den Zielgruppen der recherchierten Webseiten abweichen kann.</par>
                    <par/>
                    <par>Üblicherweise enthält eine Vergleichsanalyse eine Beschreibung der Agentur und ihrer Webseite, eine Struktur sowie eine Liste mit Argumenten für und gegen die Webseite sowie Screenshots von der Startseite und den Unterseiten.</par>
                </objectDescription>
                <costAccrual value="immediately"/>
                <givenWork amount="1" unit="day" resolvedAmount="28800"/>
                <givenAlignment value="asap"/>
                <Assignment id="vPgMcS1uRdSqkfzB1SzlZw">
                    <resource idref="ZM3D6BpjSAWUNVSE06oe5w"/>
                    <costAccrual value="immediately"/>
                    <givenWork amount="1" unit="fraction" resolvedAmount="28800"/>
                    <givenAlignment value="asap"/>
                    <resourceUnits amount="1" resolvedAmount="1"/>
                    <minimizesDuration value="true"/>
                    <actualStartDate value="2014-07-17T13:00:00"/>
                    <actualEndDate value="2014-07-18T12:00:00"/>
                    <actualWork amount="1" unit="day" resolvedAmount="28800"/>
                    <remainingWork amount="0" unit="day" resolvedAmount="0"/>
                </Assignment>
            </Activity>
            <Activity id="41vEESo7QJKDcBNkDc84CQ">
                <title>Technische Spezifikationen</title>
                <objectDescription>Als Ergebnis der Marktanalyse und der Nutzungsszenarien ergeben sich die technischen Spezifikationen zur Definition der technischen Grundlagen für die Entwicklung der Webseite. Zu diesen gehören Benennungsregeln für Dokumente, Bilddatei-Konventionen (wie die maximale Dateigröße) und die Dateistruktur. Die Einhaltung dieser Regeln beugt Verwirrung und Problemen aufgrund von technischen Abweichungen vor.</objectDescription>
                <tags idrefs="2JV5tMyRQIC4goqeP9NudQ XMAM6awaT_yUjUYmz1ncHQ"/>
                <costAccrual value="immediately"/>
                <givenWork amount="1" unit="day" resolvedAmount="28800"/>
                <givenAlignment value="asap"/>
                <Assignment id="EnTx_N9HQyGhjDdAOF3AZQ">
                    <resource idref="cVY2xiipT9CEdh92s9NzrA"/>
                    <costAccrual value="immediately"/>
                    <givenWork amount="0.5" unit="fraction" resolvedAmount="14400"/>
                    <givenAlignment value="asap"/>
                    <resourceUnits amount="1" resolvedAmount="1"/>
                    <minimizesDuration value="true"/>
                    <actualStartDate value="2014-07-18T13:00:00"/>
                    <actualEndDate value="2014-07-18T17:00:00"/>
                    <actualWork amount="0.5" unit="day" resolvedAmount="14400"/>
                    <remainingWork amount="0" unit="day" resolvedAmount="0"/>
                </Assignment>
                <Assignment id="Q1UeIFZMQ7SCn3KA4HqPRw">
                    <resource idref="ZM3D6BpjSAWUNVSE06oe5w"/>
                    <costAccrual value="immediately"/>
                    <givenWork amount="0.5" unit="fraction" resolvedAmount="14400"/>
                    <givenAlignment value="asap"/>
                    <resourceUnits amount="1" resolvedAmount="1"/>
                    <minimizesDuration value="true"/>
                    <actualStartDate value="2014-07-18T13:00:00"/>
                    <actualEndDate value="2014-07-18T17:00:00"/>
                    <actualWork amount="0.5" unit="day" resolvedAmount="14400"/>
                    <remainingWork amount="0" unit="day" resolvedAmount="0"/>
                </Assignment>
            </Activity>
            <Activity id="RdyjsjSHRX2bQqhPLVlNjg">
                <title>Angebotserstellung</title>
                <objectDescription>
					<par>Das Projektangebot ist der Matchplan, der sich aus der Analyse der Anforderungen ergibt. Das Angebot (und die dorthin führende Analyse) folgt üblicherweise einer Aufforderung zur Angebotserstellung vom Kunden an mögliche Dienstleister. Das Projektangebot sollte deutlich aufzeigen, wie die Webseite die Kundenziele erfüllt, die </par> 
					<par>Marke des Kunden stärkt und seine Position auf dem Markt festigt. Es sollte zudem eine ausführliche Liste der geschätzten Kosten enthalten. </par> 
                    <par> </par> 
                    <par>Die Kundenabnahme ist ein Papierdokument, das vom Kunden datiert und unterzeichnet wird. Es gibt an, dass der Kunde den Bedingungen des Angebots zustimmt, und dass geforderte Änderungen zum Angebot oder zu anderen Dokumenten (wie der finalen Designauswahl) zu einer Neubewertung der Projektkosten aufgrund des zusätzlichen Zeitaufwandes führen. </par>
                </objectDescription>
                <tags idrefs="7Vabr5nsT4eqWwM7vfsHuQ XMAM6awaT_yUjUYmz1ncHQ"/>
                <costAccrual value="immediately"/>
                <givenWork amount="2" unit="day" resolvedAmount="57600"/>
                <givenAlignment value="asap"/>
                <Assignment id="VTWdqeziQHulUjvQNcMziQ">
                    <resource idref="_gYAehExQDCRdzQtv5-k5Q"/>
                    <costAccrual value="prorated"/>
                    <givenWork amount="1" unit="fraction" resolvedAmount="57600"/>
                    <resourceUnits amount="1" resolvedAmount="1"/>
                    <minimizesDuration value="true"/>
                    <actualStartDate value="2014-07-21T08:00:00"/>
                    <actualWork amount="1" unit="day" resolvedAmount="28800"/>
                    <remainingWork amount="2" unit="day" resolvedAmount="57600"/>
                </Assignment>
            </Activity>
            <Activity id="TkLX5u_PSOK3lYdg5NLl-w">
                <title>Zeitplan erstellen</title>
                <objectDescription>Der Zeitplan ist ein Kalender mit Projektereignissen und Fristen. Dies kann eine einfache chronologische Liste mit Meetings und Fristen in einem Gantt-Diagramm sein. Wie auch bei der Aufgabenliste werden hier die Leistungen jeder Projektphase einschließlich der prognostizierten Stundenzahl für jede Aufgabe angegeben. Je größer ein Projekt wird, desto eher erstreckt es sich über mehrere Tage, Wochen oder gar Monate.</objectDescription>
                <tags idrefs="7Vabr5nsT4eqWwM7vfsHuQ XMAM6awaT_yUjUYmz1ncHQ"/>
                <costAccrual value="immediately"/>
                <givenWork amount="1" unit="day" resolvedAmount="28800"/>
                <givenAlignment value="asap"/>
                <Assignment id="LD39F6cmQhGMUpq8bLCy1w">
                    <resource idref="_gYAehExQDCRdzQtv5-k5Q"/>
                    <costAccrual value="immediately"/>
                    <givenWork amount="1" unit="fraction" resolvedAmount="28800"/>
                    <givenAlignment value="asap"/>
                    <resourceUnits amount="1" resolvedAmount="1"/>
                    <minimizesDuration value="true"/>
                </Assignment>
            </Activity>
            <Activity id="q8M2nTANSC2Eu_E1IFzMNw">
                <title>Erstellen einer Aufgabenliste</title>
                <objectDescription>Die Aufgabenliste besteht aus einem Diagramm der einzelnen Aufgaben, den für die Aufgaben zuständigen Teammitgliedern, den geplanten Fertigstellungsterminen und den tatsächlichen Fertigstellungsterminen. In der Aufgabenliste werden die Aufgaben grafisch nach Lieferterminen gegliedert dargestellt. Sie ist eher auf die zuständigen Personen als auf die Anzahl der benötigten Stunden ausgerichtet.</objectDescription>
                <tags idrefs="7Vabr5nsT4eqWwM7vfsHuQ XMAM6awaT_yUjUYmz1ncHQ"/>
                <costAccrual value="immediately"/>
                <givenWork amount="1" unit="day" resolvedAmount="28800"/>
                <givenAlignment value="asap"/>
                <Assignment id="3s3-YpwTSWmB7vpJ0Udlfg">
                    <resource idref="_gYAehExQDCRdzQtv5-k5Q"/>
                    <costAccrual value="immediately"/>
                    <givenWork amount="1" unit="fraction" resolvedAmount="28800"/>
                    <givenAlignment value="asap"/>
                    <resourceUnits amount="1" resolvedAmount="1"/>
                    <minimizesDuration value="true"/>
                </Assignment>
            </Activity>
            <Activity id="WU_lvwnjRx-vVDCCM88n-A">
                <title>Inhaltstabelle erstellen</title>
                <objectDescription>Die Inhaltstabelle dient der Gliederung und Verlaufssteuerung von Text- und Grafikinhalten für die Webseite. Dazu gehören gleichermaßen Elemente, die Sie vom Kunden erhalten, und die Ihr Design-Team selbst erstellt. Dieses Dokument ist mit dem Zeitplan des Projekts verknüpft, in dem die Termine für Start und Ende der Aufgaben enthalten sein sollten. In der Inhaltstabelle können bestimmten Elementen ein geplantes Fertigstellungsdatum und ihr Status zugewiesen werden.</objectDescription>
                <tags idrefs="XMAM6awaT_yUjUYmz1ncHQ"/>
                <costAccrual value="immediately"/>
                <givenWork amount="2" unit="day" resolvedAmount="57600"/>
                <givenAlignment value="asap"/>
                <Assignment id="9iuKLY7TQRanvu6oZUkHPA">
                    <resource idref="ZM3D6BpjSAWUNVSE06oe5w"/>
                    <costAccrual value="immediately"/>
                    <givenWork amount="1" unit="fraction" resolvedAmount="57600"/>
                    <givenAlignment value="asap"/>
                    <resourceUnits amount="1" resolvedAmount="1"/>
                    <minimizesDuration value="true"/>
                    <actualStartDate value="2014-07-28T08:00:00"/>
                    <actualWork amount="2.8" unit="day" resolvedAmount="80640"/>
                    <remainingWork amount="1.2" unit="day" resolvedAmount="34560"/>
                </Assignment>
            </Activity>
            <Activity id="tb2yVq98TfiwqXJVYS77_w">
                <title>Kommunikationswege definieren</title>
                <objectDescription>Im Kommunikationsdiagramm werden wichtige Kommunikationswege innerhalb des Teams und vom Team zum Kunden dokumentiert. Es dient hauptsächlich als Wegweiser für die Verantwortungsbereiche und mindert die mögliche Verwirrung bei Entscheidungen und deren Details. E-Mails können in die Spalte Korrespondenz kopiert oder zu HTML-Dokumenten konvertiert und zur Beschreibung in der Inhaltstabelle verknüpfts werden.</objectDescription>
                <tags idrefs="7Vabr5nsT4eqWwM7vfsHuQ XMAM6awaT_yUjUYmz1ncHQ"/>
                <costAccrual value="immediately"/>
                <givenWork amount="1" unit="day" resolvedAmount="28800"/>
                <givenAlignment value="asap"/>
                <Assignment id="zObDumo1SnyAPIDAB3xiXQ">
                    <resource idref="_gYAehExQDCRdzQtv5-k5Q"/>
                    <costAccrual value="immediately"/>
                    <givenWork amount="1" unit="fraction" resolvedAmount="28800"/>
                    <givenAlignment value="asap"/>
                    <resourceUnits amount="1" resolvedAmount="1"/>
                    <minimizesDuration value="true"/>
                    <actualStartDate value="2014-08-01T08:00:00"/>
                    <actualWork amount="0.5" unit="day" resolvedAmount="14400"/>
                    <remainingWork amount="4" unit="hour" resolvedAmount="14400"/>
                </Assignment>
            </Activity>
            <Activity id="LrjYue1OSFSmxHK2tv2l5g">
                <title>Sitemap erstellen</title>
                <objectDescription>
                    <par>Die Sitemap ist ein grafische Gliederung der einzelnen Unterseiten einer kompletten Webseite und deren Beziehungen zueinander im Navigationsschema. Die dient der Visualisierung und Prüfung der grundlegenden Webseitengliederung und der relativen „Gewichtung“ jedes Bereichs. Sollte die Gewichtung eines Bereichs zu stark ausfallen (mit zu vielen Unterseiten), kann die gesamte Navigationsstruktur der Seite noch vor Entwicklungsbeginn angepasst werden.</par>
                    <par/>
                    <par>der Seitenplan, entwickelt in Koordination mit Sitemap und technischen Spezifikationen, ist eine Liste der Bereiche und Unterseiten für die Webseite. Hier sollten die in den technischen Spezifikationen definierten Benennungskonventionen eingehalten werden. Der Seitenplan wird stets aktualisiert, wenn Seiten hinzugefügt oder gelöscht werden.</par>
                </objectDescription>
                <tags idrefs="5yUAKNeSSnSBM2n8KOsErQ XMAM6awaT_yUjUYmz1ncHQ"/>
                <costAccrual value="immediately"/>
                <givenWork amount="1" unit="day" resolvedAmount="28800"/>
                <givenAlignment value="asap"/>
                <Assignment id="arB-xoHIRNuohLo6uYytEw">
                    <resource idref="cVY2xiipT9CEdh92s9NzrA"/>
                    <costAccrual value="immediately"/>
                    <givenWork amount="1" unit="fraction" resolvedAmount="28800"/>
                    <givenAlignment value="asap"/>
                    <resourceUnits amount="1" resolvedAmount="1"/>
                    <minimizesDuration value="true"/>
                </Assignment>
            </Activity>
        </Activity>
        <Activity id="vVI2Q5mCSJKfBH5th3QPHw">
            <title>Vorbereitung abgeschlossen</title>
            <objectDescription>Dieser Meilenstein markiert das Ende der Vorbereitungsphase. Das verwendete Symbol stammt von <link target="http://www.iconarchive.com/show/red-orb-alphabet-icons-by-iconarchive.html">http://www.iconarchive.com/show/red-orb-alphabet-icons-by-iconarchive.html</link></objectDescription>
            <media attr="Media" name="Exclamation-mark-icon.png" size="1684" digest="31e647ff0e0e6ecfb74de786bbed102bf222b214" type="public.png" created="2014-08-11T11:01:19" modified="2014-08-11T11:01:19" URL="media/Exclamation-mark-icon.png">
                <metadata>
                    <PixelHeight value="24" type="number"/>
                    <PixelWidth value="24" type="number"/>
                </metadata>
            </media>
            <tags idrefs="7Vabr5nsT4eqWwM7vfsHuQ"/>
            <costAccrual value="immediately"/>
            <Information id="jokwtV3TQNuCbBEeHV5OeQ">
                <title>Jede Phase sollte mit einem Meilenstein enden.</title>
                <costAccrual value="prorated"/>
                <informationDate value="2014-07-10T21:29:16"/>
                <kind idref="o-BCIOq7QLeecNSCOa9Ltw"/>
                <status idref="f18fmOB9QJyrL2kESePt0A"/>
            </Information>
            <givenAlignment value="asap"/>
            <isMilestone value="true"/>
            <Assignment id="wZuY6_TfS4qd5EyvlP5yGw">
                <resource idref="_gYAehExQDCRdzQtv5-k5Q"/>
                <costAccrual value="immediately"/>
            </Assignment>
        </Activity>
        <Activity id="4MPHPRSwQjyF2nZpf5DkAg">
            <title>Produktion der finalen Webseite</title>
            <objectDescription>Das verwendete Symbol stammt von <link target="http://www.iconarchive.com/show/red-orb-alphabet-icons-by-iconarchive.html">http://www.iconarchive.com/show/red-orb-alphabet-icons-by-iconarchive.html</link></objectDescription>
            <media attr="Media" name="Number-2-icon.png" size="1712" digest="6d04e1e49a12a6d644c34daa404aa5497f1e983f" type="public.png" created="2014-08-11T10:59:00" modified="2014-08-11T10:59:00" URL="media/Number-2-icon.png">
                <metadata>
                    <PixelHeight value="24" type="number"/>
                    <PixelWidth value="24" type="number"/>
                </metadata>
            </media>
            <costAccrual value="immediately"/>
            <givenAlignment value="asap"/>
            <requestedBudget value="0.5"/>
            <budgetStatus value="approved"/>
            <budgetStatusDate value="2014-07-10T21:51:48"/>
            <approvedBudget amount="0.5" fractional="true" resolvedAmount="7500"/>
            <Activity id="VmMPh37VSwGJuE_GEhSH1A">
                <title>Layoutentwürfe</title>
                <objectDescription>
                    <par>Layoutentwürfe sind grobe Entwürfe der einzelnen Seiten der Webseite. Auch als Mockups bekannt, enthält jeder Satz an Layoutentwürfen einen Vorschlag für die Startseite und konsistente Unterseiten. Sie sind üblicherweise keine tatsächlichen Webseiten, sondern einfach Grafiken. Wenn Navigation wichtig ist, dann ist es üblich, eine Image-Map zu erstellen, um Hyperlinks auf einer einzelnen Grafik hinterlegen zu können.</par>
                    <par/>
                    <par>Layoutentwürfe sollten auf zwei oder drei Alternativen beschränkt werden, die unterschiedliche Ansätze zum Erreichen der Zielgruppe bieten. Der Arbeitsbereich sollte Screenshots jedes Satzes zusammen mit Erklärungen zu den Entscheidungen bei der Gestaltung enthalten. Sobald ein Design gewählt wurde, dient dieses Dokument als Referenz für die Designziele. Die endgültige Auswahl kann natürlich weiterhin Änderungen unterliegen. Jeder Änderungsschritt kann auf dieser Seite dokumentiert werden.</par>
                </objectDescription>
                <tags idrefs="5yUAKNeSSnSBM2n8KOsErQ"/>
                <costAccrual value="immediately"/>
                <givenWork amount="2" unit="day" resolvedAmount="57600"/>
                <givenAlignment value="asap"/>
                <Assignment id="w6mckiMyTwmiwoUCMxAemg">
                    <resource idref="x0ASn4MyTs-gRvnK1oBFWg"/>
                    <costAccrual value="immediately"/>
                    <givenWork amount="1" unit="fraction" resolvedAmount="57600"/>
                    <givenAlignment value="asap"/>
                    <resourceUnits amount="1" resolvedAmount="1"/>
                    <minimizesDuration value="true"/>
                </Assignment>
            </Activity>
            <Activity id="ULCXbfqNRYSSzcqPpXY7gA">
                <title>Kundenprüfung und Designauswahl</title>
                <objectDescription>Der Kunde prüft die Layoutentwürfe, wählt das gewünschte Design aus und bestätigt Design, Sitemap und Seitenplan. Ab diesem Punkt kann die tatsächliche Entwicklung der HTML-Version der Webseite beginnen.</objectDescription>
                <tags idrefs="68yCWoeZRkmuxcB14e9E1Q"/>
                <costAccrual value="immediately"/>
                <givenWork amount="2" unit="day" resolvedAmount="57600"/>
                <givenAlignment value="asap"/>
                <Assignment id="wa6FBH1kR3e1uOaoYZRTGg">
                    <resource idref="azj_IHY0QeuBOAqnxHJywg"/>
                    <costAccrual value="immediately"/>
                    <givenWork amount="1" unit="fraction" resolvedAmount="57600"/>
                    <givenAlignment value="asap"/>
                    <resourceUnits amount="1" resolvedAmount="1"/>
                    <minimizesDuration value="true"/>
                </Assignment>
            </Activity>
            <Activity id="Ep4R-VPEQDecxVyLcVvRCQ">
                <title>Seitenerstellung</title>
                <objectDescription>
                    <par>Dieser Schritt beinhaltet die eigentliche Programmierung der einzelnen Elemente, die zusammen die Webseite ergeben. Dazu gehört auch das Einpflegen von Inhalten in Seitenvorlagen.</par>
                    <par/>
                    <par>Die Alphaversion einer Webseite enthält gerade so viele Komponenten, um erste wichtige Kritikpunkt anzusprechen. Viele Details sind noch nicht vorhanden. Sie dient einzig zur Ansicht und Prüfung durch wenige ausgesuchte Mitarbeiter aus dem Designteam und dem Kundenteam.</par>
                </objectDescription>
                <tags idrefs="2JV5tMyRQIC4goqeP9NudQ XMAM6awaT_yUjUYmz1ncHQ"/>
                <costAccrual value="immediately"/>
                <givenWork amount="5" unit="day" resolvedAmount="144000"/>
                <givenAlignment value="asap"/>
                <Assignment id="fY3SyhpxRs-zU7lnmPuctw">
                    <resource idref="cVY2xiipT9CEdh92s9NzrA"/>
                    <costAccrual value="immediately"/>
                    <givenWork amount="1" unit="fraction" resolvedAmount="144000"/>
                    <givenAlignment value="asap"/>
                    <resourceUnits amount="1" resolvedAmount="1"/>
                    <minimizesDuration value="true"/>
                </Assignment>
            </Activity>
            <Activity id="-hDwUyvzTEemDc3qSzvl8Q">
                <title>Kundenprüfung</title>
                <objectDescription>
                    <par>Der Arbeitsbereich des Kunden kann um eine Feedbackseite erweitert werden. Hier stellt der Kunde Kommentare und Anforderungen ein. Sie dient als Referenz, sollten bei der Entwicklung der Seite Unklarheiten auftauchen.</par>
                    <par/>
                    <par>Hat der Kunde sämtliche Elemente und Korrekturen bestätigt, kann die finale Webseite erstellt werden und der Betatest beginnen.</par>
                </objectDescription>
                <tags idrefs="68yCWoeZRkmuxcB14e9E1Q"/>
                <costAccrual value="immediately"/>
                <Risk id="Lpy8UtO2QQiFmJsfl3jcxA">
                    <title>Kunden prüfen oft nicht fristgerecht</title>
                    <costAccrual value="prorated"/>
                    <riskGroup idref="avFLE9gET5iBZZHZi3FpMg"/>
                    <reporter idref="cVY2xiipT9CEdh92s9NzrA"/>
                    <responsibleResource idref="_gYAehExQDCRdzQtv5-k5Q"/>
                    <recordingDate value="2014-07-10T21:23:59"/>
                    <riskDescription value="Very often clients are overwhelmed by the technical details and they are afraid to review and take decisions."/>
                    <riskClass value="demandsReduction"/>
                    <probability value="0.5"/>
                    <costImpact value="marginalIncrease"/>
                    <scopeImpact value="barelyNoticableDecreases"/>
                    <deadlineImpact value="marginalDelay"/>
                    <actions value="Have a clear communication with the client from the begin of the project."/>
                    <didOccur value="false"/>
                </Risk>
                <givenWork amount="5" unit="day" resolvedAmount="144000"/>
                <givenAlignment value="asap"/>
                <Assignment id="fO_rfDNGQk6PmTUszDc0PA">
                    <resource idref="azj_IHY0QeuBOAqnxHJywg"/>
                    <costAccrual value="immediately"/>
                    <givenWork amount="1" unit="fraction" resolvedAmount="144000"/>
                    <givenAlignment value="asap"/>
                    <resourceUnits amount="1" resolvedAmount="1"/>
                    <minimizesDuration value="true"/>
                </Assignment>
            </Activity>
            <Activity id="_qeO7u2BROeTS3rZ1TQZ4A">
                <title>Produktion der finalen Webseite</title>
                <objectDescription>Endgültige Tests zu Usability und Bugs (Betatest) wurden durchgeführt, um die notwendigen Änderungen für die finale Version zu bestimmen. Die Betaversion wurde von einzelnen Mitarbeitern aus dem Designteam und – viel wichtiger – von ausgewählten Unbeteiligten, die diese Webseite nie zuvor gesehen haben und zur Zielgruppe gehören, getestet und geprüft.</objectDescription>
                <costAccrual value="immediately"/>
                <givenWork amount="3" unit="day" resolvedAmount="86400"/>
                <givenAlignment value="asap"/>
                <Assignment id="ZmGy0YhURoedM7p7mmg9jw">
                    <resource idref="x0ASn4MyTs-gRvnK1oBFWg"/>
                    <costAccrual value="immediately"/>
                    <givenWork amount="0.5" unit="fraction" resolvedAmount="43200"/>
                    <givenAlignment value="asap"/>
                    <resourceUnits amount="1" resolvedAmount="1"/>
                    <minimizesDuration value="true"/>
                </Assignment>
                <Assignment id="OSA8u0YNTqq0dwJfEfD23w">
                    <resource idref="cVY2xiipT9CEdh92s9NzrA"/>
                    <costAccrual value="immediately"/>
                    <givenWork amount="0.5" unit="fraction" resolvedAmount="43200"/>
                    <givenAlignment value="asap"/>
                    <resourceUnits amount="1" resolvedAmount="1"/>
                    <minimizesDuration value="true"/>
                </Assignment>
            </Activity>
            <Activity id="jD6iDLDMSzamgO8zVGrZLg">
                <title>Betatest</title>
                <objectDescription>
                    <par>Den technischen Betatest übernimmt das Produktionsteam. Ziel dieses Tests ist herauszufinden, wie sich die Webseite unter zahlreichen Bedingungen wie Browsertyp und -version, Computerplattform, Betriebssystemversion und Monitorgröße verhält. Dieser Test sollte vorwiegend unter Bedingungen durchgeführt werden, die üblicherweise auch bei der Zielgruppe vorherrschen.</par>
                    <par/>
                    <par>Das Betatestformular ist ein Dokument, das die Ergebnisse des Betatests enthält. Es gibt zwei Arten von Betatests: technische Tests und Usability-Tests. Diese können entweder auf ein gemeinsames Formular oder auf zwei getrennte Formulare zugreifen.</par>
                </objectDescription>
                <tags idrefs="68yCWoeZRkmuxcB14e9E1Q 2JV5tMyRQIC4goqeP9NudQ"/>
                <costAccrual value="immediately"/>
                <givenWork amount="5" unit="day" resolvedAmount="144000"/>
                <givenAlignment value="asap"/>
                <Assignment id="WmqhryMaQTi4NPhBQdxLBA">
                    <resource idref="ZM3D6BpjSAWUNVSE06oe5w"/>
                    <costAccrual value="immediately"/>
                    <givenWork amount="0.5" unit="fraction" resolvedAmount="72000"/>
                    <givenAlignment value="asap"/>
                    <resourceUnits amount="1" resolvedAmount="1"/>
                    <minimizesDuration value="true"/>
                </Assignment>
                <Assignment id="zGm7BprRTYOuBG9B7c9pTQ">
                    <resource idref="azj_IHY0QeuBOAqnxHJywg"/>
                    <costAccrual value="immediately"/>
                    <givenWork amount="0.5" unit="fraction" resolvedAmount="72000"/>
                    <givenAlignment value="asap"/>
                    <resourceUnits amount="1" resolvedAmount="1"/>
                    <minimizesDuration value="true"/>
                </Assignment>
            </Activity>
            <Activity id="WjME4dBKQ0qV4SNGy9SJQA">
                <title>Usability-Tests</title>
                <objectDescription>Usability-Tests beinhalten Überlegungen, Diskussionen und Fragebögen für Personen, die für den Test der Webseite ausgewählt wurden. Wichtige Kriterien sind die Anzahl der Klicks, die ein Tester benötigt, um ein bestimmtes Ziel zu erreichen, und die entstehende Verwirrung beim Erlernen des Webseitenaufbaus. Für den Tester ist es immer besser, vor dem Test über keine Informationen zu der Webseite zu verfügen. Dem Tester werden dann ganz bestimmte Ziele vorgegeben.</objectDescription>
                <tags idrefs="68yCWoeZRkmuxcB14e9E1Q 2JV5tMyRQIC4goqeP9NudQ"/>
                <costAccrual value="immediately"/>
                <givenWork amount="1" unit="day" resolvedAmount="28800"/>
                <givenAlignment value="asap"/>
                <Assignment id="ISEnDEcnTCyPvDUMZemu3A">
                    <resource idref="ZM3D6BpjSAWUNVSE06oe5w"/>
                    <costAccrual value="immediately"/>
                    <givenWork amount="0.5" unit="fraction" resolvedAmount="14400"/>
                    <givenAlignment value="asap"/>
                    <resourceUnits amount="1" resolvedAmount="1"/>
                    <minimizesDuration value="true"/>
                </Assignment>
                <Assignment id="4rLXd_HvQp6CuZsYxGzbpw">
                    <resource idref="azj_IHY0QeuBOAqnxHJywg"/>
                    <costAccrual value="immediately"/>
                    <givenWork amount="0.5" unit="fraction" resolvedAmount="14400"/>
                    <givenAlignment value="asap"/>
                    <resourceUnits amount="1" resolvedAmount="1"/>
                    <minimizesDuration value="true"/>
                </Assignment>
            </Activity>
            <Activity id="zc2gy0uySOuXWSWtCHAxHw">
                <title>Style Guide erstellen</title>
                <objectDescription>Im Style Guide werden die Regeln zur Erhaltung der gestalterischen und sprachlichen Konsistenz der Webseite festgehalten. Die zwei hier angesprochenen Stile sind Gestaltung und Sprache. Der gestalterische Style Guide behandelt die Einzelheiten zum Design der Seiten und deren Elemente. Konsistenz dieser Elemente wird durch Beschreibungen, technische Angaben und Beispiele sichergestellt. Hier werden genaue Angaben zum Farbschema der Seite, Größenangaben und Positionen von zahlreichen Elementen hinterlegt. Im sprachlichen Style Guide werden genauere Angaben zum Textstil auf der Webseite hinterlegt. Dazu zählen Wortlisten und Phrasen und deren Rechtschreibung und Grammatik. Weitere Informationen könnten das zu verwendende Tempus oder andere Angaben zum Schreibstil auf der Webseite sein.</objectDescription>
                <tags idrefs="5yUAKNeSSnSBM2n8KOsErQ XMAM6awaT_yUjUYmz1ncHQ"/>
                <costAccrual value="immediately"/>
                <givenWork amount="2" unit="day" resolvedAmount="57600"/>
                <givenAlignment value="asap"/>
                <Assignment id="heLEZ7VeRmyJQN6vQsY0Dg">
                    <resource idref="x0ASn4MyTs-gRvnK1oBFWg"/>
                    <costAccrual value="immediately"/>
                    <givenWork amount="0.5" unit="fraction" resolvedAmount="28800"/>
                    <givenAlignment value="asap"/>
                    <resourceUnits amount="1" resolvedAmount="1"/>
                    <minimizesDuration value="true"/>
                </Assignment>
                <Assignment id="blilrlc5SiK37NXViaq2IQ">
                    <resource idref="ZM3D6BpjSAWUNVSE06oe5w"/>
                    <costAccrual value="immediately"/>
                    <givenWork amount="0.5" unit="fraction" resolvedAmount="28800"/>
                    <givenAlignment value="asap"/>
                    <resourceUnits amount="1" resolvedAmount="1"/>
                    <minimizesDuration value="true"/>
                </Assignment>
            </Activity>
            <Activity id="WwUezfxmRKq0sgcauEUvgg">
                <title>Browser-Tests</title>
                <tags idrefs="2JV5tMyRQIC4goqeP9NudQ"/>
                <costAccrual value="immediately"/>
                <givenWork amount="2" unit="day" resolvedAmount="57600"/>
                <givenAlignment value="asap"/>
                <Assignment id="cDU-YE1cRpGQgnljzjsdAg">
                    <resource idref="ZM3D6BpjSAWUNVSE06oe5w"/>
                    <costAccrual value="immediately"/>
                    <givenWork amount="1" unit="fraction" resolvedAmount="57600"/>
                    <givenAlignment value="asap"/>
                    <resourceUnits amount="1" resolvedAmount="1"/>
                    <minimizesDuration value="true"/>
                </Assignment>
            </Activity>
            <Activity id="4QLVamjYSpO8jxe8grW3QQ">
                <title>Bugs beheben</title>
                <objectDescription>Die Bugliste enthält alle bei der Entwicklung und beim Testen entdeckten Fehler. Hier werden die Fehler und der Fortschritt der Fehlerbehebung dokumentiert. In manchen Fällen können Fehler nicht behoben werden, weil ihnen eine Eigenheit eines bestimmten Browsers zugrunde liegt.</objectDescription>
                <tags idrefs="2JV5tMyRQIC4goqeP9NudQ"/>
                <costAccrual value="immediately"/>
                <givenWork amount="3" unit="day" resolvedAmount="86400"/>
                <givenAlignment value="asap"/>
                <Assignment id="mBILgu-WQoOm56OVEH08pQ">
                    <resource idref="cVY2xiipT9CEdh92s9NzrA"/>
                    <costAccrual value="immediately"/>
                    <givenWork amount="1" unit="fraction" resolvedAmount="86400"/>
                    <givenAlignment value="asap"/>
                    <resourceUnits amount="1" resolvedAmount="1"/>
                    <minimizesDuration value="true"/>
                </Assignment>
            </Activity>
        </Activity>
        <Activity id="j8JGBp0WQzSbT1vG5HBL7w">
            <title>Produktion abgeschlossen</title>
            <objectDescription>Dieser Meilenstein markiert das Ende der Produktionsphase. Das verwendete Symbol stammt von <link target="http://www.iconarchive.com/show/red-orb-alphabet-icons-by-iconarchive.html">http://www.iconarchive.com/show/red-orb-alphabet-icons-by-iconarchive.html</link></objectDescription>
            <media attr="Media" name="Exclamation-mark-icon.png" size="1684" digest="31e647ff0e0e6ecfb74de786bbed102bf222b214" type="public.png" created="2014-08-11T11:01:19" modified="2014-08-11T11:01:19" URL="media/Exclamation-mark-icon.png">
                <metadata>
                    <PixelHeight value="24" type="number"/>
                    <PixelWidth value="24" type="number"/>
                </metadata>
            </media>
            <tags idrefs="7Vabr5nsT4eqWwM7vfsHuQ"/>
            <costAccrual value="immediately"/>
            <Information id="BAs_ws3tQ2OXA3G2I656Xw">
                <title>Jede Phase endet mit einem Meilenstein.</title>
                <costAccrual value="prorated"/>
                <informationDate value="2014-07-10T21:31:17"/>
                <kind idref="o-BCIOq7QLeecNSCOa9Ltw"/>
                <status idref="f18fmOB9QJyrL2kESePt0A"/>
            </Information>
            <givenAlignment value="asap"/>
            <isMilestone value="true"/>
            <Assignment id="zjyrIUosQ0aW9zHU-LWxbg">
                <resource idref="_gYAehExQDCRdzQtv5-k5Q"/>
                <costAccrual value="immediately"/>
            </Assignment>
        </Activity>
        <Activity id="erhwttLLTFSpAP6zV4aZBg">
            <title>Post-Produktion</title>
            <objectDescription>Das verwendete Symbol stammt von <link target="http://www.iconarchive.com/show/red-orb-alphabet-icons-by-iconarchive.html">http://www.iconarchive.com/show/red-orb-alphabet-icons-by-iconarchive.html</link></objectDescription>
            <media attr="Media" name="Number-3-icon.png" size="1729" digest="bdebc8b4769bf2ad77c98176acae9366829a12c0" type="public.png" created="2014-08-11T10:59:10" modified="2014-08-11T10:59:10" URL="media/Number-3-icon.png">
                <metadata>
                    <PixelHeight value="24" type="number"/>
                    <PixelWidth value="24" type="number"/>
                </metadata>
            </media>
            <costAccrual value="immediately"/>
            <givenAlignment value="asap"/>
            <requestedBudget value="0.2"/>
            <budgetStatus value="approved"/>
            <budgetStatusDate value="2014-07-10T21:51:57"/>
            <approvedBudget amount="3000" resolvedAmount="3000"/>
            <Activity id="BojKVuSqRGOYgxGgZFxGpA">
                <title>Wartungsplan festlegen</title>
                <objectDescription>Sobald die Webseite online geschaltet wird, muss sie regelmäßig auf dem neuesten Stand gehalten werden. Der sechsmonatige Wartungsplan enthält eine Liste mit empfohlenen Aufgaben zur weiteren Entwicklung der Kundenziele. Die auch ein gutes Instrument, um die Entwicklung der Webseite niemals ruhen zu lassen.</objectDescription>
                <tags idrefs="7Vabr5nsT4eqWwM7vfsHuQ"/>
                <costAccrual value="immediately"/>
                <givenWork amount="1" unit="day" resolvedAmount="28800"/>
                <givenAlignment value="asap"/>
                <Assignment id="4mPbjD9aRJy3yQUCQIDBRQ">
                    <resource idref="ZM3D6BpjSAWUNVSE06oe5w"/>
                    <costAccrual value="immediately"/>
                    <givenWork amount="1" unit="fraction" resolvedAmount="28800"/>
                    <givenAlignment value="asap"/>
                    <resourceUnits amount="1" resolvedAmount="1"/>
                    <minimizesDuration value="true"/>
                </Assignment>
            </Activity>
            <Activity id="BrO2nIhNQOCGrRxn2pyhKg">
                <title>Projektbeurteilung</title>
                <objectDescription>Die Projektbeurteilung (manchmal auch sarkastisch „Post-Mortem“ genannt, ist ein Meeting, in dem das Produktionsteam ihren Prozess der Webseiten-Entwicklung beurteilt. Die Erfolge und Fehlschläge während des Projekts werden dokumentiert, um daraus einen Lernerfolg für das Team bei künftigen Projekten zu erzielen.</objectDescription>
                <tags idrefs="7Vabr5nsT4eqWwM7vfsHuQ"/>
                <costAccrual value="immediately"/>
                <Information id="963hMRSSRcGfJodksqyRIw">
                    <title>Hintergrundinformation</title>
                    <costAccrual value="prorated"/>
                    <informationDate value="2014-07-11T09:19:52"/>
                    <URL value="http://www.pinnacleprojects.com/index.php/project-retrospectives/159-retrospectives-4-the-perfect-project-retrospective"/>
                    <kind idref="o-BCIOq7QLeecNSCOa9Ltw"/>
                    <status idref="f18fmOB9QJyrL2kESePt0A"/>
                </Information>
                <CheckList id="HMB7pBnwTvC61sZl9muhEA">
                    <title>Einfache Fragen in der Projektbeurteilung </title>
                    <costAccrual value="prorated"/>
                    <recordingDate value="2014-07-11T09:19:08"/>
                    <CheckListItem id="DQVp0Ip6RhW7uGmmyvcn5w">
                        <title>Was hat gut funktioniert?</title>
                        <isChecked value="false"/>
                    </CheckListItem>
                    <CheckListItem id="zhEv-OAzScWBG0Ff3lCpSw">
                        <title>Was hat nicht gut funktioniert?</title>
                        <isChecked value="false"/>
                    </CheckListItem>
                    <CheckListItem id="qcTzaUfCTMK3eunZvM4ceg">
                        <title>Was habe ich gelernt?</title>
                        <isChecked value="false"/>
                    </CheckListItem>
                    <CheckListItem id="n1siBUDfT6aUC12YNTYBsA">
                        <title>Was beschäftigt mich immernoch?</title>
                        <isChecked value="false"/>
                    </CheckListItem>
                </CheckList>
                <givenWork amount="0.5" unit="day" resolvedAmount="14400"/>
                <givenAlignment value="asap"/>
                <Assignment id="4TcFFt9iTxOfBh2_Cj-blQ">
                    <resource idref="_gYAehExQDCRdzQtv5-k5Q"/>
                    <costAccrual value="immediately"/>
                    <givenWork amount="1" unit="fraction" resolvedAmount="14400"/>
                    <givenAlignment value="asap"/>
                    <resourceUnits amount="1" resolvedAmount="1"/>
                    <minimizesDuration value="true"/>
                </Assignment>
            </Activity>
            <Activity id="hbx0CN3oTKOW7n6JLrfpbw">
                <title>Finale Präsentation</title>
                <objectDescription>Mit der Veröffentlichung der Webseite haben die Beteiligten die Möglichkeit, den bei der Entwicklung angewandten Prozess vorzustellen. Der Projektarbeitsbereich kann dabei zur Präsentation und Diskussion der Schritte im Entwicklungsprozess dienen. Wichtige Projektteilnehmer beschreiben ihre Rollen und die Details zu den Projektteilen, an denen sie gearbeitet haben.</objectDescription>
                <tags idrefs="68yCWoeZRkmuxcB14e9E1Q 7Vabr5nsT4eqWwM7vfsHuQ"/>
                <costAccrual value="immediately"/>
                <givenWork amount="0.5" unit="day" resolvedAmount="14400"/>
                <givenAlignment value="asap"/>
                <Assignment id="BJNaLF7wSaierfT1dRdGBg">
                    <resource idref="azj_IHY0QeuBOAqnxHJywg"/>
                    <costAccrual value="immediately"/>
                    <givenWork amount="0.5" unit="fraction" resolvedAmount="7200"/>
                    <givenAlignment value="asap"/>
                    <resourceUnits amount="1" resolvedAmount="1"/>
                    <minimizesDuration value="true"/>
                </Assignment>
                <Assignment id="BqxkUZUUQmGGp-FT3slDgw">
                    <resource idref="_gYAehExQDCRdzQtv5-k5Q"/>
                    <costAccrual value="immediately"/>
                    <givenWork amount="0.5" unit="fraction" resolvedAmount="7200"/>
                    <givenAlignment value="asap"/>
                    <resourceUnits amount="1" resolvedAmount="1"/>
                    <minimizesDuration value="true"/>
                </Assignment>
            </Activity>
        </Activity>
        <Activity id="uEDYuwscQR-eC8jYX6GFxg">
            <title>Post-Produktion abgeschlossen</title>
            <objectDescription>Dieser Meilenstein markiert das Ende der Post-Produktionsphase. Das verwendete Symbol stammt von <link target="http://www.iconarchive.com/show/red-orb-alphabet-icons-by-iconarchive.html">http://www.iconarchive.com/show/red-orb-alphabet-icons-by-iconarchive.html</link></objectDescription>
            <media attr="Media" name="Exclamation-mark-icon.png" size="1684" digest="31e647ff0e0e6ecfb74de786bbed102bf222b214" type="public.png" created="2014-08-11T11:01:19" modified="2014-08-11T11:01:19" URL="media/Exclamation-mark-icon.png">
                <metadata>
                    <PixelHeight value="24" type="number"/>
                    <PixelWidth value="24" type="number"/>
                </metadata>
            </media>
            <tags idrefs="7Vabr5nsT4eqWwM7vfsHuQ"/>
            <costAccrual value="immediately"/>
            <Information id="th5WVpC0TUaBm7nmNbAB8A">
                <title>Definition eines eindeutigen Projektendes</title>
                <costAccrual value="prorated"/>
                <informationDate value="2014-07-10T21:32:18"/>
                <kind idref="o-BCIOq7QLeecNSCOa9Ltw"/>
                <status idref="f18fmOB9QJyrL2kESePt0A"/>
            </Information>
            <givenAlignment value="asap"/>
            <isMilestone value="true"/>
            <Assignment id="QDp5uoofQ9OV8XEj-TByiw">
                <resource idref="_gYAehExQDCRdzQtv5-k5Q"/>
                <costAccrual value="immediately"/>
            </Assignment>
        </Activity>
    </Activity>
    <Dependency id="-E6rA2MCS1uiWC_pBMq4-w">
        <type value="endToStart"/>
        <previousActivity idref="j8JGBp0WQzSbT1vG5HBL7w"/>
        <nextActivity idref="erhwttLLTFSpAP6zV4aZBg"/>
    </Dependency>
    <Dependency id="00v06YLkRA-PnZ1ZKJIHOg">
        <type value="endToStart"/>
        <previousActivity idref="BrO2nIhNQOCGrRxn2pyhKg"/>
        <nextActivity idref="hbx0CN3oTKOW7n6JLrfpbw"/>
    </Dependency>
    <Dependency id="0KTnyDweRyyeFGdYr2-Tkg">
        <type value="endToStart"/>
        <previousActivity idref="vVI2Q5mCSJKfBH5th3QPHw"/>
        <nextActivity idref="4MPHPRSwQjyF2nZpf5DkAg"/>
    </Dependency>
    <Dependency id="2ho3zGNdS42hJK88TePHPg">
        <type value="endToStart"/>
        <previousActivity idref="am42yQ1QQ1WMbuZG0tWbEQ"/>
        <nextActivity idref="6VSXvIVJRuqtyG1rARnUvQ"/>
    </Dependency>
    <Dependency id="4mqk30MHT56tz7me-7GBJQ">
        <type value="endToStart"/>
        <previousActivity idref="WjME4dBKQ0qV4SNGy9SJQA"/>
        <nextActivity idref="zc2gy0uySOuXWSWtCHAxHw"/>
    </Dependency>
    <Dependency id="6y_j0sJuRKeLCDVoZCt4jA">
        <type value="startToStart"/>
        <previousActivity idref="WwUezfxmRKq0sgcauEUvgg"/>
        <nextActivity idref="4QLVamjYSpO8jxe8grW3QQ"/>
    </Dependency>
    <Dependency id="AWGn1U7PRU21JEmyYb9SKQ">
        <type value="endToStart"/>
        <previousActivity idref="tb2yVq98TfiwqXJVYS77_w"/>
        <nextActivity idref="LrjYue1OSFSmxHK2tv2l5g"/>
    </Dependency>
    <Dependency id="At_W9SRnSTmqGOyWGyP7KA">
        <type value="endToStart"/>
        <previousActivity idref="WU_lvwnjRx-vVDCCM88n-A"/>
        <nextActivity idref="tb2yVq98TfiwqXJVYS77_w"/>
    </Dependency>
    <Dependency id="CNnOfmzfQ1STANElvdTu2w">
        <type value="endToStart"/>
        <previousActivity idref="41vEESo7QJKDcBNkDc84CQ"/>
        <nextActivity idref="RdyjsjSHRX2bQqhPLVlNjg"/>
    </Dependency>
    <Dependency id="GsIc4-0sRJabnLpHeR-Uvw">
        <type value="endToStart"/>
        <previousActivity idref="jD6iDLDMSzamgO8zVGrZLg"/>
        <nextActivity idref="WjME4dBKQ0qV4SNGy9SJQA"/>
    </Dependency>
    <Dependency id="MJyCpRbKTtWAIVh-VEVf2g">
        <type value="endToStart"/>
        <previousActivity idref="zc2gy0uySOuXWSWtCHAxHw"/>
        <nextActivity idref="WwUezfxmRKq0sgcauEUvgg"/>
    </Dependency>
    <Dependency id="OTPGTjlvTv-V_aJmZbqaRQ">
        <type value="endToStart"/>
        <previousActivity idref="5p0jF70lSKqg_POdNH1ekA"/>
        <nextActivity idref="41vEESo7QJKDcBNkDc84CQ"/>
    </Dependency>
    <Dependency id="SJ5ulPkgSLG--JIs34NF4Q">
        <type value="endToStart"/>
        <previousActivity idref="q8M2nTANSC2Eu_E1IFzMNw"/>
        <nextActivity idref="WU_lvwnjRx-vVDCCM88n-A"/>
    </Dependency>
    <Dependency id="SzNpEGa2SDm8VsI0DAtJYQ">
        <type value="endToStart"/>
        <previousActivity idref="bWwXPIQhT0qb5eR11DUsfQ"/>
        <nextActivity idref="vVI2Q5mCSJKfBH5th3QPHw"/>
    </Dependency>
    <Dependency id="Tgf9uW2SRU6OSOTCiNbDzQ">
        <type value="endToStart"/>
        <previousActivity idref="-hDwUyvzTEemDc3qSzvl8Q"/>
        <nextActivity idref="_qeO7u2BROeTS3rZ1TQZ4A"/>
    </Dependency>
    <Dependency id="W5qzr310T4GYqOzERQuQqg">
        <type value="endToStart"/>
        <previousActivity idref="BojKVuSqRGOYgxGgZFxGpA"/>
        <nextActivity idref="BrO2nIhNQOCGrRxn2pyhKg"/>
    </Dependency>
    <Dependency id="bR3B-A0FSXKDe1phhiP4yw">
        <type value="endToStart"/>
        <previousActivity idref="_qeO7u2BROeTS3rZ1TQZ4A"/>
        <nextActivity idref="jD6iDLDMSzamgO8zVGrZLg"/>
    </Dependency>
    <Dependency id="ev3x4a4WSImYtsnkWkF2RA">
        <type value="endToStart"/>
        <previousActivity idref="ULCXbfqNRYSSzcqPpXY7gA"/>
        <nextActivity idref="Ep4R-VPEQDecxVyLcVvRCQ"/>
    </Dependency>
    <Dependency id="hMTFmmCARWukm7i7cGjZtQ">
        <type value="endToStart"/>
        <previousActivity idref="VmMPh37VSwGJuE_GEhSH1A"/>
        <nextActivity idref="ULCXbfqNRYSSzcqPpXY7gA"/>
    </Dependency>
    <Dependency id="kJXchDdFQeaN_jB6I02uUQ">
        <type value="endToStart"/>
        <previousActivity idref="bhzGUzgFSsaLJJjmX8He7g"/>
        <nextActivity idref="bWwXPIQhT0qb5eR11DUsfQ"/>
    </Dependency>
    <Dependency id="oyd8szncQyy0xYG1rAO5zA">
        <type value="endToStart"/>
        <previousActivity idref="erhwttLLTFSpAP6zV4aZBg"/>
        <nextActivity idref="uEDYuwscQR-eC8jYX6GFxg"/>
    </Dependency>
    <Dependency id="q1C5yQ23RF-wDrl3LQj02Q">
        <type value="endToStart"/>
        <previousActivity idref="RdyjsjSHRX2bQqhPLVlNjg"/>
        <nextActivity idref="TkLX5u_PSOK3lYdg5NLl-w"/>
    </Dependency>
    <Dependency id="s5ZvKKgeQ5u1MZRS-_DLew">
        <type value="endToStart"/>
        <previousActivity idref="4MPHPRSwQjyF2nZpf5DkAg"/>
        <nextActivity idref="j8JGBp0WQzSbT1vG5HBL7w"/>
    </Dependency>
    <Dependency id="t5oJmIhiS62LJJ6bPC-7vA">
        <type value="endToStart"/>
        <previousActivity idref="6VSXvIVJRuqtyG1rARnUvQ"/>
        <nextActivity idref="5p0jF70lSKqg_POdNH1ekA"/>
    </Dependency>
    <Dependency id="tOqw2u-0S46341gNw68_yA">
        <type value="endToStart"/>
        <previousActivity idref="TkLX5u_PSOK3lYdg5NLl-w"/>
        <nextActivity idref="q8M2nTANSC2Eu_E1IFzMNw"/>
    </Dependency>
    <Dependency id="xKfFGGg9S9OYlYKczbJrwQ">
        <type value="startToStart"/>
        <previousActivity idref="Ep4R-VPEQDecxVyLcVvRCQ"/>
        <nextActivity idref="-hDwUyvzTEemDc3qSzvl8Q"/>
    </Dependency>
    <BaseCalendar id="iWAgnr6PSVyv9IBvXVsqsQ">
        <CalendarWeekDayRule weekDay="sunday">
            <dayTimeInterval startTime="00:00:00" endTime="00:00:00"/>
        </CalendarWeekDayRule>
        <CalendarWeekDayRule weekDay="monday">
            <dayTimeInterval startTime="00:00:00" endTime="00:00:00"/>
        </CalendarWeekDayRule>
        <CalendarWeekDayRule weekDay="tuesday">
            <dayTimeInterval startTime="00:00:00" endTime="00:00:00"/>
        </CalendarWeekDayRule>
        <CalendarWeekDayRule weekDay="wednesday">
            <dayTimeInterval startTime="00:00:00" endTime="00:00:00"/>
        </CalendarWeekDayRule>
        <CalendarWeekDayRule weekDay="thursday">
            <dayTimeInterval startTime="00:00:00" endTime="00:00:00"/>
        </CalendarWeekDayRule>
        <CalendarWeekDayRule weekDay="friday">
            <dayTimeInterval startTime="00:00:00" endTime="00:00:00"/>
        </CalendarWeekDayRule>
        <CalendarWeekDayRule weekDay="saturday">
            <dayTimeInterval startTime="00:00:00" endTime="00:00:00"/>
        </CalendarWeekDayRule>
        <title value="24 hours"/>
    </BaseCalendar>
    <BaseCalendar id="yqG1-JMxTaCsRpIwQ_42TA">
        <CalendarWeekDayRule weekDay="sunday"/>
        <CalendarWeekDayRule weekDay="monday">
            <dayTimeInterval startTime="23:00:00" endTime="00:00:00"/>
        </CalendarWeekDayRule>
        <CalendarWeekDayRule weekDay="tuesday">
            <dayTimeInterval startTime="00:00:00" endTime="03:00:00"/>
            <dayTimeInterval startTime="04:00:00" endTime="08:00:00"/>
            <dayTimeInterval startTime="23:00:00" endTime="00:00:00"/>
        </CalendarWeekDayRule>
        <CalendarWeekDayRule weekDay="wednesday">
            <dayTimeInterval startTime="00:00:00" endTime="03:00:00"/>
            <dayTimeInterval startTime="04:00:00" endTime="08:00:00"/>
            <dayTimeInterval startTime="23:00:00" endTime="00:00:00"/>
        </CalendarWeekDayRule>
        <CalendarWeekDayRule weekDay="thursday">
            <dayTimeInterval startTime="00:00:00" endTime="03:00:00"/>
            <dayTimeInterval startTime="04:00:00" endTime="08:00:00"/>
            <dayTimeInterval startTime="23:00:00" endTime="00:00:00"/>
        </CalendarWeekDayRule>
        <CalendarWeekDayRule weekDay="friday">
            <dayTimeInterval startTime="00:00:00" endTime="03:00:00"/>
            <dayTimeInterval startTime="04:00:00" endTime="08:00:00"/>
            <dayTimeInterval startTime="23:00:00" endTime="00:00:00"/>
        </CalendarWeekDayRule>
        <CalendarWeekDayRule weekDay="saturday">
            <dayTimeInterval startTime="00:00:00" endTime="03:00:00"/>
            <dayTimeInterval startTime="04:00:00" endTime="08:00:00"/>
        </CalendarWeekDayRule>
        <title value="Night Shift"/>
    </BaseCalendar>
    <BaseCalendar id="awk9ZfwYTSycLZgO0zA2Xw">
        <CalendarWeekDayRule weekDay="sunday"/>
        <CalendarWeekDayRule weekDay="monday">
            <dayTimeInterval startTime="08:00:00" endTime="12:00:00"/>
            <dayTimeInterval startTime="13:00:00" endTime="17:00:00"/>
        </CalendarWeekDayRule>
        <CalendarWeekDayRule weekDay="tuesday">
            <dayTimeInterval startTime="08:00:00" endTime="12:00:00"/>
            <dayTimeInterval startTime="13:00:00" endTime="17:00:00"/>
        </CalendarWeekDayRule>
        <CalendarWeekDayRule weekDay="wednesday">
            <dayTimeInterval startTime="08:00:00" endTime="12:00:00"/>
            <dayTimeInterval startTime="13:00:00" endTime="17:00:00"/>
        </CalendarWeekDayRule>
        <CalendarWeekDayRule weekDay="thursday">
            <dayTimeInterval startTime="08:00:00" endTime="12:00:00"/>
            <dayTimeInterval startTime="13:00:00" endTime="17:00:00"/>
        </CalendarWeekDayRule>
        <CalendarWeekDayRule weekDay="friday">
            <dayTimeInterval startTime="08:00:00" endTime="12:00:00"/>
            <dayTimeInterval startTime="13:00:00" endTime="17:00:00"/>
        </CalendarWeekDayRule>
        <CalendarWeekDayRule weekDay="saturday"/>
        <title value="Standard"/>
    </BaseCalendar>
    <ListValueProperty entity="Resource" name="role">
        <ListValue id="d18aJarySJqcUxWp6feFDg" title="Kunde"/>
        <ListValue id="GAkowOdJRU-_0GW7rHkwxQ" title="Stakeholder"/>
        <ListValue id="lsQZ1anPSv-FiIHuVPWzPA" title="Projektleiter"/>
        <ListValue id="i688oqdXSTynanp5tmN-9w" title="Projektmanager"/>
        <ListValue id="V2QYBFiqRxSf4E2UpQzHJw" title="Teilprojektmanager"/>
        <ListValue id="eESWkbvgRxWARj3yAhOIfA" title="Entwickler"/>
        <ListValue id="woNPk6tPTWuTtOqtaneDEg" title="Ingenieur"/>
        <ListValue id="afw6mGx_ReapsdKe-Llr4Q" title="Marketing"/>
        <ListValue id="asXMx73eSySkwyzUzVWuxQ" title="Vertrieb"/>
        <ListValue id="_Qd5NP57TG-xVG2HCHOHlQ" title="Support"/>
        <ListValue id="rPZYteR-R5WcFDNXGjqt4Q" title="Teammitglied"/>
        <ListValue id="nUDvkKEQSD2y-ryL-g6jDA" title="Sub-Unternehmer"/>
        <ListValue id="Gaaws0A6TWmRG12XtmuwSA" title="Berater"/>
        <ListValue id="2qMZOvDdTxS-37-G62n8XQ" title="Designer"/>
        <ListValue id="gZnAEJ-uTvuye8lVCsnX8A" title="Projektmanager"/>
    </ListValueProperty>
    <ListValueProperty entity="File" name="status">
        <ListValue id="A94wJThnTvqsFjBvSTvovg" title="Neu" attentionLevel="critical"/>
        <ListValue id="vHFpgDMvTCCy2a0sQZ8d1g" title="Entwurf" attentionLevel="warning"/>
        <ListValue id="mlIQ_SLTSYmLwYrPw3ocKA" title="In Überarbeitung" attentionLevel="warning"/>
        <ListValue id="1mYz-SJuRYKJHyL7xcLqzQ" title="Technische Prüfung" attentionLevel="warning"/>
        <ListValue id="9rrdS5DWTY2u5sh09mU7Gg" title="Rechtliche Prüfung" attentionLevel="warning"/>
        <ListValue id="RoFeu542RyiEB1Z_K9_6Pg" title="Prüfung durch den Kunden" attentionLevel="warning"/>
        <ListValue id="xaDDFcIoQWiv0Yhw-aNd_g" title="Zurückgewiesen" attentionLevel="critical"/>
        <ListValue id="-BfBP4LVR2OoAospU0Nstw" title="Genehmigt" attentionLevel="normal"/>
    </ListValueProperty>
    <ListValueProperty entity="Information" name="kind">
        <ListValue id="CcvkFLERS422Narsf0k1iw" title="Telefonisch">
            <ListValue id="V46iBQx1Rvi6gppUlWnfVw" title="Ausgehend" attentionLevel="normal"/>
            <ListValue id="KEcCDxltSVGEDuiLtgSwpA" title="Eingehend" attentionLevel="normal"/>
            <ListValue id="d7wW45sYQ1CUmvK1gg3wXQ" title="Bitte anrufen" attentionLevel="critical"/>
            <ListValue id="cKa0zbrRQxW6DWJ2HbFawQ" title="Will zurückrufen" attentionLevel="warning"/>
        </ListValue>
        <ListValue id="iQO5TyUVSL6UA_OBdEtQcw" title="Ausgeschrieben">
            <ListValue id="cAX3DzZsT_Sj_MIMK67g4w" title="E-Mail" attentionLevel="normal"/>
            <ListValue id="x7gANCVxQMuBEIq1BY1TXw" title="Fax" attentionLevel="normal"/>
            <ListValue id="EK_oIyEOQ8Op8NIHsJYg-w" title="Brief" attentionLevel="normal"/>
            <ListValue id="QdKmMIYER7ulhhMjAPaz0g" title="Notiz" attentionLevel="normal"/>
            <ListValue id="sXNacGucQKKr01m2mKVZxQ" title="Rechnung" attentionLevel="warning"/>
        </ListValue>
        <ListValue id="L-zBCwoMRzOw8CtbXUAU0Q" title="Belegschaft">
            <ListValue id="t9DWKxcMSxabSDCaXtfNnw" title="Im Büro" attentionLevel="normal"/>
            <ListValue id="7avz6dVeTF2H4QOVrWzZtQ" title="Mit einem Kunden" attentionLevel="normal"/>
            <ListValue id="pvYdYHA0TpOln3rmll9s7w" title="Konferenz" attentionLevel="normal"/>
            <ListValue id="_-L1JXzuTXGsePXxx7hKGg" title="Messe" attentionLevel="normal"/>
        </ListValue>
        <ListValue id="o-BCIOq7QLeecNSCOa9Ltw" title="Information">
            <ListValue id="f18fmOB9QJyrL2kESePt0A" title="Kommentar" attentionLevel="normal"/>
        </ListValue>
    </ListValueProperty>
    <ListValueProperty entity="Issue" name="category">
        <ListValue id="W8ies4lmSQ2RfAAFVysrwg" title="Global"/>
        <ListValue id="FUuBCJ-2RVe0aGh-QdhK7w" title="Mitarbeiter"/>
        <ListValue id="dRgqEfoQRMqkapFNvXfI6A" title="Umgebung"/>
        <ListValue id="oyz1f_hUTO6mpgEl05OueA" title="Finanziell"/>
        <ListValue id="hA6ewiRXSsqy-uQIRjh7dQ" title="Technisch"/>
    </ListValueProperty>
    <ListValueProperty entity="Issue" name="kind">
        <ListValue id="G9rzHmFPS4utS4Vh6fP0xg" title="Problem"/>
        <ListValue id="p6mH5IJcRvaI09GMkIzyxA" title="Bug"/>
        <ListValue id="H1XiANmPT_i9bqlAHQzftg" title="Änderungswunsch"/>
        <ListValue id="FcCOoNv0SvuSPGq2TWDFrQ" title="Funktionswunsch"/>
    </ListValueProperty>
    <ListValueProperty entity="Issue" name="status">
        <ListValue id="bS8XC9D3SOC5Xf_Z-z7ByQ" title="Neu" attentionLevel="critical"/>
        <ListValue id="JyQvRk_xT1qhlQVoTl8XQw" title="Nicht zugewiesen" attentionLevel="critical"/>
        <ListValue id="qZM0mcAJQmG0-v52dFRwaQ" title="In Arbeit" attentionLevel="warning"/>
        <ListValue id="WAWpKQCRQrOd1g6akHDgBw" title="Zusatzinformationen erfoderlich" attentionLevel="warning"/>
        <ListValue id="kTBGB5G3TU6rVdVUJb6JKg" title="Fixiert" attentionLevel="normal"/>
        <ListValue id="wLCRH9K5S0y8gXWxVXzcoA" title="Zurückgewiesen" attentionLevel="normal"/>
    </ListValueProperty>
    <ListValueProperty entity="Risk" name="riskGroup">
        <ListValue id="T1JmTdqgRlC1sLDlEBne8w" title="Global"/>
        <ListValue id="avFLE9gET5iBZZHZi3FpMg" title="Business"/>
        <ListValue id="OxbluD2hRSS1Flp53cDZRg" title="Mitarbeiter"/>
        <ListValue id="sif4cGUJQimnTnN8gMWbDA" title="Finanziell"/>
        <ListValue id="AFAcNkySR6Su3GMVzHTW0g" title="Technisch"/>
    </ListValueProperty>
    <ListValueProperty entity="Cost" name="kind">
        <ListValue id="W762g6c-SGWp5fgpvs6Abg" title="Beratung"/>
        <ListValue id="Iv8M2jt1RquEz270K8b30A" title="Gebühren"/>
        <ListValue id="FejVYNMaT5aUuz1el5Pz6g" title="Materialien"/>
        <ListValue id="2yP-dSmaRbOQ6g8flkV9pw" title="Raum"/>
    </ListValueProperty>
    <ListValueProperty entity="Cost" name="status">
        <ListValue id="ZYs6hOmjS5aRzltreCht9Q" title="Beantragt" attentionLevel="warning"/>
        <ListValue id="Bj21Tz5pSyqanyTp4I22_A" title="Genehmigt" attentionLevel="normal"/>
        <ListValue id="nS7czNbWT06YNbV1qdoSLA" title="Rechnung empfangen" attentionLevel="critical"/>
        <ListValue id="2el3zpm_T0KE37ICIYzS1w" title="Rechnung angewiesen" attentionLevel="warning"/>
        <ListValue id="CAjgFFo2TnWNGYWdMsDWDw" title="Rechnung bezahlt" attentionLevel="normal"/>
    </ListValueProperty>
    <ListValueProperty entity="TaggableObject" name="tags">
        <ListValue id="2JV5tMyRQIC4goqeP9NudQ" title="Technisch"/>
        <ListValue id="5yUAKNeSSnSBM2n8KOsErQ" title="Design"/>
        <ListValue id="XMAM6awaT_yUjUYmz1ncHQ" title="Schriftlich"/>
        <ListValue id="7Vabr5nsT4eqWwM7vfsHuQ" title="PM"/>
        <ListValue id="68yCWoeZRkmuxcB14e9E1Q" title="Kunde"/>
    </ListValueProperty>
    <CustomAttribute id="95FdItAcQbmESahJtNk_wA" title="Media">
        <targetEntityName value="Activity"/>
        <type value="media"/>
    </CustomAttribute>
</Project>