<?xml version="1.0" encoding="UTF-8"?>
<Project xmlns="http://schemas.projectwizards.net/merlin" xmlns:xsi="http://www.w3.org/2001/XMLSchema-instance">
    <clippingMode value="excludeRootActivity"/>
    <schedulingDirection value="forward"/>
    <Activity id="Ag7WDEaNRLqdX7MbtLbzSQ">
        <title>Project start</title>
        <Activity id="qky4Mv8-RSuR5M1pEsoKMQ">
            <title>Initialize the project</title>
            <Activity id="BPjh-KN2QU6kf99HugQ8Cw">
                <title>Prepare infrastructure</title>
            </Activity>
        </Activity>
        <Activity id="JTX6sdVvQQe8NIyGAASxig">
            <title>Project definition</title>
            <Activity id="r7jLIS3WS4CtOWmrQB5GoQ">
                <title>Initialize phase</title>
            </Activity>
            <Activity id="3Xei9Up6St2OZN5UVJSXzA">
                <title>Define objectives</title>
            </Activity>
            <Activity id="YQs-KC0wTm2EAh-wsdaQ5Q">
                <title>Develop concept </title>
            </Activity>
            <Activity id="J-vXKP78R66kieegTupQjA">
                <title>Prepare testing</title>
            </Activity>
            <Activity id="QBbNjpyzQaeE9PIjmPa-eg">
                <title>Close phase</title>
            </Activity>
        </Activity>
        <Activity id="58tKVRRfTF2T7P7IpJ49kg">
            <title>Definition done</title>
            <isMilestone value="true"/>
        </Activity>
        <Activity id="Rmk-LVGdS7CdMQtIPyBSYA">
            <title>Implementation</title>
            <Activity id="hTQ73mQyStaBHDK1MXnsCA">
                <title>Initialize phase</title>
            </Activity>
            <Activity id="9W7D8qT5QgeHeZdxtVKi7g">
                <title>Develop system</title>
            </Activity>
            <Activity id="ouEv4OmTQYSA_nAVBjCAAg">
                <title>Test system</title>
            </Activity>
            <Activity id="twn7EShGRUqEgD1ZAdrCdA">
                <title>Close phase</title>
            </Activity>
        </Activity>
        <Activity id="qmpJ79WHQE6hCUVhkRAnhA">
            <title>Implementation done</title>
            <isMilestone value="true"/>
        </Activity>
        <Activity id="oOcds8M1Q4iF3wwXLPpsZw">
            <title>Roll out</title>
            <Activity id="5Vyu1EeERdScpCv3_jvrig">
                <title>Step 1</title>
            </Activity>
            <Activity id="d1CAraHuTSmw7f5YD50sVA">
                <title>Step 2</title>
            </Activity>
            <Activity id="n8AyinsPS3mGOP2-0BZKDA">
                <title>Step 3</title>
            </Activity>
        </Activity>
        <Activity id="VbphG_SAShabWQao2lAHKQ">
            <title>Roll out done</title>
            <isMilestone value="true"/>
        </Activity>
        <Activity id="tq7Pd-9sSe66OsFA8S-kIA">
            <title>Launch party</title>
        </Activity>
        <Activity id="Ue88Cz_QRoSLSepYeRJe8A">
            <title>Project finished</title>
            <isMilestone value="true"/>
        </Activity>
    </Activity>
    <Dependency id="5MyxJW7aQPaHUp4jlwOfPQ">
        <type value="endToStart"/>
        <previousActivity idref="JTX6sdVvQQe8NIyGAASxig"/>
        <nextActivity idref="58tKVRRfTF2T7P7IpJ49kg"/>
    </Dependency>
    <Dependency id="6VM0wG_IT2miZyzFfKVxKg">
        <type value="endToStart"/>
        <previousActivity idref="VbphG_SAShabWQao2lAHKQ"/>
        <nextActivity idref="tq7Pd-9sSe66OsFA8S-kIA"/>
    </Dependency>
    <Dependency id="8tKQ3gn3S_2GvtXWkMy9Mg">
        <type value="endToStart"/>
        <previousActivity idref="tq7Pd-9sSe66OsFA8S-kIA"/>
        <nextActivity idref="Ue88Cz_QRoSLSepYeRJe8A"/>
    </Dependency>
    <Dependency id="Jk1oKg5eTT2vnngcJMHfTg">
        <type value="endToStart"/>
        <previousActivity idref="qky4Mv8-RSuR5M1pEsoKMQ"/>
        <nextActivity idref="JTX6sdVvQQe8NIyGAASxig"/>
    </Dependency>
    <Dependency id="KcpeE-a2SEWaSv-M_eBHlA">
        <type value="endToStart"/>
        <previousActivity idref="d1CAraHuTSmw7f5YD50sVA"/>
        <nextActivity idref="n8AyinsPS3mGOP2-0BZKDA"/>
    </Dependency>
    <Dependency id="LRAEdab4QA6ev_QHxVhjuw">
        <type value="endToStart"/>
        <previousActivity idref="5Vyu1EeERdScpCv3_jvrig"/>
        <nextActivity idref="d1CAraHuTSmw7f5YD50sVA"/>
    </Dependency>
    <Dependency id="NB1v1AM6TuSnQiCS1210cw">
        <type value="endToStart"/>
        <previousActivity idref="Rmk-LVGdS7CdMQtIPyBSYA"/>
        <nextActivity idref="qmpJ79WHQE6hCUVhkRAnhA"/>
    </Dependency>
    <Dependency id="Pwzj2a0iQq2QlG4mpJf7DQ">
        <type value="endToStart"/>
        <previousActivity idref="qmpJ79WHQE6hCUVhkRAnhA"/>
        <nextActivity idref="oOcds8M1Q4iF3wwXLPpsZw"/>
    </Dependency>
    <Dependency id="d5nO-RJCRkaLiKxORIHHoQ">
        <type value="endToStart"/>
        <previousActivity idref="ouEv4OmTQYSA_nAVBjCAAg"/>
        <nextActivity idref="twn7EShGRUqEgD1ZAdrCdA"/>
    </Dependency>
    <Dependency id="dQ2dirZETJugGq5z0PtsLA">
        <type value="endToStart"/>
        <previousActivity idref="hTQ73mQyStaBHDK1MXnsCA"/>
        <nextActivity idref="9W7D8qT5QgeHeZdxtVKi7g"/>
    </Dependency>
    <Dependency id="n1Wni-LORHev_WfT2JvWSQ">
        <type value="endToStart"/>
        <previousActivity idref="oOcds8M1Q4iF3wwXLPpsZw"/>
        <nextActivity idref="VbphG_SAShabWQao2lAHKQ"/>
    </Dependency>
    <Dependency id="yNHENS4gRPWEoMXiOaVOwA">
        <type value="endToStart"/>
        <previousActivity idref="9W7D8qT5QgeHeZdxtVKi7g"/>
        <nextActivity idref="ouEv4OmTQYSA_nAVBjCAAg"/>
    </Dependency>
    <Dependency id="z3LApwiaTriZILSo4iPbdg">
        <type value="endToStart"/>
        <previousActivity idref="58tKVRRfTF2T7P7IpJ49kg"/>
        <nextActivity idref="Rmk-LVGdS7CdMQtIPyBSYA"/>
    </Dependency>
</Project>