<?xml version="1.0" encoding="UTF-8" standalone="no"?>
<ap:Map xmlns:ap="http://schemas.mindjet.com/MindManager/Application/2003" xmlns:cor="http://schemas.mindjet.com/MindManager/Core/2003" xmlns:pri="http://schemas.mindjet.com/MindManager/Primitive/2003" xmlns:xsi="http://www.w3.org/2001/XMLSchema-instance" xsi:schemaLocation="http://schemas.mindjet.com/MindManager/Application/2003 http://schemas.mindjet.com/MindManager/Application/2003 http://schemas.mindjet.com/MindManager/Core/2003 http://schemas.mindjet.com/MindManager/Core/2003 http://schemas.mindjet.com/MindManager/Delta/2003 http://schemas.mindjet.com/MindManager/Delta/2003 http://schemas.mindjet.com/MindManager/Primitive/2003 http://schemas.mindjet.com/MindManager/Primitive/2003">
	<ap:OneTopic>
		<ap:Topic>
			<ap:TopicViewGroup ViewIndex="0" />
		</ap:Topic>
	</ap:OneTopic>
	<ap:StyleGroup>
		<ap:RootTopicDefaultsGroup>
			<ap:DefaultColor FillColor="ffaec5e7" LineColor="ffc6c6c6" />
			<ap:DefaultText TextAlignment="urn:mindjet:Center" TextCapitalization="urn:mindjet:SentenceStyle" VerticalTextAlignment="urn:mindjet:Top" PlainText="Central Topic" ReadOnly="false">
				<ap:Font Color="ff3c3c3c" Name="Arial" Size="14.000000" Bold="true" Italic="false" Underline="false" Strikethrough="false" />
			</ap:DefaultText>
			<ap:DefaultSubTopicShape SubTopicShape="urn:mindjet:RoundedRectangle" LeftMargin="3.000000" RightMargin="3.000000" TopMargin="3.000000" BottomMargin="3.000000" VerticalLeftMargin="2.500000" VerticalRightMargin="2.500000" VerticalTopMargin="2.500000" VerticalBottomMargin="2.500000" VerticalSubTopicShape="urn:mindjet:Rectangle" />
			<ap:DefaultLabelFloatingTopicShape LabelFloatingTopicShape="urn:mindjet:None" LeftMargin="0.000000" RightMargin="0.000000" TopMargin="0.000000" BottomMargin="0.000000" VerticalLeftMargin="2.500000" VerticalRightMargin="2.500000" VerticalTopMargin="2.500000" VerticalBottomMargin="2.500000" VerticalLabelFloatingTopicShape="urn:mindjet:None" />
			<ap:DefaultCalloutFloatingTopicShape CalloutFloatingTopicShape="urn:mindjet:None" LeftMargin="0.000000" RightMargin="0.000000" TopMargin="0.000000" BottomMargin="0.000000" VerticalLeftMargin="2.500000" VerticalRightMargin="2.500000" VerticalTopMargin="2.500000" VerticalBottomMargin="2.500000" VerticalCalloutFloatingTopicShape="urn:mindjet:None" />
			<ap:DefaultTopicLayout TopicLayoutHorizontalAlignment="urn:mindjet:Center" TopicLayoutVerticalAlignment="urn:mindjet:Center" TopicTextAndImagePosition="urn:mindjet:TextRightImageLeft" TopicWidthControl="urn:mindjet:AutoWidth" Width="50.000000" MinimumHeight="5.000000" Padding="1.000000" />
			<ap:DefaultSubTopicsShape SubTopicsShape="urn:mindjet:Vertical" SubTopicsAlignment="urn:mindjet:Center" SubTopicsConnectionPoint="urn:mindjet:Center" SubTopicsConnectionStyle="urn:mindjet:Arc" SubTopicsGrowth="urn:mindjet:Horizontal" SubTopicsGrowthDirection="urn:mindjet:LeftAndRight" SubTopicsShapeWidthFactor="1.000000" SubTopicsVerticalAlignment="urn:mindjet:Middle" SubTopicsVerticalGrowthDirection="urn:mindjet:Down" DistanceFromParent="30.000000" VerticalDistanceFromParent="10.000000" DistanceBetweenSiblings="7.000000" VerticalDistanceBetweenSiblings="1.000000" SubTopicsDepth="1" SubTopicsAlignmentDualVertical="urn:mindjet:Center" SubTopicsTreeConnectionPoint="urn:mindjet:Inside" VerticalSubTopicsConnectionStyle="urn:mindjet:Elbow" VerticalSubTopicsConnectionPoint="urn:mindjet:Outside" VerticalSubTopicsTreeConnectionPoint="urn:mindjet:Inside" />
			<ap:DefaultSubTopicsVisibility Hidden="false" />
		</ap:RootTopicDefaultsGroup>
		<ap:RootSubTopicDefaultsGroup Level="0">
			<ap:DefaultColor FillColor="ffeeeff6" LineColor="ffc6c6c6" />
			<ap:DefaultText TextAlignment="urn:mindjet:Left" TextCapitalization="urn:mindjet:None" PlainText="Main Topic" ReadOnly="false">
				<ap:Font Color="ff323232" Name="Arial" Size="12.000000" Bold="true" Italic="false" Underline="false" Strikethrough="false" />
			</ap:DefaultText>
			<ap:DefaultSubTopicShape SubTopicShape="urn:mindjet:RoundedRectangle" LeftMargin="1.000000" RightMargin="1.000000" TopMargin="1.000000" BottomMargin="1.000000" VerticalLeftMargin="2.000000" VerticalRightMargin="2.000000" VerticalTopMargin="2.000000" VerticalBottomMargin="2.000000" VerticalSubTopicShape="urn:mindjet:Rectangle" />
			<ap:DefaultTopicLayout Width="66.800003" />
			<ap:DefaultSubTopicsShape SubTopicsShape="urn:mindjet:Vertical" SubTopicsAlignment="urn:mindjet:Center" SubTopicsConnectionPoint="urn:mindjet:Outside" SubTopicsConnectionStyle="urn:mindjet:RoundedElbow" SubTopicsGrowth="urn:mindjet:Horizontal" SubTopicsGrowthDirection="urn:mindjet:AutomaticHorizontal" SubTopicsVerticalAlignment="urn:mindjet:Middle" SubTopicsVerticalGrowthDirection="urn:mindjet:AutomaticVertical" DistanceFromParent="2.000000" VerticalDistanceFromParent="10.000000" DistanceBetweenSiblings="1.400000" VerticalDistanceBetweenSiblings="1.000000" SubTopicsAlignmentDualVertical="urn:mindjet:Bottom" VerticalSubTopicsConnectionStyle="urn:mindjet:Elbow" VerticalSubTopicsConnectionPoint="urn:mindjet:Outside" />
			<ap:DefaultSubTopicsVisibility Hidden="false" />
		</ap:RootSubTopicDefaultsGroup>
		<ap:RootSubTopicDefaultsGroup Level="1">
			<ap:DefaultColor FillColor="ffffffff" LineColor="ffc6c6c6" />
			<ap:DefaultText TextAlignment="urn:mindjet:Left" TextCapitalization="urn:mindjet:None" PlainText="Subtopic" ReadOnly="false">
				<ap:Font Color="ff000000" Name="Arial" Size="10.000000" Bold="false" Italic="false" Underline="false" Strikethrough="false" />
			</ap:DefaultText>
			<ap:DefaultSubTopicShape SubTopicShape="urn:mindjet:RoundedRectangle" LeftMargin="0.200000" RightMargin="0.200000" TopMargin="0.200000" BottomMargin="0.200000" VerticalLeftMargin="1.000000" VerticalRightMargin="1.000000" VerticalTopMargin="1.000000" VerticalBottomMargin="1.000000" VerticalSubTopicShape="urn:mindjet:Rectangle" />
			<ap:DefaultTopicLayout Width="66.800003" />
			<ap:DefaultSubTopicsShape SubTopicsShape="urn:mindjet:Vertical" SubTopicsAlignment="urn:mindjet:Center" SubTopicsConnectionPoint="urn:mindjet:Outside" SubTopicsConnectionStyle="urn:mindjet:RoundedElbow" SubTopicsGrowth="urn:mindjet:Horizontal" SubTopicsGrowthDirection="urn:mindjet:AutomaticHorizontal" DistanceFromParent="2.000000" VerticalDistanceFromParent="10.000000" DistanceBetweenSiblings="1.400000" VerticalDistanceBetweenSiblings="1.000000" SubTopicsAlignmentDualVertical="urn:mindjet:Bottom" VerticalSubTopicsConnectionStyle="urn:mindjet:Elbow" VerticalSubTopicsConnectionPoint="urn:mindjet:Outside" />
			<ap:DefaultSubTopicsVisibility Hidden="false" />
		</ap:RootSubTopicDefaultsGroup>
		<ap:RootSubTopicDefaultsGroup Level="2">
			<ap:DefaultColor FillColor="00000000" />
			<ap:DefaultText TextAlignment="urn:mindjet:Left" TextCapitalization="urn:mindjet:None" PlainText="Subtopic" ReadOnly="false">
				<ap:Font Color="ff000000" Name="Arial" Size="10.000000" Bold="false" Italic="false" Underline="false" Strikethrough="false" />
			</ap:DefaultText>
			<ap:DefaultSubTopicShape SubTopicShape="urn:mindjet:Line" LeftMargin="0.200000" RightMargin="0.200000" TopMargin="0.200000" BottomMargin="0.200000" VerticalLeftMargin="1.000000" VerticalRightMargin="1.000000" VerticalTopMargin="1.000000" VerticalBottomMargin="1.000000" VerticalSubTopicShape="urn:mindjet:Rectangle" />
			<ap:DefaultTopicLayout Width="66.800003" />
			<ap:DefaultSubTopicsShape SubTopicsShape="urn:mindjet:Vertical" SubTopicsAlignment="urn:mindjet:Center" SubTopicsConnectionPoint="urn:mindjet:Outside" SubTopicsConnectionStyle="urn:mindjet:RoundedElbow" SubTopicsGrowth="urn:mindjet:Horizontal" SubTopicsGrowthDirection="urn:mindjet:AutomaticHorizontal" DistanceFromParent="2.000000" VerticalDistanceFromParent="10.000000" DistanceBetweenSiblings="1.400000" VerticalDistanceBetweenSiblings="1.000000" SubTopicsAlignmentDualVertical="urn:mindjet:Bottom" VerticalSubTopicsConnectionStyle="urn:mindjet:Elbow" VerticalSubTopicsConnectionPoint="urn:mindjet:Outside" />
		</ap:RootSubTopicDefaultsGroup>
		<ap:CalloutTopicDefaultsGroup>
			<ap:DefaultColor FillColor="ffffe178" LineColor="ffe0c35a" />
			<ap:DefaultText TextAlignment="urn:mindjet:Left" TextCapitalization="urn:mindjet:None" PlainText="Callout" ReadOnly="false">
				<ap:Font Color="ff282828" Name="Arial" Size="9.000000" Bold="true" />
			</ap:DefaultText>
			<ap:DefaultCalloutFloatingTopicShape CalloutFloatingTopicShape="urn:mindjet:RoundedRectangleBalloon" LeftMargin="0.500000" RightMargin="0.500000" TopMargin="0.500000" BottomMargin="0.500000" />
			<ap:DefaultSubTopicsShape SubTopicsShape="urn:mindjet:Vertical" SubTopicsAlignment="urn:mindjet:Center" SubTopicsConnectionPoint="urn:mindjet:Outside" SubTopicsConnectionStyle="urn:mindjet:RoundedElbow" SubTopicsGrowth="urn:mindjet:Horizontal" SubTopicsGrowthDirection="urn:mindjet:AutomaticHorizontal" SubTopicsVerticalAlignment="urn:mindjet:Middle" SubTopicsVerticalGrowthDirection="urn:mindjet:AutomaticVertical" DistanceFromParent="2.000000" VerticalDistanceFromParent="10.000000" DistanceBetweenSiblings="1.400000" VerticalDistanceBetweenSiblings="1.000000" SubTopicsAlignmentDualVertical="urn:mindjet:Center" />
			<ap:DefaultSubTopicsVisibility Hidden="false" />
		</ap:CalloutTopicDefaultsGroup>
		<ap:CalloutSubTopicDefaultsGroup Level="0">
			<ap:DefaultColor FillColor="00000000" LineColor="ffc6c6c6" />
			<ap:DefaultText TextAlignment="urn:mindjet:Left" TextCapitalization="urn:mindjet:None" PlainText="Subtopic" ReadOnly="false">
				<ap:Font Color="ff000000" Name="Arial" Size="9.000000" Bold="false" />
			</ap:DefaultText>
			<ap:DefaultSubTopicShape SubTopicShape="urn:mindjet:Line" LeftMargin="0.200000" RightMargin="0.200000" TopMargin="0.200000" BottomMargin="0.200000" />
			<ap:DefaultSubTopicsShape SubTopicsShape="urn:mindjet:Vertical" SubTopicsAlignment="urn:mindjet:Center" SubTopicsConnectionPoint="urn:mindjet:Outside" SubTopicsConnectionStyle="urn:mindjet:Elbow" SubTopicsGrowth="urn:mindjet:Horizontal" SubTopicsGrowthDirection="urn:mindjet:AutomaticHorizontal" SubTopicsVerticalAlignment="urn:mindjet:Middle" SubTopicsVerticalGrowthDirection="urn:mindjet:AutomaticVertical" DistanceFromParent="2.000000" VerticalDistanceFromParent="10.000000" DistanceBetweenSiblings="1.400000" VerticalDistanceBetweenSiblings="1.000000" SubTopicsAlignmentDualVertical="urn:mindjet:Center" />
			<ap:DefaultSubTopicsVisibility Hidden="false" />
		</ap:CalloutSubTopicDefaultsGroup>
		<ap:LabelTopicDefaultsGroup>
			<ap:DefaultColor FillColor="ffeeeff6" LineColor="ffc6c6c6" />
			<ap:DefaultText TextAlignment="urn:mindjet:Left" TextCapitalization="urn:mindjet:None" PlainText="Floating Topic" ReadOnly="false">
				<ap:Font Color="ff323232" Name="Arial" Size="12.000000" Bold="true" />
			</ap:DefaultText>
			<ap:DefaultLabelFloatingTopicShape LabelFloatingTopicShape="urn:mindjet:RoundedRectangle" LeftMargin="1.000000" RightMargin="1.000000" TopMargin="1.000000" BottomMargin="1.000000" VerticalLeftMargin="1.500000" VerticalRightMargin="1.500000" VerticalTopMargin="1.500000" VerticalBottomMargin="1.500000" VerticalLabelFloatingTopicShape="urn:mindjet:RoundedRectangle" />
			<ap:DefaultSubTopicsShape SubTopicsShape="urn:mindjet:Vertical" SubTopicsAlignment="urn:mindjet:Center" SubTopicsConnectionPoint="urn:mindjet:Outside" SubTopicsConnectionStyle="urn:mindjet:RoundedElbow" SubTopicsGrowth="urn:mindjet:Horizontal" SubTopicsGrowthDirection="urn:mindjet:AutomaticHorizontal" SubTopicsVerticalAlignment="urn:mindjet:Middle" SubTopicsVerticalGrowthDirection="urn:mindjet:Down" DistanceFromParent="2.000000" VerticalDistanceFromParent="5.000000" DistanceBetweenSiblings="1.400000" VerticalDistanceBetweenSiblings="1.400000" SubTopicsDepth="1" SubTopicsAlignmentDualVertical="urn:mindjet:Center" VerticalSubTopicsConnectionStyle="urn:mindjet:Elbow" VerticalSubTopicsConnectionPoint="urn:mindjet:Outside" />
			<ap:DefaultSubTopicsVisibility Hidden="false" />
		</ap:LabelTopicDefaultsGroup>
		<ap:LabelSubTopicDefaultsGroup Level="0">
			<ap:DefaultColor FillColor="00000000" LineColor="ffc6c6c6" />
			<ap:DefaultText TextAlignment="urn:mindjet:Left" TextCapitalization="urn:mindjet:None" PlainText="Subtopic" ReadOnly="false">
				<ap:Font Color="ff000000" Name="Arial" Size="10.000000" Bold="false" />
			</ap:DefaultText>
			<ap:DefaultSubTopicShape SubTopicShape="urn:mindjet:Line" LeftMargin="0.500000" RightMargin="0.500000" TopMargin="0.500000" BottomMargin="0.500000" VerticalLeftMargin="2.000000" VerticalRightMargin="2.000000" VerticalTopMargin="2.000000" VerticalBottomMargin="2.000000" VerticalSubTopicShape="urn:mindjet:Rectangle" />
			<ap:DefaultSubTopicsShape SubTopicsShape="urn:mindjet:Vertical" SubTopicsAlignment="urn:mindjet:Center" SubTopicsConnectionPoint="urn:mindjet:Outside" SubTopicsConnectionStyle="urn:mindjet:RoundedElbow" SubTopicsGrowth="urn:mindjet:Horizontal" SubTopicsGrowthDirection="urn:mindjet:AutomaticHorizontal" SubTopicsVerticalAlignment="urn:mindjet:Middle" SubTopicsVerticalGrowthDirection="urn:mindjet:AutomaticVertical" VerticalDistanceFromParent="3.000000" DistanceBetweenSiblings="1.400000" VerticalDistanceBetweenSiblings="1.400000" SubTopicsAlignmentDualVertical="urn:mindjet:Bottom" VerticalSubTopicsConnectionStyle="urn:mindjet:Elbow" />
			<ap:DefaultSubTopicsVisibility Hidden="false" />
		</ap:LabelSubTopicDefaultsGroup>
		<ap:OrgChartTopicDefaultsGroup>
			<ap:DefaultColor FillColor="ffeeeff6" LineColor="ffc6c6c6" />
			<ap:DefaultText TextAlignment="urn:mindjet:Center" TextCapitalization="urn:mindjet:None" VerticalTextAlignment="urn:mindjet:Top" PlainText="Org-Chart Topic" ReadOnly="false">
				<ap:Font Color="ff323232" Name="Arial" Size="12.000000" Bold="true" Italic="false" Underline="false" Strikethrough="false" />
			</ap:DefaultText>
			<ap:DefaultSubTopicShape VerticalLeftMargin="1.000000" VerticalRightMargin="1.000000" VerticalTopMargin="1.000000" VerticalBottomMargin="1.000000" VerticalSubTopicShape="urn:mindjet:RoundedRectangle" />
			<ap:DefaultLabelFloatingTopicShape VerticalLeftMargin="1.000000" VerticalRightMargin="1.000000" VerticalTopMargin="1.000000" VerticalBottomMargin="1.000000" VerticalLabelFloatingTopicShape="urn:mindjet:RoundedRectangle" />
			<ap:DefaultCalloutFloatingTopicShape VerticalLeftMargin="1.000000" VerticalRightMargin="1.000000" VerticalTopMargin="1.000000" VerticalBottomMargin="1.000000" VerticalCalloutFloatingTopicShape="urn:mindjet:RoundedRectangleBalloon" />
			<ap:DefaultTopicLayout TopicLayoutHorizontalAlignment="urn:mindjet:Center" TopicLayoutVerticalAlignment="urn:mindjet:Center" TopicTextAndImagePosition="urn:mindjet:TextRightImageLeft" TopicWidthControl="urn:mindjet:AutoWidth" Width="50.000000" MinimumHeight="5.000000" Padding="1.000000" />
			<ap:DefaultSubTopicsShape SubTopicsShape="urn:mindjet:Vertical" SubTopicsAlignment="urn:mindjet:Center" SubTopicsGrowth="urn:mindjet:Vertical" SubTopicsGrowthDirection="urn:mindjet:AutomaticHorizontal" SubTopicsShapeWidthFactor="1.000000" SubTopicsVerticalAlignment="urn:mindjet:Middle" SubTopicsVerticalGrowthDirection="urn:mindjet:AutomaticVertical" DistanceFromParent="5.000000" VerticalDistanceFromParent="3.000000" DistanceBetweenSiblings="1.000000" VerticalDistanceBetweenSiblings="1.400000" SubTopicsDepth="1" SubTopicsAlignmentDualVertical="urn:mindjet:Center" VerticalSubTopicsConnectionStyle="urn:mindjet:Elbow" VerticalSubTopicsConnectionPoint="urn:mindjet:Outside" />
			<ap:DefaultSubTopicsVisibility Hidden="false" />
		</ap:OrgChartTopicDefaultsGroup>
		<ap:OrgChartSubTopicDefaultsGroup Level="0">
			<ap:DefaultColor FillColor="ffffffff" />
			<ap:DefaultText TextAlignment="urn:mindjet:Center" TextCapitalization="urn:mindjet:None" VerticalTextAlignment="urn:mindjet:Top" PlainText="Topic" ReadOnly="false">
				<ap:Font Color="ff000000" Name="Arial" Size="10.000000" Bold="false" Italic="false" Underline="false" Strikethrough="false" />
			</ap:DefaultText>
			<ap:DefaultSubTopicShape VerticalLeftMargin="1.000000" VerticalRightMargin="1.000000" VerticalTopMargin="1.000000" VerticalBottomMargin="1.000000" VerticalSubTopicShape="urn:mindjet:RoundedRectangle" />
			<ap:DefaultCalloutFloatingTopicShape VerticalLeftMargin="2.000000" VerticalRightMargin="2.000000" VerticalTopMargin="2.000000" VerticalBottomMargin="2.000000" VerticalCalloutFloatingTopicShape="urn:mindjet:RectangleBalloon" />
			<ap:DefaultTopicLayout TopicLayoutHorizontalAlignment="urn:mindjet:Center" TopicLayoutVerticalAlignment="urn:mindjet:Center" TopicTextAndImagePosition="urn:mindjet:TextRightImageLeft" TopicWidthControl="urn:mindjet:AutoWidth" Width="50.000000" MinimumHeight="5.000000" Padding="1.000000" />
			<ap:DefaultSubTopicsShape SubTopicsShape="urn:mindjet:Vertical" SubTopicsAlignment="urn:mindjet:Bottom" SubTopicsConnectionPoint="urn:mindjet:Outside" SubTopicsConnectionStyle="urn:mindjet:Elbow" SubTopicsGrowth="urn:mindjet:Horizontal" SubTopicsGrowthDirection="urn:mindjet:AutomaticHorizontal" SubTopicsShapeWidthFactor="1.000000" SubTopicsVerticalAlignment="urn:mindjet:Middle" SubTopicsVerticalGrowthDirection="urn:mindjet:AutomaticVertical" DistanceFromParent="3.000000" VerticalDistanceFromParent="3.000000" DistanceBetweenSiblings="1.400000" VerticalDistanceBetweenSiblings="1.000000" SubTopicsDepth="1" SubTopicsAlignmentDualVertical="urn:mindjet:Center" VerticalSubTopicsConnectionStyle="urn:mindjet:Elbow" VerticalSubTopicsConnectionPoint="urn:mindjet:Outside" />
			<ap:DefaultSubTopicsVisibility Hidden="false" />
		</ap:OrgChartSubTopicDefaultsGroup>
		<ap:OrgChartSubTopicDefaultsGroup Level="1">
			<ap:DefaultColor FillColor="ffffffff" />
			<ap:DefaultText TextAlignment="urn:mindjet:Center" TextCapitalization="urn:mindjet:None" VerticalTextAlignment="urn:mindjet:Top" PlainText="Topic" ReadOnly="false">
				<ap:Font Color="ff000000" Name="Arial" Size="10.000000" Bold="false" Italic="false" Underline="false" Strikethrough="false" />
			</ap:DefaultText>
			<ap:DefaultSubTopicShape LeftMargin="1.000000" RightMargin="1.000000" TopMargin="1.000000" BottomMargin="1.000000" VerticalLeftMargin="0.500000" VerticalRightMargin="0.500000" VerticalTopMargin="0.500000" VerticalBottomMargin="0.500000" VerticalSubTopicShape="urn:mindjet:Rectangle" />
			<ap:DefaultCalloutFloatingTopicShape VerticalLeftMargin="2.000000" VerticalRightMargin="2.000000" VerticalTopMargin="2.000000" VerticalBottomMargin="2.000000" VerticalCalloutFloatingTopicShape="urn:mindjet:RectangleBalloon" />
			<ap:DefaultTopicLayout TopicLayoutHorizontalAlignment="urn:mindjet:Center" TopicLayoutVerticalAlignment="urn:mindjet:Center" TopicTextAndImagePosition="urn:mindjet:TextRightImageLeft" TopicWidthControl="urn:mindjet:AutoWidth" Width="50.000000" MinimumHeight="5.000000" Padding="1.000000" />
			<ap:DefaultSubTopicsShape SubTopicsShape="urn:mindjet:Vertical" SubTopicsAlignment="urn:mindjet:Bottom" SubTopicsConnectionPoint="urn:mindjet:Outside" SubTopicsConnectionStyle="urn:mindjet:Elbow" SubTopicsGrowth="urn:mindjet:Horizontal" SubTopicsGrowthDirection="urn:mindjet:AutomaticHorizontal" SubTopicsShapeWidthFactor="1.000000" SubTopicsVerticalAlignment="urn:mindjet:Middle" SubTopicsVerticalGrowthDirection="urn:mindjet:AutomaticVertical" DistanceFromParent="3.000000" VerticalDistanceFromParent="3.000000" DistanceBetweenSiblings="1.400000" VerticalDistanceBetweenSiblings="1.000000" SubTopicsDepth="1" SubTopicsAlignmentDualVertical="urn:mindjet:Center" VerticalSubTopicsConnectionStyle="urn:mindjet:Elbow" VerticalSubTopicsConnectionPoint="urn:mindjet:Outside" />
		</ap:OrgChartSubTopicDefaultsGroup>
		<ap:RelationshipDefaultsGroup>
			<ap:DefaultColor FillColor="00000000" LineColor="ffe0666e" />
			<ap:DefaultLineStyle LineDashStyle="urn:mindjet:Solid" LineWidth="1.500000" />
			<ap:DefaultConnectionStyle Index="0" ConnectionShape="urn:mindjet:NoArrow" />
			<ap:DefaultConnectionStyle Index="1" ConnectionShape="urn:mindjet:Arrow" />
			<ap:DefaultRelationshipLineShape LineShape="urn:mindjet:Bezier" />
		</ap:RelationshipDefaultsGroup>
		<ap:BoundaryDefaultsGroup>
			<ap:DefaultLineStyle LineDashStyle="urn:mindjet:LongDash" LineWidth="0.500000" />
			<ap:DefaultBoundaryShape BoundaryShape="urn:mindjet:CurvedLine" Margin="0.000000" />
		</ap:BoundaryDefaultsGroup>
		<ap:Structure StructureGrowthDirection="urn:mindjet:Automatic" UseAutoLayout="true" MinimumMainTopicsHeight="40.000000" FadeNotSelectedObjects="true" UseCurveAntialiasing="true" UseTextAntialiasing="true" MainTopicLineWidth="0.100000" VerticalMainTopicLineWidth="1.000000" SiblingSpacing="0.000000" ParentChildSpacing="0.000000" UseOrganicLines="false" HideCollapseSign="false" />
		<ap:NotesDefaultFont Color="ff000000" Name="Arial" Size="10.000000" />
	</ap:StyleGroup>
	<ap:MarkersSetGroup>
		<ap:IconMarkersSets>
			<ap:IconMarkersSet OId="g4f74qz+QfyNSRWC5U+ClQ==">
				<ap:Name Name="localized:smileys" />
				<ap:IconMarkers>
					<ap:IconMarker xsi:type="ap:StockIconMarker" OId="TU58y4TRSkaFVVXO3VPjLg==">
						<ap:Name Name="localized:smileys.happy" />
						<ap:OneStockIcon IconType="urn:mindjet:SmileyHappy" />
					</ap:IconMarker>
					<ap:IconMarker xsi:type="ap:StockIconMarker" OId="xW+gy8kaSIO59WdPdTfojg==">
						<ap:Name Name="localized:smileys.neutral" />
						<ap:OneStockIcon IconType="urn:mindjet:SmileyNeutral" />
					</ap:IconMarker>
					<ap:IconMarker xsi:type="ap:StockIconMarker" OId="Au7gxyzbTO6IyC6GKhExTA==">
						<ap:Name Name="localized:smileys.upset" />
						<ap:OneStockIcon IconType="urn:mindjet:SmileyAngry" />
					</ap:IconMarker>
					<ap:IconMarker xsi:type="ap:StockIconMarker" OId="PYCjqnqbSXSU0Bokical/A==">
						<ap:Name Name="localized:smileys.sad" />
						<ap:OneStockIcon IconType="urn:mindjet:SmileySad" />
					</ap:IconMarker>
					<ap:IconMarker xsi:type="ap:StockIconMarker" OId="7knYNeIWRnWnqq0fl0FvhQ==">
						<ap:Name Name="localized:smileys.furious" />
						<ap:OneStockIcon IconType="urn:mindjet:SmileyScreaming" />
					</ap:IconMarker>
				</ap:IconMarkers>
			</ap:IconMarkersSet>
			<ap:IconMarkersSet OId="iZ4sbpXBS7Kkcfq64IRh4w==">
				<ap:Name Name="localized:arrows" />
				<ap:IconMarkers>
					<ap:IconMarker xsi:type="ap:StockIconMarker" OId="meeNnOsJQdmfIbIGXx0Aqw==">
						<ap:Name Name="localized:arrows.up" />
						<ap:OneStockIcon IconType="urn:mindjet:ArrowUp" />
					</ap:IconMarker>
					<ap:IconMarker xsi:type="ap:StockIconMarker" OId="CUmkcffqSk6QWIFrKgiSeA==">
						<ap:Name Name="localized:arrows.down" />
						<ap:OneStockIcon IconType="urn:mindjet:ArrowDown" />
					</ap:IconMarker>
					<ap:IconMarker xsi:type="ap:StockIconMarker" OId="Mddlf584TAWpAH17W+LfFw==">
						<ap:Name Name="localized:arrows.left" />
						<ap:OneStockIcon IconType="urn:mindjet:ArrowLeft" />
					</ap:IconMarker>
					<ap:IconMarker xsi:type="ap:StockIconMarker" OId="rqSA8e+eRfeC+Q67ZbzQHQ==">
						<ap:Name Name="localized:arrows.right" />
						<ap:OneStockIcon IconType="urn:mindjet:ArrowRight" />
					</ap:IconMarker>
				</ap:IconMarkers>
			</ap:IconMarkersSet>
			<ap:IconMarkersSet OId="mdPjCmLYTZW1iOhvHJm6eA==">
				<ap:Name Name="localized:flags" />
				<ap:IconMarkers>
					<ap:IconMarker xsi:type="ap:StockIconMarker" OId="7FyCqqIzQ4+UGs41rYm5iA==">
						<ap:Name Name="localized:flags.yes" />
						<ap:OneStockIcon IconType="urn:mindjet:FlagGreen" />
					</ap:IconMarker>
					<ap:IconMarker xsi:type="ap:StockIconMarker" OId="bX9rjDcbRJyxANU5nAb50g==">
						<ap:Name Name="localized:flags.maybe" />
						<ap:OneStockIcon IconType="urn:mindjet:FlagYellow" />
					</ap:IconMarker>
					<ap:IconMarker xsi:type="ap:StockIconMarker" OId="+vPP/6K3QhS71CDV3iQaNw==">
						<ap:Name Name="localized:flags.discuss" />
						<ap:OneStockIcon IconType="urn:mindjet:FlagOrange" />
					</ap:IconMarker>
					<ap:IconMarker xsi:type="ap:StockIconMarker" OId="y+NC8DR/RDuKZ9g6tKug4A==">
						<ap:Name Name="localized:flags.risk" />
						<ap:OneStockIcon IconType="urn:mindjet:FlagRed" />
					</ap:IconMarker>
					<ap:IconMarker xsi:type="ap:StockIconMarker" OId="ylJYr+SqT+C1sj20K2FtUw==">
						<ap:Name Name="localized:flags.move" />
						<ap:OneStockIcon IconType="urn:mindjet:FlagPurple" />
					</ap:IconMarker>
					<ap:IconMarker xsi:type="ap:StockIconMarker" OId="4DFlwYkFQpaNg36DmLmmNw==">
						<ap:Name Name="localized:flags.defer" />
						<ap:OneStockIcon IconType="urn:mindjet:FlagBlue" />
					</ap:IconMarker>
					<ap:IconMarker xsi:type="ap:StockIconMarker" OId="N3sgRe+sQC+eKfgk1EUGvg==">
						<ap:Name Name="localized:flags.no" />
						<ap:OneStockIcon IconType="urn:mindjet:FlagBlack" />
					</ap:IconMarker>
				</ap:IconMarkers>
			</ap:IconMarkersSet>
		</ap:IconMarkersSets>
		<ap:IconMarkers>
			<ap:IconMarker xsi:type="ap:StockIconMarker" OId="qSUn8DVISICJPoh6u6qODw==">
				<ap:Name Name="localized:marker.pro" />
				<ap:OneStockIcon IconType="urn:mindjet:ThumbsUp" />
			</ap:IconMarker>
			<ap:IconMarker xsi:type="ap:StockIconMarker" OId="eOGMj1ALS72XyxmQmAJTFQ==">
				<ap:Name Name="localized:marker.con" />
				<ap:OneStockIcon IconType="urn:mindjet:ThumbsDown" />
			</ap:IconMarker>
			<ap:IconMarker xsi:type="ap:StockIconMarker" OId="H48tWvlMSiWbDwG7+ar3bw==">
				<ap:Name Name="localized:marker.question" />
				<ap:OneStockIcon IconType="urn:mindjet:QuestionMark" />
			</ap:IconMarker>
			<ap:IconMarker xsi:type="ap:StockIconMarker" OId="M8CtlFI7RESFSLw7T9SSeA==">
				<ap:Name Name="localized:marker.attention" />
				<ap:OneStockIcon IconType="urn:mindjet:ExclamationMark" />
			</ap:IconMarker>
			<ap:IconMarker xsi:type="ap:StockIconMarker" OId="m9k9qAfTTJqFDsFpq8nidQ==">
				<ap:Name Name="localized:marker.decision" />
				<ap:OneStockIcon IconType="urn:mindjet:JudgeHammer" />
			</ap:IconMarker>
			<ap:IconMarker xsi:type="ap:StockIconMarker" OId="cZ/u2SNNSFyCzZUEXjDUFg==">
				<ap:Name Name="localized:marker.date" />
				<ap:OneStockIcon IconType="urn:mindjet:Calendar" />
			</ap:IconMarker>
			<ap:IconMarker xsi:type="ap:StockIconMarker" OId="msaJlSJ5SU2vS8gLQPqgjw==">
				<ap:Name Name="localized:marker.cost" />
				<ap:OneStockIcon IconType="urn:mindjet:Dollar" />
			</ap:IconMarker>
			<ap:IconMarker xsi:type="ap:StockIconMarker" OId="NYC7HxaWTgmhLgki3YzHgg==">
				<ap:Name Name="localized:marker.alarm" />
				<ap:OneStockIcon IconType="urn:mindjet:Emergency" />
			</ap:IconMarker>
		</ap:IconMarkers>
		<ap:FillColorMarkersName Name="Fill Colors" />
		<ap:TextColorMarkersName Name="Font Colors" />
		<ap:TaskPercentageMarkersName Name="localized:completion" />
		<ap:TaskPercentageMarkers>
			<ap:TaskPercentageMarker OId="5Cd2JHTVTauc56iQfpFnsw==">
				<ap:Name Name="localized:completion.0%" />
				<ap:TaskPercentage TaskPercentage="0" />
			</ap:TaskPercentageMarker>
			<ap:TaskPercentageMarker OId="VfMCSonZRnyNmCjU1xGv1g==">
				<ap:Name Name="localized:completion.25%" />
				<ap:TaskPercentage TaskPercentage="25" />
			</ap:TaskPercentageMarker>
			<ap:TaskPercentageMarker OId="xr1Pp3aBT3qHm4bq9W5Kuw==">
				<ap:Name Name="localized:completion.50%" />
				<ap:TaskPercentage TaskPercentage="50" />
			</ap:TaskPercentageMarker>
			<ap:TaskPercentageMarker OId="OtS1839tSlKpS9sYXq5ZOw==">
				<ap:Name Name="localized:completion.75%" />
				<ap:TaskPercentage TaskPercentage="75" />
			</ap:TaskPercentageMarker>
			<ap:TaskPercentageMarker OId="4ltdf0v3TwCuYHORJfoH4A==">
				<ap:Name Name="localized:completion.100%" />
				<ap:TaskPercentage TaskPercentage="100" />
			</ap:TaskPercentageMarker>
		</ap:TaskPercentageMarkers>
		<ap:TaskPriorityMarkersName Name="localized:priorities" />
		<ap:TaskPriorityMarkers>
			<ap:TaskPriorityMarker OId="BvYPrK32Q5CyCvrtYXY/0Q==">
				<ap:Name Name="localized:priorities.1" />
				<ap:TaskPriority TaskPriority="urn:mindjet:Prio1" />
			</ap:TaskPriorityMarker>
			<ap:TaskPriorityMarker OId="8B0iVlV5QG2UXq8Hc5o/WA==">
				<ap:Name Name="localized:priorities.2" />
				<ap:TaskPriority TaskPriority="urn:mindjet:Prio2" />
			</ap:TaskPriorityMarker>
			<ap:TaskPriorityMarker OId="+X714EexTH6LfLXYRcydgQ==">
				<ap:Name Name="localized:priorities.3" />
				<ap:TaskPriority TaskPriority="urn:mindjet:Prio3" />
			</ap:TaskPriorityMarker>
			<ap:TaskPriorityMarker OId="iI5hDCa2SISk6OcHS+TdCw==">
				<ap:Name Name="localized:priorities.4" />
				<ap:TaskPriority TaskPriority="urn:mindjet:Prio4" />
			</ap:TaskPriorityMarker>
			<ap:TaskPriorityMarker OId="YTLfu+D3QJerab8A5NL3AQ==">
				<ap:Name Name="localized:priorities.5" />
				<ap:TaskPriority TaskPriority="urn:mindjet:Prio5" />
			</ap:TaskPriorityMarker>
		</ap:TaskPriorityMarkers>
	</ap:MarkersSetGroup>
</ap:Map>
