<?xml version="1.0" encoding="UTF-8" ?>
<Project xmlns="http://schemas.projectwizards.net/merlin" xmlns:xsi="http://www.w3.org/2001/XMLSchema-instance" id="4Limck74QQeKSI6gu83ocw">
    <title>New website</title>
    <meta>
        <product name="project" version="3.0.0.SCM_REVISION"/>
        <system name="OSX" version="Version 10.9.4 (Build 13E28)"/>
    </meta>
    <currencySymbol value="$"/>
    <currencySymbolPosition value="beforeAmount"/>
    <hoursPerDay value="8"/>
    <hoursPerWeek value="40"/>
    <daysPerMonth value="20"/>
    <ensuresUniqueWBSCodes value="true"/>
    <autocreatesWBSCodes value="true"/>
    <defaultWork amount="1" unit="day" estimated="true" resolvedAmount="28800" resolvedEstimated="true"/>
    <schedulingDirection value="forward"/>
    <givenStatusDate value="2014-07-31T00:00:00"/>
    <firstDayOfWeek value="sunday"/>
    <dynamicPlanningMode value="off"/>
    <dynamicPlanningGranularityUnit value="day"/>
    <resourceLeveling>
        <incremental value="false"/>
        <granularity value="day"/>
        <order value="standard"/>
        <onlyWithinSlack value="false"/>
        <allowLevelingOfAssignments value="false"/>
    </resourceLeveling>
    <Resource id="AQzHdoU-SymJQfhAZXn7AQ">
        <costAccrual value="prorated"/>
        <isUser value="true"/>
        <availableUnits amount="1" resolvedAmount="1"/>
        <ResourceCalendar>
            <baseCalendar idref="awk9ZfwYTSycLZgO0zA2Xw"/>
        </ResourceCalendar>
        <baseCostType value="perProject"/>
        <givenPermissionForActivities value="readWrite"/>
        <givenPermissionForResources value="readWrite"/>
        <givenPermissionForAssignments value="readWrite"/>
        <givenPermissionForAttachments value="readWrite"/>
        <givenPermissionForDataFromOthers value="readWrite"/>
        <givenPermissionForFinancialData value="readWrite"/>
        <givenPermissionForActualValues value="readWrite"/>
        <givenPermissionForUsers value="readWrite"/>
        <givenPermissionForSettings value="readWrite"/>
        <Exporter id="3IxSdPBISzW83vuIr-aS4Q">
            <type identifier="net.projectwizards.merlin.exporter.ical"/>
            <attributes>
                <fileType value="com.apple.ical.ics"/>
                <withActivities value="false"/>
                <activitiesStartDateKey value="expectedStartDate"/>
                <activitiesEndDateKey value="expectedEndDate"/>
                <activitiesLocationKey value="subtitle1"/>
                <activitiesNotesKey value="objectDescription"/>
                <activitiesDueDateKey value="expectedEndDate"/>
                <activitiesCompletionDateKey value="actualEndDate"/>
                <activitiesType value="allDayEvents"/>
                <withAssignments value="false"/>
                <assignmentsStartDateKey value="expectedStartDate"/>
                <assignmentsEndDateKey value="expectedEndDate"/>
                <assignmentsLocationKey value="subtitle1"/>
                <assignmentsNotesKey value="objectDescription"/>
                <assignmentsDueDateKey value="expectedEndDate"/>
                <assignmentsCompletionDateKey value="actualEndDate"/>
                <assignmentsType value="allDayEvents"/>
                <withEvents value="false"/>
                <eventsStartDateKey value="startDate"/>
                <eventsEndDateKey value="endDate"/>
                <eventsLocationKey value="subtitle1"/>
                <eventsNotesKey value="objectDescription"/>
            </attributes>
        </Exporter>
        <Exporter id="BZPmZSkdThGta2uWZeBYKQ">
            <type identifier="net.projectwizards.merlin.exporter.image"/>
            <attributes>
                <fileType value="com.adobe.pdf"/>
                <lossyCompressionQuality value="1"/>
                <ganttViewParts value="ganttChart"/>
                <showsShadows value="true"/>
                <showsGradients value="true"/>
                <showsBackground value="true"/>
                <showsWatermark value="true"/>
                <resolution value="90"/>
            </attributes>
        </Exporter>
        <Exporter id="WKKomnfrS_-tjdq75mLCOA">
            <type identifier="net.projectwizards.merlin.exporter.xml"/>
            <attributes>
                <fileType value="net.projectwizards.merlinproject.xml"/>
                <includeActualValues value="true"/>
                <includeUsersAndPasswords value="true"/>
                <includeUIConfigurations value="true"/>
                <includeRootConstraintDates value="true"/>
                <exportsMedia value="true"/>
            </attributes>
        </Exporter>
    </Resource>
    <Resource id="azj_IHY0QeuBOAqnxHJywg">
        <title>Client</title>
        <Cost id="GlG7mdwWTNaoz6gRbULWRw">
            <title value="New Cost"/>
            <plannedAmount value="0"/>
            <isBillable value="false"/>
        </Cost>
        <costAccrual value="prorated"/>
        <isUser value="false"/>
        <initials value="c"/>
        <type value="person"/>
        <availableUnits amount="1" resolvedAmount="1"/>
        <role idref="d18aJarySJqcUxWp6feFDg"/>
        <ResourceCalendar/>
        <baseCostType value="perProject"/>
    </Resource>
    <Resource id="x0ASn4MyTs-gRvnK1oBFWg">
        <title>Designer</title>
        <Cost id="UtBlVf2CR2OJOkep297iGQ">
            <title value="New Cost"/>
            <plannedAmount value="0"/>
            <isBillable value="false"/>
        </Cost>
        <costAccrual value="prorated"/>
        <isUser value="false"/>
        <initials value="d"/>
        <type value="person"/>
        <availableUnits amount="1" resolvedAmount="1"/>
        <role idref="2qMZOvDdTxS-37-G62n8XQ"/>
        <ResourceCalendar/>
        <plannedStandardRate amount="50" denominatorUnit="hour" resolvedAmount="0.0138888888888889"/>
        <baseCostType value="perProject"/>
    </Resource>
    <Resource id="cVY2xiipT9CEdh92s9NzrA">
        <title>Developer</title>
        <Cost id="f40FKIwYRCCft5ndI5w4Kg">
            <title value="New Cost"/>
            <plannedAmount value="0"/>
            <isBillable value="false"/>
        </Cost>
        <costAccrual value="prorated"/>
        <isUser value="false"/>
        <initials value="d"/>
        <type value="person"/>
        <availableUnits amount="1" resolvedAmount="1"/>
        <role idref="eESWkbvgRxWARj3yAhOIfA"/>
        <ResourceCalendar/>
        <plannedStandardRate amount="50" denominatorUnit="hour" resolvedAmount="0.0138888888888889"/>
        <baseCostType value="perProject"/>
    </Resource>
    <Resource id="ZM3D6BpjSAWUNVSE06oe5w">
        <title>Product Manager</title>
        <Cost id="LZCw9IGbS-KQp1DnU2RJXg">
            <title value="New Cost"/>
            <plannedAmount value="0"/>
            <isBillable value="false"/>
        </Cost>
        <costAccrual value="prorated"/>
        <isUser value="false"/>
        <initials value="pm"/>
        <type value="person"/>
        <availableUnits amount="1" resolvedAmount="1"/>
        <role idref="woNPk6tPTWuTtOqtaneDEg"/>
        <ResourceCalendar/>
        <plannedStandardRate amount="50" denominatorUnit="hour" resolvedAmount="0.0138888888888889"/>
        <baseCostType value="perProject"/>
    </Resource>
    <Resource id="_gYAehExQDCRdzQtv5-k5Q">
        <title>Project Manager</title>
        <Cost id="H-lMAooWTF2A5gqIX3whHQ">
            <title value="New Cost"/>
            <plannedAmount value="0"/>
            <isBillable value="false"/>
        </Cost>
        <costAccrual value="prorated"/>
        <isUser value="false"/>
        <initials value="pm"/>
        <type value="person"/>
        <availableUnits amount="1" resolvedAmount="1"/>
        <role idref="gZnAEJ-uTvuye8lVCsnX8A"/>
        <ResourceCalendar/>
        <plannedStandardRate amount="50" denominatorUnit="hour" resolvedAmount="0.0138888888888889"/>
        <baseCostType value="perProject"/>
    </Resource>
    <Activity id="AhhEakqcRsy5QBPdHq80CA">
        <title>New website</title>
        <objectDescription>This project can be used for creating a new website for a client. Revisions will, of course, always be necessary.</objectDescription>
        <costAccrual value="immediately"/>
        <givenAlignment value="asap"/>
        <givenStartDateMin value="2014-07-11T00:00:00"/>
        <requestedBudget value="20000"/>
        <budgetStatus value="approved"/>
        <budgetStatusDate value="2014-07-10T21:45:06"/>
        <approvedBudget amount="15000" resolvedAmount="15000"/>
        <resourceApprovingBudget idref="azj_IHY0QeuBOAqnxHJywg"/>
        <Activity id="bhzGUzgFSsaLJJjmX8He7g">
            <title>Project Start</title>
            <objectDescription>This defines the start of the project, the "kick-off". The icon used is from <link target="http://www.iconarchive.com/show/red-orb-alphabet-icons-by-iconarchive.html">http://www.iconarchive.com/show/red-orb-alphabet-icons-by-iconarchive.html</link></objectDescription>
            <media attr="Media" name="Exclamation-mark-icon.png" size="1684" digest="31e647ff0e0e6ecfb74de786bbed102bf222b214" type="public.png" created="2014-08-11T11:01:19" modified="2014-08-11T11:01:19" URL="media/Exclamation-mark-icon.png">
                <metadata>
                    <PixelHeight value="24" type="number"/>
                    <PixelWidth value="24" type="number"/>
                </metadata>
            </media>
            <tags idrefs="7Vabr5nsT4eqWwM7vfsHuQ"/>
            <costAccrual value="immediately"/>
            <Information id="nry6v7UpRPC-dxtMU5AtRQ">
                <title>Define a clear start of the project</title>
                <costAccrual value="prorated"/>
                <informationDate value="2014-07-10T21:28:30"/>
                <kind idref="o-BCIOq7QLeecNSCOa9Ltw"/>
                <status idref="f18fmOB9QJyrL2kESePt0A"/>
            </Information>
            <givenAlignment value="asap"/>
            <isMilestone value="true"/>
            <actualStartDate value="2014-07-11T00:00:00"/>
            <actualEndDate value="2014-07-11T00:00:00"/>
            <actualCompletion value="1"/>
            <Assignment id="aTswuxWeQU24uH4yrWkWqQ">
                <resource idref="azj_IHY0QeuBOAqnxHJywg"/>
                <costAccrual value="immediately"/>
            </Assignment>
            <Assignment id="2Shs-tmiTE-CF_1wkS6Onw">
                <resource idref="_gYAehExQDCRdzQtv5-k5Q"/>
                <costAccrual value="immediately"/>
            </Assignment>
            <Assignment id="q35bgxqGQlK4IYVOJHB4dg">
                <resource idref="x0ASn4MyTs-gRvnK1oBFWg"/>
                <costAccrual value="immediately"/>
            </Assignment>
            <Assignment id="n_u8KL5oTE2sRWfVAp_2AA">
                <resource idref="cVY2xiipT9CEdh92s9NzrA"/>
                <costAccrual value="immediately"/>
            </Assignment>
        </Activity>
        <Activity id="bWwXPIQhT0qb5eR11DUsfQ">
            <title>Pre-production</title>
            <objectDescription>The icon is used from <link target="http://www.iconarchive.com/show/red-orb-alphabet-icons-by-iconarchive.html">http://www.iconarchive.com/show/red-orb-alphabet-icons-by-iconarchive.html</link></objectDescription>
            <media attr="Media" name="Number-1-icon.png" size="1665" digest="f9b8ef1451b75a62f0dcde50180579bfc183eb6b" type="public.png" created="2014-08-11T10:58:47" modified="2014-08-11T10:58:47" URL="media/Number-1-icon.png">
                <metadata>
                    <PixelHeight value="24" type="number"/>
                    <PixelWidth value="24" type="number"/>
                </metadata>
            </media>
            <costAccrual value="immediately"/>
            <givenAlignment value="asap"/>
            <requestedBudget value="0.1"/>
            <budgetStatus value="approved"/>
            <budgetStatusDate value="2014-07-10T21:51:17"/>
            <approvedBudget amount="0.3" fractional="true" resolvedAmount="4500"/>
            <Activity id="am42yQ1QQ1WMbuZG0tWbEQ">
                <title>Client Questionnaire and goals</title>
                <objectDescription>
                    <par>Go through the Client Questionnaire at the first meeting. It is the first step in determining the scope of the project. It is crucial for understanding where the client intends to go with the project.</par>
                    <par/>
					<par>The purpose of the project and the branding will vary from client to client. The questionnaire serves as both a record of their understanding as well as a prompt for them to make critical decisions about these issues.</par>
				</objectDescription>
                <tags idrefs="68yCWoeZRkmuxcB14e9E1Q 7Vabr5nsT4eqWwM7vfsHuQ XMAM6awaT_yUjUYmz1ncHQ"/>
                <costAccrual value="immediately"/>
                <givenWork amount="1" unit="day" resolvedAmount="28800"/>
                <givenAlignment value="asap"/>
                <Assignment id="zOpGlD-OTQqYBT_KCoRNaQ">
                    <resource idref="azj_IHY0QeuBOAqnxHJywg"/>
                    <costAccrual value="immediately"/>
                    <givenWork amount="0.5" unit="fraction" resolvedAmount="14400"/>
                    <givenAlignment value="asap"/>
                    <resourceUnits amount="1" resolvedAmount="1"/>
                    <minimizesDuration value="true"/>
                    <actualStartDate value="2014-07-15T08:00:00"/>
                    <actualEndDate value="2014-07-15T12:00:00"/>
                    <actualWork amount="0.5" unit="day" resolvedAmount="14400"/>
                    <remainingWork amount="0" unit="day" resolvedAmount="0"/>
                </Assignment>
                <Assignment id="3iKZDZyoSmSwz_JSRaay3A">
                    <resource idref="_gYAehExQDCRdzQtv5-k5Q"/>
                    <costAccrual value="immediately"/>
                    <givenWork amount="0.5" unit="fraction" resolvedAmount="14400"/>
                    <givenAlignment value="asap"/>
                    <resourceUnits amount="1" resolvedAmount="1"/>
                    <minimizesDuration value="true"/>
                    <actualStartDate value="2014-07-15T08:00:00"/>
                    <actualEndDate value="2014-07-15T12:00:00"/>
                    <actualWork amount="0.5" unit="day" resolvedAmount="14400"/>
                    <remainingWork amount="0" unit="day" resolvedAmount="0"/>
                </Assignment>
            </Activity>
            <Activity id="6VSXvIVJRuqtyG1rARnUvQ">
                <title>User Scenarios</title>
                <objectDescription>The User Scenarios document is a collection of brief narratives that profile hypothetical visitors to the website. The document should include descriptions of three or four different user types who represent variations within your target audience. If it has been determined that the site will attract a strong secondary audience, user scenarios within that audience can also be included. It is important, however, to maintain focus on a single, primary audience at all times so as not to dilute the site’s message.</objectDescription>
                <tags idrefs="68yCWoeZRkmuxcB14e9E1Q XMAM6awaT_yUjUYmz1ncHQ"/>
                <costAccrual value="immediately"/>
                <Information id="S1Bsry3RRASLB6gGJ6taYA">
                    <title>Link to useful web design checklists</title>
                    <costAccrual value="prorated"/>
                    <informationDate value="2014-07-10T21:39:33"/>
                    <URL value="http://www.smashingmagazine.com/2009/06/29/45-incredibly-useful-web-design-checklists-and-questionnaires/"/>
                    <kind idref="o-BCIOq7QLeecNSCOa9Ltw"/>
                    <status idref="f18fmOB9QJyrL2kESePt0A"/>
                </Information>
                <givenWork amount="1" unit="day" resolvedAmount="28800"/>
                <givenAlignment value="asap"/>
                <Assignment id="4XcCdt2WQN61tcJ8rl2HjA">
                    <resource idref="azj_IHY0QeuBOAqnxHJywg"/>
                    <costAccrual value="immediately"/>
                    <givenWork amount="0.5" unit="fraction" resolvedAmount="14400"/>
                    <givenAlignment value="asap"/>
                    <resourceUnits amount="1" resolvedAmount="1"/>
                    <minimizesDuration value="true"/>
                    <actualStartDate value="2014-07-15T13:00:00"/>
                    <actualEndDate value="2014-07-17T12:00:00"/>
                    <actualWork amount="2" unit="day" resolvedAmount="57600"/>
                    <remainingWork amount="0" unit="day" resolvedAmount="0"/>
                </Assignment>
                <Assignment id="Wtu4RH6xSDKAltZY-auOhw">
                    <resource idref="ZM3D6BpjSAWUNVSE06oe5w"/>
                    <costAccrual value="immediately"/>
                    <givenWork amount="0.5" unit="fraction" resolvedAmount="14400"/>
                    <givenAlignment value="asap"/>
                    <resourceUnits amount="1" resolvedAmount="1"/>
                    <minimizesDuration value="true"/>
                    <actualStartDate value="2014-07-15T13:00:00"/>
                    <actualEndDate value="2014-07-17T12:00:00"/>
                    <actualWork amount="2" unit="day" resolvedAmount="57600"/>
                    <remainingWork amount="0" unit="day" resolvedAmount="0"/>
                </Assignment>
            </Activity>
            <Activity id="5p0jF70lSKqg_POdNH1ekA">
                <title>Comparative Analysis</title>
                <objectDescription>
                    <par>The Comparative Analysis (also called a Competitive Analysis) is a document describing your survey of websites that serve a similar function to the one you are developing for your client. You should research at least two or three sites that provide a similar service and target the same audience as your client. The best way to locate these sites is to do an Internet search by opening Sherlock and entering keywords that describe the site. Performing this analysis gives you a clearer idea of how to develop the site and of your client’s position in the marketplace. Remember that your client’s audience may differ from their website’s audience.</par>
                    <par/>
                    <par>Typically, a Comparative Analysis should include a description of the agency and their website, a breakdown, pros and cons of the site, and screenshots of home and secondary pages.</par>
                </objectDescription>
                <costAccrual value="immediately"/>
                <givenWork amount="1" unit="day" resolvedAmount="28800"/>
                <givenAlignment value="asap"/>
                <Assignment id="vPgMcS1uRdSqkfzB1SzlZw">
                    <resource idref="ZM3D6BpjSAWUNVSE06oe5w"/>
                    <costAccrual value="immediately"/>
                    <givenWork amount="1" unit="fraction" resolvedAmount="28800"/>
                    <givenAlignment value="asap"/>
                    <resourceUnits amount="1" resolvedAmount="1"/>
                    <minimizesDuration value="true"/>
                    <actualStartDate value="2014-07-17T13:00:00"/>
                    <actualEndDate value="2014-07-18T12:00:00"/>
                    <actualWork amount="1" unit="day" resolvedAmount="28800"/>
                    <remainingWork amount="0" unit="day" resolvedAmount="0"/>
                </Assignment>
            </Activity>
            <Activity id="41vEESo7QJKDcBNkDc84CQ">
                <title>Technical Specifications</title>
                <objectDescription>Resulting from the Market Analysis and User Scenarios, the Technical Specifications document is used to set the technical ground rules for the development of your site. These can include document naming conventions, image file specifications (such as maximum file size), and file structure. Adherence to these rules minimizes confusion and problems due to technical inconsistency.</objectDescription>
                <tags idrefs="2JV5tMyRQIC4goqeP9NudQ XMAM6awaT_yUjUYmz1ncHQ"/>
                <costAccrual value="immediately"/>
                <givenWork amount="1" unit="day" resolvedAmount="28800"/>
                <givenAlignment value="asap"/>
                <Assignment id="EnTx_N9HQyGhjDdAOF3AZQ">
                    <resource idref="cVY2xiipT9CEdh92s9NzrA"/>
                    <costAccrual value="immediately"/>
                    <givenWork amount="0.5" unit="fraction" resolvedAmount="14400"/>
                    <givenAlignment value="asap"/>
                    <resourceUnits amount="1" resolvedAmount="1"/>
                    <minimizesDuration value="true"/>
                    <actualStartDate value="2014-07-18T13:00:00"/>
                    <actualEndDate value="2014-07-18T17:00:00"/>
                    <actualWork amount="0.5" unit="day" resolvedAmount="14400"/>
                    <remainingWork amount="0" unit="day" resolvedAmount="0"/>
                </Assignment>
                <Assignment id="Q1UeIFZMQ7SCn3KA4HqPRw">
                    <resource idref="ZM3D6BpjSAWUNVSE06oe5w"/>
                    <costAccrual value="immediately"/>
                    <givenWork amount="0.5" unit="fraction" resolvedAmount="14400"/>
                    <givenAlignment value="asap"/>
                    <resourceUnits amount="1" resolvedAmount="1"/>
                    <minimizesDuration value="true"/>
                    <actualStartDate value="2014-07-18T13:00:00"/>
                    <actualEndDate value="2014-07-18T17:00:00"/>
                    <actualWork amount="0.5" unit="day" resolvedAmount="14400"/>
                    <remainingWork amount="0" unit="day" resolvedAmount="0"/>
                </Assignment>
            </Activity>
            <Activity id="RdyjsjSHRX2bQqhPLVlNjg">
                <title>Create Project Proposal</title>
                <objectDescription>
					<par>The Project Proposal is the game plan that results from the needs analysis stage of pre-production. The proposal (and the analysis up to and including IT) is usually prompted by a request for proposal (RFP) sent by the client to potential vendors. The Project Proposal should clearly state how the website will meet the client’s goals, support </par> 
					<par>their brand, and position them in the marketplace. It should also include a detailed estimate of the project’s cost. </par> 
                    <par> </par> 
                    <par>The Client Sign-Off is a paper document that is dated and signed by your client. It should state that they agree to the terms of the proposal and that any requested changes, from the proposal or from any other sign-off document (such as the final design selection), will result in a reassessment of project costs due to the extra time required to make those changes. </par>
                </objectDescription>
                <tags idrefs="7Vabr5nsT4eqWwM7vfsHuQ XMAM6awaT_yUjUYmz1ncHQ"/>
                <costAccrual value="immediately"/>
                <givenWork amount="2" unit="day" resolvedAmount="57600"/>
                <givenAlignment value="asap"/>
                <Assignment id="VTWdqeziQHulUjvQNcMziQ">
                    <resource idref="_gYAehExQDCRdzQtv5-k5Q"/>
                    <costAccrual value="prorated"/>
                    <givenWork amount="1" unit="fraction" resolvedAmount="57600"/>
                    <resourceUnits amount="1" resolvedAmount="1"/>
                    <minimizesDuration value="true"/>
                    <actualStartDate value="2014-07-21T08:00:00"/>
                    <actualWork amount="1" unit="day" resolvedAmount="28800"/>
                    <remainingWork amount="2" unit="day" resolvedAmount="57600"/>
                </Assignment>
            </Activity>
            <Activity id="TkLX5u_PSOK3lYdg5NLl-w">
                <title>Create Timeline</title>
                <objectDescription>The Timeline is a calendar of project events and deadlines. It can be a simple chronological listing of meetings and target deadlines or a graphical Gantt chart. Like the task list, it shows the deliverables for each project phase indicating the number of hours projected for each task. A larger project means more days or months in each phase.</objectDescription>
                <tags idrefs="7Vabr5nsT4eqWwM7vfsHuQ XMAM6awaT_yUjUYmz1ncHQ"/>
                <costAccrual value="immediately"/>
                <givenWork amount="1" unit="day" resolvedAmount="28800"/>
                <givenAlignment value="asap"/>
                <Assignment id="LD39F6cmQhGMUpq8bLCy1w">
                    <resource idref="_gYAehExQDCRdzQtv5-k5Q"/>
                    <costAccrual value="immediately"/>
                    <givenWork amount="1" unit="fraction" resolvedAmount="28800"/>
                    <givenAlignment value="asap"/>
                    <resourceUnits amount="1" resolvedAmount="1"/>
                    <minimizesDuration value="true"/>
                </Assignment>
            </Activity>
            <Activity id="q8M2nTANSC2Eu_E1IFzMNw">
                <title>Create Task List</title>
                <objectDescription>The Task List is a chart documenting each task, the team member responsible for completing it, the target dates of completion, and the actual date of completion. Basically, the Task List shows the items mapped to projected delivery dates. It is focused on the people responsible for deliverables rather than the number of hours.</objectDescription>
                <tags idrefs="7Vabr5nsT4eqWwM7vfsHuQ XMAM6awaT_yUjUYmz1ncHQ"/>
                <costAccrual value="immediately"/>
                <givenWork amount="1" unit="day" resolvedAmount="28800"/>
                <givenAlignment value="asap"/>
                <Assignment id="3s3-YpwTSWmB7vpJ0Udlfg">
                    <resource idref="_gYAehExQDCRdzQtv5-k5Q"/>
                    <costAccrual value="immediately"/>
                    <givenWork amount="1" unit="fraction" resolvedAmount="28800"/>
                    <givenAlignment value="asap"/>
                    <resourceUnits amount="1" resolvedAmount="1"/>
                    <minimizesDuration value="true"/>
                </Assignment>
            </Activity>
            <Activity id="WU_lvwnjRx-vVDCCM88n-A">
                <title>Create Content Chart</title>
                <objectDescription>The Content Chart is used to itemize and keep track of the textual and graphical content for the site. This includes items that you plan to acquire from your client as well as those that will be created by the design team. This document relates to the Project Timeline, which should contain dates for the acquisition and creation in general. In the Content Chart, specific items can be given a target deadline and their status can be posted and tracked.</objectDescription>
                <tags idrefs="XMAM6awaT_yUjUYmz1ncHQ"/>
                <costAccrual value="immediately"/>
                <givenWork amount="2" unit="day" resolvedAmount="57600"/>
                <givenAlignment value="asap"/>
                <Assignment id="9iuKLY7TQRanvu6oZUkHPA">
                    <resource idref="ZM3D6BpjSAWUNVSE06oe5w"/>
                    <costAccrual value="immediately"/>
                    <givenWork amount="1" unit="fraction" resolvedAmount="57600"/>
                    <givenAlignment value="asap"/>
                    <resourceUnits amount="1" resolvedAmount="1"/>
                    <minimizesDuration value="true"/>
                    <actualStartDate value="2014-07-28T08:00:00"/>
                    <actualWork amount="2.8" unit="day" resolvedAmount="80640"/>
                    <remainingWork amount="1.2" unit="day" resolvedAmount="34560"/>
                </Assignment>
            </Activity>
            <Activity id="tb2yVq98TfiwqXJVYS77_w">
                <title>Define Communications</title>
                <objectDescription>The Communications chart page is used to document important communications within the team and between the team and the client. Its primary purpose is to provide a reference for accountability and to reduce confusion about decisions and their details. Emails can be copied and pasted into the correspondence column or converted to HTML documents and linked to the key description in the content chart.</objectDescription>
                <tags idrefs="7Vabr5nsT4eqWwM7vfsHuQ XMAM6awaT_yUjUYmz1ncHQ"/>
                <costAccrual value="immediately"/>
                <givenWork amount="1" unit="day" resolvedAmount="28800"/>
                <givenAlignment value="asap"/>
                <Assignment id="zObDumo1SnyAPIDAB3xiXQ">
                    <resource idref="_gYAehExQDCRdzQtv5-k5Q"/>
                    <costAccrual value="immediately"/>
                    <givenWork amount="1" unit="fraction" resolvedAmount="28800"/>
                    <givenAlignment value="asap"/>
                    <resourceUnits amount="1" resolvedAmount="1"/>
                    <minimizesDuration value="true"/>
                    <actualStartDate value="2014-08-01T08:00:00"/>
                    <actualWork amount="0.5" unit="day" resolvedAmount="14400"/>
                    <remainingWork amount="4" unit="hour" resolvedAmount="14400"/>
                </Assignment>
            </Activity>
            <Activity id="LrjYue1OSFSmxHK2tv2l5g">
                <title>Create Site Map</title>
                <objectDescription>
                    <par>The Site Map is a visual outline of how each page in the site will relate to each other in the navigational scheme. It facilitates the evaluation of the overall site architecture and relative “weights” of each section. Should a section appear a lot heavier (with too many subpages) than others, the entire navigational structure can be reorganized before page creation begins.</par>
                    <par/>
                    <par>Developed in coordination with the Site Map and Technical Specifications, the Site Plan is a listing of the sections and pages to be created. It is here that the strict naming conventions, as defined in the Technical Specifications, will be adhered to. The Site Plan should be updated as pages are added to or deleted from the project.</par>
                </objectDescription>
                <tags idrefs="5yUAKNeSSnSBM2n8KOsErQ XMAM6awaT_yUjUYmz1ncHQ"/>
                <costAccrual value="immediately"/>
                <givenWork amount="1" unit="day" resolvedAmount="28800"/>
                <givenAlignment value="asap"/>
                <Assignment id="arB-xoHIRNuohLo6uYytEw">
                    <resource idref="cVY2xiipT9CEdh92s9NzrA"/>
                    <costAccrual value="immediately"/>
                    <givenWork amount="1" unit="fraction" resolvedAmount="28800"/>
                    <givenAlignment value="asap"/>
                    <resourceUnits amount="1" resolvedAmount="1"/>
                    <minimizesDuration value="true"/>
                </Assignment>
            </Activity>
        </Activity>
        <Activity id="vVI2Q5mCSJKfBH5th3QPHw">
            <title>Pre-production finished</title>
            <objectDescription>This milestone defines the end of the pre-production phase. The icon is used from <link target="http://www.iconarchive.com/show/red-orb-alphabet-icons-by-iconarchive.html">http://www.iconarchive.com/show/red-orb-alphabet-icons-by-iconarchive.html</link></objectDescription>
            <media attr="Media" name="Exclamation-mark-icon.png" size="1684" digest="31e647ff0e0e6ecfb74de786bbed102bf222b214" type="public.png" created="2014-08-11T11:01:19" modified="2014-08-11T11:01:19" URL="media/Exclamation-mark-icon.png">
                <metadata>
                    <PixelHeight value="24" type="number"/>
                    <PixelWidth value="24" type="number"/>
                </metadata>
            </media>
            <tags idrefs="7Vabr5nsT4eqWwM7vfsHuQ"/>
            <costAccrual value="immediately"/>
            <Information id="jokwtV3TQNuCbBEeHV5OeQ">
                <title>Have a milestone after each phase</title>
                <costAccrual value="prorated"/>
                <informationDate value="2014-07-10T21:29:16"/>
                <kind idref="o-BCIOq7QLeecNSCOa9Ltw"/>
                <status idref="f18fmOB9QJyrL2kESePt0A"/>
            </Information>
            <givenAlignment value="asap"/>
            <isMilestone value="true"/>
            <Assignment id="wZuY6_TfS4qd5EyvlP5yGw">
                <resource idref="_gYAehExQDCRdzQtv5-k5Q"/>
                <costAccrual value="immediately"/>
            </Assignment>
        </Activity>
        <Activity id="4MPHPRSwQjyF2nZpf5DkAg">
            <title>Site Production</title>
            <objectDescription>The icon is used from <link target="http://www.iconarchive.com/show/red-orb-alphabet-icons-by-iconarchive.html">http://www.iconarchive.com/show/red-orb-alphabet-icons-by-iconarchive.html</link></objectDescription>
            <media attr="Media" name="Number-2-icon.png" size="1712" digest="6d04e1e49a12a6d644c34daa404aa5497f1e983f" type="public.png" created="2014-08-11T10:59:00" modified="2014-08-11T10:59:00" URL="media/Number-2-icon.png">
                <metadata>
                    <PixelHeight value="24" type="number"/>
                    <PixelWidth value="24" type="number"/>
                </metadata>
            </media>
            <costAccrual value="immediately"/>
            <givenAlignment value="asap"/>
            <requestedBudget value="0.5"/>
            <budgetStatus value="approved"/>
            <budgetStatusDate value="2014-07-10T21:51:48"/>
            <approvedBudget amount="0.5" fractional="true" resolvedAmount="7500"/>
            <Activity id="VmMPh37VSwGJuE_GEhSH1A">
                <title>Design Comps</title>
                <objectDescription>
                    <par>Design comps (composites) are renderings of what the site might look like. Also known as “mock-ups,” each set of comps should contain a proposed home page and secondary page that are consistent in look. They are usually not actual web pages, but single, large graphics. If navigation is an important factor in the decision, it is common to create an image map to provide hyperlinks on the single graphic.</par>
                    <par/>
                    <par>Although it is best to limit the number of sets of comps to two or three, each set should demonstrate a different approach to reaching the target audience. The worksite should contain screenshots of each set, with explanations for the choices made in their design. Once a final design has been selected, this document serves as a reminder of the design goals. Further modifications of the final selection may be made. Each iteration can then be posted to this page.</par>
                </objectDescription>
                <tags idrefs="5yUAKNeSSnSBM2n8KOsErQ"/>
                <costAccrual value="immediately"/>
                <givenWork amount="2" unit="day" resolvedAmount="57600"/>
                <givenAlignment value="asap"/>
                <Assignment id="w6mckiMyTwmiwoUCMxAemg">
                    <resource idref="x0ASn4MyTs-gRvnK1oBFWg"/>
                    <costAccrual value="immediately"/>
                    <givenWork amount="1" unit="fraction" resolvedAmount="57600"/>
                    <givenAlignment value="asap"/>
                    <resourceUnits amount="1" resolvedAmount="1"/>
                    <minimizesDuration value="true"/>
                </Assignment>
            </Activity>
            <Activity id="ULCXbfqNRYSSzcqPpXY7gA">
                <title>Client review and selection of design</title>
                <objectDescription>The client reviews the design comps, selects the design that best fits their needs, and signs off on the design, the Site Map, and the Site Plan. At this point, the actual development of the HTML version of the website can begin.</objectDescription>
                <tags idrefs="68yCWoeZRkmuxcB14e9E1Q"/>
                <costAccrual value="immediately"/>
                <givenWork amount="2" unit="day" resolvedAmount="57600"/>
                <givenAlignment value="asap"/>
                <Assignment id="wa6FBH1kR3e1uOaoYZRTGg">
                    <resource idref="azj_IHY0QeuBOAqnxHJywg"/>
                    <costAccrual value="immediately"/>
                    <givenWork amount="1" unit="fraction" resolvedAmount="57600"/>
                    <givenAlignment value="asap"/>
                    <resourceUnits amount="1" resolvedAmount="1"/>
                    <minimizesDuration value="true"/>
                </Assignment>
            </Activity>
            <Activity id="Ep4R-VPEQDecxVyLcVvRCQ">
                <title>Building Pages</title>
                <objectDescription>
                    <par>This step includes assembling the elements that comprise each page in a website. Usually, this involves “pouring” content into a page template.</par>
                    <par/>
                    <par>The alpha first version of a site contains enough necessary components to elicit a useful critique. Many details are not complete. It is meant to be viewed and evaluated (alpha tested) by individuals from the design team and only one or two key people from the client company.</par>
                </objectDescription>
                <tags idrefs="2JV5tMyRQIC4goqeP9NudQ XMAM6awaT_yUjUYmz1ncHQ"/>
                <costAccrual value="immediately"/>
                <givenWork amount="5" unit="day" resolvedAmount="144000"/>
                <givenAlignment value="asap"/>
                <Assignment id="fY3SyhpxRs-zU7lnmPuctw">
                    <resource idref="cVY2xiipT9CEdh92s9NzrA"/>
                    <costAccrual value="immediately"/>
                    <givenWork amount="1" unit="fraction" resolvedAmount="144000"/>
                    <givenAlignment value="asap"/>
                    <resourceUnits amount="1" resolvedAmount="1"/>
                    <minimizesDuration value="true"/>
                </Assignment>
            </Activity>
            <Activity id="-hDwUyvzTEemDc3qSzvl8Q">
                <title>Client Review</title>
                <objectDescription>
                    <par>A client feedback page can also be added to the Project Worksite. This is simply a place where any comments or requests from the client can be posted. It serves as a record that can be referred to if some confusion arises in the process of developing the site.</par>
                    <par/>
                    <par>At the point where the site has all of the elements and corrections requested by the client, final production can take place on site, and beta testing can begin.</par>
                </objectDescription>
                <tags idrefs="68yCWoeZRkmuxcB14e9E1Q"/>
                <costAccrual value="immediately"/>
                <Risk id="Lpy8UtO2QQiFmJsfl3jcxA">
                    <title>Clients often don't review in time</title>
                    <costAccrual value="prorated"/>
                    <riskGroup idref="avFLE9gET5iBZZHZi3FpMg"/>
                    <reporter idref="cVY2xiipT9CEdh92s9NzrA"/>
                    <responsibleResource idref="_gYAehExQDCRdzQtv5-k5Q"/>
                    <recordingDate value="2014-07-10T21:23:59"/>
                    <riskDescription value="Very often clients are overwhelmed by the technical details and they are afraid to review and take decisions."/>
                    <riskClass value="demandsReduction"/>
                    <probability value="0.5"/>
                    <costImpact value="marginalIncrease"/>
                    <scopeImpact value="barelyNoticableDecreases"/>
                    <deadlineImpact value="marginalDelay"/>
                    <actions value="Have a clear communication with the client from the begin of the project."/>
                    <didOccur value="false"/>
                </Risk>
                <givenWork amount="5" unit="day" resolvedAmount="144000"/>
                <givenAlignment value="asap"/>
                <Assignment id="fO_rfDNGQk6PmTUszDc0PA">
                    <resource idref="azj_IHY0QeuBOAqnxHJywg"/>
                    <costAccrual value="immediately"/>
                    <givenWork amount="1" unit="fraction" resolvedAmount="144000"/>
                    <givenAlignment value="asap"/>
                    <resourceUnits amount="1" resolvedAmount="1"/>
                    <minimizesDuration value="true"/>
                </Assignment>
            </Activity>
            <Activity id="_qeO7u2BROeTS3rZ1TQZ4A">
                <title>Final Site Production</title>
                <objectDescription>Final usability and bug tests (beta testing) have been performed to determine the modifications needed before the final version is released. The beta version has been viewed and evaluated by individuals from the design firm and, more importantly, by selected outsiders who have never seen the site before and represent the site’s target audience and user scenarios.</objectDescription>
                <costAccrual value="immediately"/>
                <givenWork amount="3" unit="day" resolvedAmount="86400"/>
                <givenAlignment value="asap"/>
                <Assignment id="ZmGy0YhURoedM7p7mmg9jw">
                    <resource idref="x0ASn4MyTs-gRvnK1oBFWg"/>
                    <costAccrual value="immediately"/>
                    <givenWork amount="0.5" unit="fraction" resolvedAmount="43200"/>
                    <givenAlignment value="asap"/>
                    <resourceUnits amount="1" resolvedAmount="1"/>
                    <minimizesDuration value="true"/>
                </Assignment>
                <Assignment id="OSA8u0YNTqq0dwJfEfD23w">
                    <resource idref="cVY2xiipT9CEdh92s9NzrA"/>
                    <costAccrual value="immediately"/>
                    <givenWork amount="0.5" unit="fraction" resolvedAmount="43200"/>
                    <givenAlignment value="asap"/>
                    <resourceUnits amount="1" resolvedAmount="1"/>
                    <minimizesDuration value="true"/>
                </Assignment>
            </Activity>
            <Activity id="jD6iDLDMSzamgO8zVGrZLg">
                <title>Beta Testing</title>
                <objectDescription>
                    <par>Technical beta testing is performed by members of the production team. Its purpose is to observe how the site behaves under various conditions including browser vendor and version, computer platform, OS version, and monitor size. Primarily, testing should take place under conditions likely to exist with the site’s target audience.</par>
                    <par/>
                    <par>The beta testing form is a document with the results of beta testing. Generally, there are two types of beta tests—usability and technical—that can be posted to a single beta testing form or to two separate documents.</par>
                </objectDescription>
                <tags idrefs="68yCWoeZRkmuxcB14e9E1Q 2JV5tMyRQIC4goqeP9NudQ"/>
                <costAccrual value="immediately"/>
                <givenWork amount="5" unit="day" resolvedAmount="144000"/>
                <givenAlignment value="asap"/>
                <Assignment id="WmqhryMaQTi4NPhBQdxLBA">
                    <resource idref="ZM3D6BpjSAWUNVSE06oe5w"/>
                    <costAccrual value="immediately"/>
                    <givenWork amount="0.5" unit="fraction" resolvedAmount="72000"/>
                    <givenAlignment value="asap"/>
                    <resourceUnits amount="1" resolvedAmount="1"/>
                    <minimizesDuration value="true"/>
                </Assignment>
                <Assignment id="zGm7BprRTYOuBG9B7c9pTQ">
                    <resource idref="azj_IHY0QeuBOAqnxHJywg"/>
                    <costAccrual value="immediately"/>
                    <givenWork amount="0.5" unit="fraction" resolvedAmount="72000"/>
                    <givenAlignment value="asap"/>
                    <resourceUnits amount="1" resolvedAmount="1"/>
                    <minimizesDuration value="true"/>
                </Assignment>
            </Activity>
            <Activity id="WjME4dBKQ0qV4SNGy9SJQA">
                <title>Usability Testing</title>
                <objectDescription>Usability testing consists of observations, discussions, and questionnaires as criteria from individuals selected to visit the website. Crucial observations include the number of clicks it takes a tester to get to a particular page and the level of apparent confusion in understanding the site and its structure. It is preferable for the tester to have no information about the site ahead of time. The tester is then given specific objectives when visiting the site.</objectDescription>
                <tags idrefs="68yCWoeZRkmuxcB14e9E1Q 2JV5tMyRQIC4goqeP9NudQ"/>
                <costAccrual value="immediately"/>
                <givenWork amount="1" unit="day" resolvedAmount="28800"/>
                <givenAlignment value="asap"/>
                <Assignment id="ISEnDEcnTCyPvDUMZemu3A">
                    <resource idref="ZM3D6BpjSAWUNVSE06oe5w"/>
                    <costAccrual value="immediately"/>
                    <givenWork amount="0.5" unit="fraction" resolvedAmount="14400"/>
                    <givenAlignment value="asap"/>
                    <resourceUnits amount="1" resolvedAmount="1"/>
                    <minimizesDuration value="true"/>
                </Assignment>
                <Assignment id="4rLXd_HvQp6CuZsYxGzbpw">
                    <resource idref="azj_IHY0QeuBOAqnxHJywg"/>
                    <costAccrual value="immediately"/>
                    <givenWork amount="0.5" unit="fraction" resolvedAmount="14400"/>
                    <givenAlignment value="asap"/>
                    <resourceUnits amount="1" resolvedAmount="1"/>
                    <minimizesDuration value="true"/>
                </Assignment>
            </Activity>
            <Activity id="zc2gy0uySOuXWSWtCHAxHw">
                <title>Create Style Guide</title>
                <objectDescription>The style guide contains the rules for the site’s consistency. The two main styles that are addressed here are visual and writing. The visual style guide, concerned with the consistency of a site’s appearance from page to page, can be expressed with text descriptions, technical specifications, and graphical examples. It is here that you specify details about the site’s color scheme, dimensions, and locations of various components (including repeating components). The writing style guide is where you specify details about textual components of the site. This includes a listing of certain words and phrases and how they will be spelled or punctuated. Other information can include the tense that will be used and other specifications relating to the consistency of the writing style within the site.</objectDescription>
                <tags idrefs="5yUAKNeSSnSBM2n8KOsErQ XMAM6awaT_yUjUYmz1ncHQ"/>
                <costAccrual value="immediately"/>
                <givenWork amount="2" unit="day" resolvedAmount="57600"/>
                <givenAlignment value="asap"/>
                <Assignment id="heLEZ7VeRmyJQN6vQsY0Dg">
                    <resource idref="x0ASn4MyTs-gRvnK1oBFWg"/>
                    <costAccrual value="immediately"/>
                    <givenWork amount="0.5" unit="fraction" resolvedAmount="28800"/>
                    <givenAlignment value="asap"/>
                    <resourceUnits amount="1" resolvedAmount="1"/>
                    <minimizesDuration value="true"/>
                </Assignment>
                <Assignment id="blilrlc5SiK37NXViaq2IQ">
                    <resource idref="ZM3D6BpjSAWUNVSE06oe5w"/>
                    <costAccrual value="immediately"/>
                    <givenWork amount="0.5" unit="fraction" resolvedAmount="28800"/>
                    <givenAlignment value="asap"/>
                    <resourceUnits amount="1" resolvedAmount="1"/>
                    <minimizesDuration value="true"/>
                </Assignment>
            </Activity>
            <Activity id="WwUezfxmRKq0sgcauEUvgg">
                <title>Browser testing</title>
                <tags idrefs="2JV5tMyRQIC4goqeP9NudQ"/>
                <costAccrual value="immediately"/>
                <givenWork amount="2" unit="day" resolvedAmount="57600"/>
                <givenAlignment value="asap"/>
                <Assignment id="cDU-YE1cRpGQgnljzjsdAg">
                    <resource idref="ZM3D6BpjSAWUNVSE06oe5w"/>
                    <costAccrual value="immediately"/>
                    <givenWork amount="1" unit="fraction" resolvedAmount="57600"/>
                    <givenAlignment value="asap"/>
                    <resourceUnits amount="1" resolvedAmount="1"/>
                    <minimizesDuration value="true"/>
                </Assignment>
            </Activity>
            <Activity id="4QLVamjYSpO8jxe8grW3QQ">
                <title>Fix bugs</title>
                <objectDescription>The Bug List contains all the problems discovered during production and testing. This is where bugs are documented and progress on their repair is tracked. In some cases, certain bugs cannot be repaired because they are quirks inherent to certain browser versions.</objectDescription>
                <tags idrefs="2JV5tMyRQIC4goqeP9NudQ"/>
                <costAccrual value="immediately"/>
                <givenWork amount="3" unit="day" resolvedAmount="86400"/>
                <givenAlignment value="asap"/>
                <Assignment id="mBILgu-WQoOm56OVEH08pQ">
                    <resource idref="cVY2xiipT9CEdh92s9NzrA"/>
                    <costAccrual value="immediately"/>
                    <givenWork amount="1" unit="fraction" resolvedAmount="86400"/>
                    <givenAlignment value="asap"/>
                    <resourceUnits amount="1" resolvedAmount="1"/>
                    <minimizesDuration value="true"/>
                </Assignment>
            </Activity>
        </Activity>
        <Activity id="j8JGBp0WQzSbT1vG5HBL7w">
            <title>Production finished</title>
            <objectDescription>This milestone defines the end of the production phase. The icon is used from <link target="http://www.iconarchive.com/show/red-orb-alphabet-icons-by-iconarchive.html">http://www.iconarchive.com/show/red-orb-alphabet-icons-by-iconarchive.html</link></objectDescription>
            <media attr="Media" name="Exclamation-mark-icon.png" size="1684" digest="31e647ff0e0e6ecfb74de786bbed102bf222b214" type="public.png" created="2014-08-11T11:01:19" modified="2014-08-11T11:01:19" URL="media/Exclamation-mark-icon.png">
                <metadata>
                    <PixelHeight value="24" type="number"/>
                    <PixelWidth value="24" type="number"/>
                </metadata>
            </media>
            <tags idrefs="7Vabr5nsT4eqWwM7vfsHuQ"/>
            <costAccrual value="immediately"/>
            <Information id="BAs_ws3tQ2OXA3G2I656Xw">
                <title>Each phase ends with a milestone</title>
                <costAccrual value="prorated"/>
                <informationDate value="2014-07-10T21:31:17"/>
                <kind idref="o-BCIOq7QLeecNSCOa9Ltw"/>
                <status idref="f18fmOB9QJyrL2kESePt0A"/>
            </Information>
            <givenAlignment value="asap"/>
            <isMilestone value="true"/>
            <Assignment id="zjyrIUosQ0aW9zHU-LWxbg">
                <resource idref="_gYAehExQDCRdzQtv5-k5Q"/>
                <costAccrual value="immediately"/>
            </Assignment>
        </Activity>
        <Activity id="erhwttLLTFSpAP6zV4aZBg">
            <title>Post-production</title>
            <objectDescription>The icon is used from <link target="http://www.iconarchive.com/show/red-orb-alphabet-icons-by-iconarchive.html">http://www.iconarchive.com/show/red-orb-alphabet-icons-by-iconarchive.html</link></objectDescription>
            <media attr="Media" name="Number-3-icon.png" size="1729" digest="bdebc8b4769bf2ad77c98176acae9366829a12c0" type="public.png" created="2014-08-11T10:59:10" modified="2014-08-11T10:59:10" URL="media/Number-3-icon.png">
                <metadata>
                    <PixelHeight value="24" type="number"/>
                    <PixelWidth value="24" type="number"/>
                </metadata>
            </media>
            <costAccrual value="immediately"/>
            <givenAlignment value="asap"/>
            <requestedBudget value="0.2"/>
            <budgetStatus value="approved"/>
            <budgetStatusDate value="2014-07-10T21:51:57"/>
            <approvedBudget amount="3000" resolvedAmount="3000"/>
            <Activity id="BojKVuSqRGOYgxGgZFxGpA">
                <title>Define Maintenance Schedule</title>
                <objectDescription>Once the site goes live, it is important to keep it current and relevant. The Six-Month Maintenance Schedule is a list of recommended tasks to further your client’s goals. It is also a way for them to start off on the right foot, never letting the website sit.</objectDescription>
                <tags idrefs="7Vabr5nsT4eqWwM7vfsHuQ"/>
                <costAccrual value="immediately"/>
                <givenWork amount="1" unit="day" resolvedAmount="28800"/>
                <givenAlignment value="asap"/>
                <Assignment id="4mPbjD9aRJy3yQUCQIDBRQ">
                    <resource idref="ZM3D6BpjSAWUNVSE06oe5w"/>
                    <costAccrual value="immediately"/>
                    <givenWork amount="1" unit="fraction" resolvedAmount="28800"/>
                    <givenAlignment value="asap"/>
                    <resourceUnits amount="1" resolvedAmount="1"/>
                    <minimizesDuration value="true"/>
                </Assignment>
            </Activity>
            <Activity id="BrO2nIhNQOCGrRxn2pyhKg">
                <title>Project Retrospective</title>
                <objectDescription>The Project Retrospective (sometimes called a post-mortem) is a meeting in which the production team reviews the process they underwent in developing the website. Here, the project’s successes and shortcomings are addressed and documented, with the goal of learning where the team could have been more efficient so that you can apply those lessons in future projects.</objectDescription>
                <tags idrefs="7Vabr5nsT4eqWwM7vfsHuQ"/>
                <costAccrual value="immediately"/>
                <Information id="963hMRSSRcGfJodksqyRIw">
                    <title>Background Information</title>
                    <costAccrual value="prorated"/>
                    <informationDate value="2014-07-11T09:19:52"/>
                    <URL value="http://www.pinnacleprojects.com/index.php/project-retrospectives/159-retrospectives-4-the-perfect-project-retrospective"/>
                    <kind idref="o-BCIOq7QLeecNSCOa9Ltw"/>
                    <status idref="f18fmOB9QJyrL2kESePt0A"/>
                </Information>
                <CheckList id="HMB7pBnwTvC61sZl9muhEA">
                    <title>Basic questions in the project retrospective</title>
                    <costAccrual value="prorated"/>
                    <recordingDate value="2014-07-11T09:19:08"/>
                    <CheckListItem id="DQVp0Ip6RhW7uGmmyvcn5w">
                        <title>What went well?</title>
                        <isChecked value="false"/>
                    </CheckListItem>
                    <CheckListItem id="zhEv-OAzScWBG0Ff3lCpSw">
                        <title>What didn’t go so well?</title>
                        <isChecked value="false"/>
                    </CheckListItem>
                    <CheckListItem id="qcTzaUfCTMK3eunZvM4ceg">
                        <title>What have I learnt?</title>
                        <isChecked value="false"/>
                    </CheckListItem>
                    <CheckListItem id="n1siBUDfT6aUC12YNTYBsA">
                        <title>What still puzzles me?</title>
                        <isChecked value="false"/>
                    </CheckListItem>
                </CheckList>
                <givenWork amount="0.5" unit="day" resolvedAmount="14400"/>
                <givenAlignment value="asap"/>
                <Assignment id="4TcFFt9iTxOfBh2_Cj-blQ">
                    <resource idref="_gYAehExQDCRdzQtv5-k5Q"/>
                    <costAccrual value="immediately"/>
                    <givenWork amount="1" unit="fraction" resolvedAmount="14400"/>
                    <givenAlignment value="asap"/>
                    <resourceUnits amount="1" resolvedAmount="1"/>
                    <minimizesDuration value="true"/>
                </Assignment>
            </Activity>
            <Activity id="hbx0CN3oTKOW7n6JLrfpbw">
                <title>Final presentations</title>
                <objectDescription>With the publication of the Client Website, students have an opportunity to present the process they employed in developing the website. The Project Worksite can be used as the presentation tool to demonstrate and discuss the steps in the development process. Key project participants describe their roles and the details of the project components with which they are most closely associated.</objectDescription>
                <tags idrefs="68yCWoeZRkmuxcB14e9E1Q 7Vabr5nsT4eqWwM7vfsHuQ"/>
                <costAccrual value="immediately"/>
                <givenWork amount="0.5" unit="day" resolvedAmount="14400"/>
                <givenAlignment value="asap"/>
                <Assignment id="BJNaLF7wSaierfT1dRdGBg">
                    <resource idref="azj_IHY0QeuBOAqnxHJywg"/>
                    <costAccrual value="immediately"/>
                    <givenWork amount="0.5" unit="fraction" resolvedAmount="7200"/>
                    <givenAlignment value="asap"/>
                    <resourceUnits amount="1" resolvedAmount="1"/>
                    <minimizesDuration value="true"/>
                </Assignment>
                <Assignment id="BqxkUZUUQmGGp-FT3slDgw">
                    <resource idref="_gYAehExQDCRdzQtv5-k5Q"/>
                    <costAccrual value="immediately"/>
                    <givenWork amount="0.5" unit="fraction" resolvedAmount="7200"/>
                    <givenAlignment value="asap"/>
                    <resourceUnits amount="1" resolvedAmount="1"/>
                    <minimizesDuration value="true"/>
                </Assignment>
            </Activity>
        </Activity>
        <Activity id="uEDYuwscQR-eC8jYX6GFxg">
            <title>Post-production finished</title>
            <objectDescription>This milestone defines the end of the post-production phase. The icon is used from <link target="http://www.iconarchive.com/show/red-orb-alphabet-icons-by-iconarchive.html">http://www.iconarchive.com/show/red-orb-alphabet-icons-by-iconarchive.html</link></objectDescription>
            <media attr="Media" name="Exclamation-mark-icon.png" size="1684" digest="31e647ff0e0e6ecfb74de786bbed102bf222b214" type="public.png" created="2014-08-11T11:01:19" modified="2014-08-11T11:01:19" URL="media/Exclamation-mark-icon.png">
                <metadata>
                    <PixelHeight value="24" type="number"/>
                    <PixelWidth value="24" type="number"/>
                </metadata>
            </media>
            <tags idrefs="7Vabr5nsT4eqWwM7vfsHuQ"/>
            <costAccrual value="immediately"/>
            <Information id="th5WVpC0TUaBm7nmNbAB8A">
                <title>Define a clear end to the project</title>
                <costAccrual value="prorated"/>
                <informationDate value="2014-07-10T21:32:18"/>
                <kind idref="o-BCIOq7QLeecNSCOa9Ltw"/>
                <status idref="f18fmOB9QJyrL2kESePt0A"/>
            </Information>
            <givenAlignment value="asap"/>
            <isMilestone value="true"/>
            <Assignment id="QDp5uoofQ9OV8XEj-TByiw">
                <resource idref="_gYAehExQDCRdzQtv5-k5Q"/>
                <costAccrual value="immediately"/>
            </Assignment>
        </Activity>
    </Activity>
    <Dependency id="-E6rA2MCS1uiWC_pBMq4-w">
        <type value="endToStart"/>
        <previousActivity idref="j8JGBp0WQzSbT1vG5HBL7w"/>
        <nextActivity idref="erhwttLLTFSpAP6zV4aZBg"/>
    </Dependency>
    <Dependency id="00v06YLkRA-PnZ1ZKJIHOg">
        <type value="endToStart"/>
        <previousActivity idref="BrO2nIhNQOCGrRxn2pyhKg"/>
        <nextActivity idref="hbx0CN3oTKOW7n6JLrfpbw"/>
    </Dependency>
    <Dependency id="0KTnyDweRyyeFGdYr2-Tkg">
        <type value="endToStart"/>
        <previousActivity idref="vVI2Q5mCSJKfBH5th3QPHw"/>
        <nextActivity idref="4MPHPRSwQjyF2nZpf5DkAg"/>
    </Dependency>
    <Dependency id="2ho3zGNdS42hJK88TePHPg">
        <type value="endToStart"/>
        <previousActivity idref="am42yQ1QQ1WMbuZG0tWbEQ"/>
        <nextActivity idref="6VSXvIVJRuqtyG1rARnUvQ"/>
    </Dependency>
    <Dependency id="4mqk30MHT56tz7me-7GBJQ">
        <type value="endToStart"/>
        <previousActivity idref="WjME4dBKQ0qV4SNGy9SJQA"/>
        <nextActivity idref="zc2gy0uySOuXWSWtCHAxHw"/>
    </Dependency>
    <Dependency id="6y_j0sJuRKeLCDVoZCt4jA">
        <type value="startToStart"/>
        <previousActivity idref="WwUezfxmRKq0sgcauEUvgg"/>
        <nextActivity idref="4QLVamjYSpO8jxe8grW3QQ"/>
    </Dependency>
    <Dependency id="AWGn1U7PRU21JEmyYb9SKQ">
        <type value="endToStart"/>
        <previousActivity idref="tb2yVq98TfiwqXJVYS77_w"/>
        <nextActivity idref="LrjYue1OSFSmxHK2tv2l5g"/>
    </Dependency>
    <Dependency id="At_W9SRnSTmqGOyWGyP7KA">
        <type value="endToStart"/>
        <previousActivity idref="WU_lvwnjRx-vVDCCM88n-A"/>
        <nextActivity idref="tb2yVq98TfiwqXJVYS77_w"/>
    </Dependency>
    <Dependency id="CNnOfmzfQ1STANElvdTu2w">
        <type value="endToStart"/>
        <previousActivity idref="41vEESo7QJKDcBNkDc84CQ"/>
        <nextActivity idref="RdyjsjSHRX2bQqhPLVlNjg"/>
    </Dependency>
    <Dependency id="GsIc4-0sRJabnLpHeR-Uvw">
        <type value="endToStart"/>
        <previousActivity idref="jD6iDLDMSzamgO8zVGrZLg"/>
        <nextActivity idref="WjME4dBKQ0qV4SNGy9SJQA"/>
    </Dependency>
    <Dependency id="MJyCpRbKTtWAIVh-VEVf2g">
        <type value="endToStart"/>
        <previousActivity idref="zc2gy0uySOuXWSWtCHAxHw"/>
        <nextActivity idref="WwUezfxmRKq0sgcauEUvgg"/>
    </Dependency>
    <Dependency id="OTPGTjlvTv-V_aJmZbqaRQ">
        <type value="endToStart"/>
        <previousActivity idref="5p0jF70lSKqg_POdNH1ekA"/>
        <nextActivity idref="41vEESo7QJKDcBNkDc84CQ"/>
    </Dependency>
    <Dependency id="SJ5ulPkgSLG--JIs34NF4Q">
        <type value="endToStart"/>
        <previousActivity idref="q8M2nTANSC2Eu_E1IFzMNw"/>
        <nextActivity idref="WU_lvwnjRx-vVDCCM88n-A"/>
    </Dependency>
    <Dependency id="SzNpEGa2SDm8VsI0DAtJYQ">
        <type value="endToStart"/>
        <previousActivity idref="bWwXPIQhT0qb5eR11DUsfQ"/>
        <nextActivity idref="vVI2Q5mCSJKfBH5th3QPHw"/>
    </Dependency>
    <Dependency id="Tgf9uW2SRU6OSOTCiNbDzQ">
        <type value="endToStart"/>
        <previousActivity idref="-hDwUyvzTEemDc3qSzvl8Q"/>
        <nextActivity idref="_qeO7u2BROeTS3rZ1TQZ4A"/>
    </Dependency>
    <Dependency id="W5qzr310T4GYqOzERQuQqg">
        <type value="endToStart"/>
        <previousActivity idref="BojKVuSqRGOYgxGgZFxGpA"/>
        <nextActivity idref="BrO2nIhNQOCGrRxn2pyhKg"/>
    </Dependency>
    <Dependency id="bR3B-A0FSXKDe1phhiP4yw">
        <type value="endToStart"/>
        <previousActivity idref="_qeO7u2BROeTS3rZ1TQZ4A"/>
        <nextActivity idref="jD6iDLDMSzamgO8zVGrZLg"/>
    </Dependency>
    <Dependency id="ev3x4a4WSImYtsnkWkF2RA">
        <type value="endToStart"/>
        <previousActivity idref="ULCXbfqNRYSSzcqPpXY7gA"/>
        <nextActivity idref="Ep4R-VPEQDecxVyLcVvRCQ"/>
    </Dependency>
    <Dependency id="hMTFmmCARWukm7i7cGjZtQ">
        <type value="endToStart"/>
        <previousActivity idref="VmMPh37VSwGJuE_GEhSH1A"/>
        <nextActivity idref="ULCXbfqNRYSSzcqPpXY7gA"/>
    </Dependency>
    <Dependency id="kJXchDdFQeaN_jB6I02uUQ">
        <type value="endToStart"/>
        <previousActivity idref="bhzGUzgFSsaLJJjmX8He7g"/>
        <nextActivity idref="bWwXPIQhT0qb5eR11DUsfQ"/>
    </Dependency>
    <Dependency id="oyd8szncQyy0xYG1rAO5zA">
        <type value="endToStart"/>
        <previousActivity idref="erhwttLLTFSpAP6zV4aZBg"/>
        <nextActivity idref="uEDYuwscQR-eC8jYX6GFxg"/>
    </Dependency>
    <Dependency id="q1C5yQ23RF-wDrl3LQj02Q">
        <type value="endToStart"/>
        <previousActivity idref="RdyjsjSHRX2bQqhPLVlNjg"/>
        <nextActivity idref="TkLX5u_PSOK3lYdg5NLl-w"/>
    </Dependency>
    <Dependency id="s5ZvKKgeQ5u1MZRS-_DLew">
        <type value="endToStart"/>
        <previousActivity idref="4MPHPRSwQjyF2nZpf5DkAg"/>
        <nextActivity idref="j8JGBp0WQzSbT1vG5HBL7w"/>
    </Dependency>
    <Dependency id="t5oJmIhiS62LJJ6bPC-7vA">
        <type value="endToStart"/>
        <previousActivity idref="6VSXvIVJRuqtyG1rARnUvQ"/>
        <nextActivity idref="5p0jF70lSKqg_POdNH1ekA"/>
    </Dependency>
    <Dependency id="tOqw2u-0S46341gNw68_yA">
        <type value="endToStart"/>
        <previousActivity idref="TkLX5u_PSOK3lYdg5NLl-w"/>
        <nextActivity idref="q8M2nTANSC2Eu_E1IFzMNw"/>
    </Dependency>
    <Dependency id="xKfFGGg9S9OYlYKczbJrwQ">
        <type value="startToStart"/>
        <previousActivity idref="Ep4R-VPEQDecxVyLcVvRCQ"/>
        <nextActivity idref="-hDwUyvzTEemDc3qSzvl8Q"/>
    </Dependency>
    <BaseCalendar id="iWAgnr6PSVyv9IBvXVsqsQ">
        <CalendarWeekDayRule weekDay="sunday">
            <dayTimeInterval startTime="00:00:00" endTime="00:00:00"/>
        </CalendarWeekDayRule>
        <CalendarWeekDayRule weekDay="monday">
            <dayTimeInterval startTime="00:00:00" endTime="00:00:00"/>
        </CalendarWeekDayRule>
        <CalendarWeekDayRule weekDay="tuesday">
            <dayTimeInterval startTime="00:00:00" endTime="00:00:00"/>
        </CalendarWeekDayRule>
        <CalendarWeekDayRule weekDay="wednesday">
            <dayTimeInterval startTime="00:00:00" endTime="00:00:00"/>
        </CalendarWeekDayRule>
        <CalendarWeekDayRule weekDay="thursday">
            <dayTimeInterval startTime="00:00:00" endTime="00:00:00"/>
        </CalendarWeekDayRule>
        <CalendarWeekDayRule weekDay="friday">
            <dayTimeInterval startTime="00:00:00" endTime="00:00:00"/>
        </CalendarWeekDayRule>
        <CalendarWeekDayRule weekDay="saturday">
            <dayTimeInterval startTime="00:00:00" endTime="00:00:00"/>
        </CalendarWeekDayRule>
        <title value="24 hours"/>
    </BaseCalendar>
    <BaseCalendar id="yqG1-JMxTaCsRpIwQ_42TA">
        <CalendarWeekDayRule weekDay="sunday"/>
        <CalendarWeekDayRule weekDay="monday">
            <dayTimeInterval startTime="23:00:00" endTime="00:00:00"/>
        </CalendarWeekDayRule>
        <CalendarWeekDayRule weekDay="tuesday">
            <dayTimeInterval startTime="00:00:00" endTime="03:00:00"/>
            <dayTimeInterval startTime="04:00:00" endTime="08:00:00"/>
            <dayTimeInterval startTime="23:00:00" endTime="00:00:00"/>
        </CalendarWeekDayRule>
        <CalendarWeekDayRule weekDay="wednesday">
            <dayTimeInterval startTime="00:00:00" endTime="03:00:00"/>
            <dayTimeInterval startTime="04:00:00" endTime="08:00:00"/>
            <dayTimeInterval startTime="23:00:00" endTime="00:00:00"/>
        </CalendarWeekDayRule>
        <CalendarWeekDayRule weekDay="thursday">
            <dayTimeInterval startTime="00:00:00" endTime="03:00:00"/>
            <dayTimeInterval startTime="04:00:00" endTime="08:00:00"/>
            <dayTimeInterval startTime="23:00:00" endTime="00:00:00"/>
        </CalendarWeekDayRule>
        <CalendarWeekDayRule weekDay="friday">
            <dayTimeInterval startTime="00:00:00" endTime="03:00:00"/>
            <dayTimeInterval startTime="04:00:00" endTime="08:00:00"/>
            <dayTimeInterval startTime="23:00:00" endTime="00:00:00"/>
        </CalendarWeekDayRule>
        <CalendarWeekDayRule weekDay="saturday">
            <dayTimeInterval startTime="00:00:00" endTime="03:00:00"/>
            <dayTimeInterval startTime="04:00:00" endTime="08:00:00"/>
        </CalendarWeekDayRule>
        <title value="Night Shift"/>
    </BaseCalendar>
    <BaseCalendar id="awk9ZfwYTSycLZgO0zA2Xw">
        <CalendarWeekDayRule weekDay="sunday"/>
        <CalendarWeekDayRule weekDay="monday">
            <dayTimeInterval startTime="08:00:00" endTime="12:00:00"/>
            <dayTimeInterval startTime="13:00:00" endTime="17:00:00"/>
        </CalendarWeekDayRule>
        <CalendarWeekDayRule weekDay="tuesday">
            <dayTimeInterval startTime="08:00:00" endTime="12:00:00"/>
            <dayTimeInterval startTime="13:00:00" endTime="17:00:00"/>
        </CalendarWeekDayRule>
        <CalendarWeekDayRule weekDay="wednesday">
            <dayTimeInterval startTime="08:00:00" endTime="12:00:00"/>
            <dayTimeInterval startTime="13:00:00" endTime="17:00:00"/>
        </CalendarWeekDayRule>
        <CalendarWeekDayRule weekDay="thursday">
            <dayTimeInterval startTime="08:00:00" endTime="12:00:00"/>
            <dayTimeInterval startTime="13:00:00" endTime="17:00:00"/>
        </CalendarWeekDayRule>
        <CalendarWeekDayRule weekDay="friday">
            <dayTimeInterval startTime="08:00:00" endTime="12:00:00"/>
            <dayTimeInterval startTime="13:00:00" endTime="17:00:00"/>
        </CalendarWeekDayRule>
        <CalendarWeekDayRule weekDay="saturday"/>
        <title value="Standard"/>
    </BaseCalendar>
    <ListValueProperty entity="Resource" name="role">
        <ListValue id="d18aJarySJqcUxWp6feFDg" title="Client"/>
        <ListValue id="GAkowOdJRU-_0GW7rHkwxQ" title="Stakeholder"/>
        <ListValue id="lsQZ1anPSv-FiIHuVPWzPA" title="Project Director"/>
        <ListValue id="i688oqdXSTynanp5tmN-9w" title="Project Manager"/>
        <ListValue id="V2QYBFiqRxSf4E2UpQzHJw" title="Task Manager"/>
        <ListValue id="eESWkbvgRxWARj3yAhOIfA" title="Developer"/>
        <ListValue id="woNPk6tPTWuTtOqtaneDEg" title="Engineer"/>
        <ListValue id="afw6mGx_ReapsdKe-Llr4Q" title="Marketing"/>
        <ListValue id="asXMx73eSySkwyzUzVWuxQ" title="Sales"/>
        <ListValue id="_Qd5NP57TG-xVG2HCHOHlQ" title="Support"/>
        <ListValue id="rPZYteR-R5WcFDNXGjqt4Q" title="Team Member"/>
        <ListValue id="nUDvkKEQSD2y-ryL-g6jDA" title="Contractor"/>
        <ListValue id="Gaaws0A6TWmRG12XtmuwSA" title="Consultant"/>
        <ListValue id="2qMZOvDdTxS-37-G62n8XQ" title="Designer"/>
        <ListValue id="gZnAEJ-uTvuye8lVCsnX8A" title="Project Manager"/>
    </ListValueProperty>
    <ListValueProperty entity="File" name="status">
        <ListValue id="A94wJThnTvqsFjBvSTvovg" title="New" attentionLevel="critical"/>
        <ListValue id="vHFpgDMvTCCy2a0sQZ8d1g" title="Draft" attentionLevel="warning"/>
        <ListValue id="mlIQ_SLTSYmLwYrPw3ocKA" title="In Revision" attentionLevel="warning"/>
        <ListValue id="1mYz-SJuRYKJHyL7xcLqzQ" title="Technical Review" attentionLevel="warning"/>
        <ListValue id="9rrdS5DWTY2u5sh09mU7Gg" title="Legal Review" attentionLevel="warning"/>
        <ListValue id="RoFeu542RyiEB1Z_K9_6Pg" title="Checkup by client" attentionLevel="warning"/>
        <ListValue id="xaDDFcIoQWiv0Yhw-aNd_g" title="Rejected" attentionLevel="critical"/>
        <ListValue id="-BfBP4LVR2OoAospU0Nstw" title="Approved" attentionLevel="normal"/>
    </ListValueProperty>
    <ListValueProperty entity="Information" name="kind">
        <ListValue id="CcvkFLERS422Narsf0k1iw" title="By telephone">
            <ListValue id="V46iBQx1Rvi6gppUlWnfVw" title="Outbound" attentionLevel="normal"/>
            <ListValue id="KEcCDxltSVGEDuiLtgSwpA" title="Inbound" attentionLevel="normal"/>
            <ListValue id="d7wW45sYQ1CUmvK1gg3wXQ" title="Please call" attentionLevel="critical"/>
            <ListValue id="cKa0zbrRQxW6DWJ2HbFawQ" title="Will call back" attentionLevel="warning"/>
        </ListValue>
        <ListValue id="iQO5TyUVSL6UA_OBdEtQcw" title="Written">
            <ListValue id="cAX3DzZsT_Sj_MIMK67g4w" title="Email" attentionLevel="normal"/>
            <ListValue id="x7gANCVxQMuBEIq1BY1TXw" title="Fax" attentionLevel="normal"/>
            <ListValue id="EK_oIyEOQ8Op8NIHsJYg-w" title="Letter" attentionLevel="normal"/>
            <ListValue id="QdKmMIYER7ulhhMjAPaz0g" title="Note" attentionLevel="normal"/>
            <ListValue id="sXNacGucQKKr01m2mKVZxQ" title="Invoice" attentionLevel="warning"/>
        </ListValue>
        <ListValue id="L-zBCwoMRzOw8CtbXUAU0Q" title="Personnel">
            <ListValue id="t9DWKxcMSxabSDCaXtfNnw" title="In the office" attentionLevel="normal"/>
            <ListValue id="7avz6dVeTF2H4QOVrWzZtQ" title="With a client" attentionLevel="normal"/>
            <ListValue id="pvYdYHA0TpOln3rmll9s7w" title="Conference" attentionLevel="normal"/>
            <ListValue id="_-L1JXzuTXGsePXxx7hKGg" title="Trade show" attentionLevel="normal"/>
        </ListValue>
        <ListValue id="o-BCIOq7QLeecNSCOa9Ltw" title="Information">
            <ListValue id="f18fmOB9QJyrL2kESePt0A" title="Comment" attentionLevel="normal"/>
        </ListValue>
    </ListValueProperty>
    <ListValueProperty entity="Issue" name="category">
        <ListValue id="W8ies4lmSQ2RfAAFVysrwg" title="Global"/>
        <ListValue id="FUuBCJ-2RVe0aGh-QdhK7w" title="Employees"/>
        <ListValue id="dRgqEfoQRMqkapFNvXfI6A" title="Environment"/>
        <ListValue id="oyz1f_hUTO6mpgEl05OueA" title="Financial"/>
        <ListValue id="hA6ewiRXSsqy-uQIRjh7dQ" title="Technical"/>
    </ListValueProperty>
    <ListValueProperty entity="Issue" name="kind">
        <ListValue id="G9rzHmFPS4utS4Vh6fP0xg" title="Problem"/>
        <ListValue id="p6mH5IJcRvaI09GMkIzyxA" title="Bug"/>
        <ListValue id="H1XiANmPT_i9bqlAHQzftg" title="Change Request"/>
        <ListValue id="FcCOoNv0SvuSPGq2TWDFrQ" title="Feature Request"/>
    </ListValueProperty>
    <ListValueProperty entity="Issue" name="status">
        <ListValue id="bS8XC9D3SOC5Xf_Z-z7ByQ" title="New" attentionLevel="critical"/>
        <ListValue id="JyQvRk_xT1qhlQVoTl8XQw" title="Not assigned" attentionLevel="critical"/>
        <ListValue id="qZM0mcAJQmG0-v52dFRwaQ" title="In progress" attentionLevel="warning"/>
        <ListValue id="WAWpKQCRQrOd1g6akHDgBw" title="Additional information required" attentionLevel="warning"/>
        <ListValue id="kTBGB5G3TU6rVdVUJb6JKg" title="Fixed" attentionLevel="normal"/>
        <ListValue id="wLCRH9K5S0y8gXWxVXzcoA" title="Rejected" attentionLevel="normal"/>
    </ListValueProperty>
    <ListValueProperty entity="Risk" name="riskGroup">
        <ListValue id="T1JmTdqgRlC1sLDlEBne8w" title="Global"/>
        <ListValue id="avFLE9gET5iBZZHZi3FpMg" title="Business"/>
        <ListValue id="OxbluD2hRSS1Flp53cDZRg" title="Employees"/>
        <ListValue id="sif4cGUJQimnTnN8gMWbDA" title="Financial"/>
        <ListValue id="AFAcNkySR6Su3GMVzHTW0g" title="Technical"/>
    </ListValueProperty>
    <ListValueProperty entity="Cost" name="kind">
        <ListValue id="W762g6c-SGWp5fgpvs6Abg" title="Consulting"/>
        <ListValue id="Iv8M2jt1RquEz270K8b30A" title="Charges"/>
        <ListValue id="FejVYNMaT5aUuz1el5Pz6g" title="Materials"/>
        <ListValue id="2yP-dSmaRbOQ6g8flkV9pw" title="Room"/>
    </ListValueProperty>
    <ListValueProperty entity="Cost" name="status">
        <ListValue id="ZYs6hOmjS5aRzltreCht9Q" title="Requested" attentionLevel="warning"/>
        <ListValue id="Bj21Tz5pSyqanyTp4I22_A" title="Approved" attentionLevel="normal"/>
        <ListValue id="nS7czNbWT06YNbV1qdoSLA" title="Invoice received" attentionLevel="critical"/>
        <ListValue id="2el3zpm_T0KE37ICIYzS1w" title="Invoice released" attentionLevel="warning"/>
        <ListValue id="CAjgFFo2TnWNGYWdMsDWDw" title="Invoice paid" attentionLevel="normal"/>
    </ListValueProperty>
    <ListValueProperty entity="TaggableObject" name="tags">
        <ListValue id="2JV5tMyRQIC4goqeP9NudQ" title="Technical"/>
        <ListValue id="5yUAKNeSSnSBM2n8KOsErQ" title="Design"/>
        <ListValue id="XMAM6awaT_yUjUYmz1ncHQ" title="In writing"/>
        <ListValue id="7Vabr5nsT4eqWwM7vfsHuQ" title="PM"/>
        <ListValue id="68yCWoeZRkmuxcB14e9E1Q" title="Client"/>
    </ListValueProperty>
    <CustomAttribute id="95FdItAcQbmESahJtNk_wA" title="Media">
        <targetEntityName value="Activity"/>
        <type value="media"/>
    </CustomAttribute>
</Project>